Thu Apr  3 03:02:14 PM CEST 2025
Creating output file that is 12000P x 12000L.
Processing /spatial_data/Original_Datasets/GHSL/uncompressed/builtup/R2023A/GHS_BUILT_S_E2020_GLOBE_R2023A_4326_3ss_V1_0.tif [1/1] : 0...10...20...30...40...50...60...70...80...90...100 - done.
Creating output file that is 12000P x 12000L.
Processing /spatial_data/Original_Datasets/GHSL/uncompressed/builtup/R2023A/GHS_BUILT_S_E2020_GLOBE_R2023A_4326_3ss_V1_0.tif [1/1] : 0...10...20...30...40...50...60...70...80...90...100 - done.
Creating output file that is 12000P x 12000L.
Processing /spatial_data/Original_Datasets/GHSL/uncompressed/builtup/R2023A/GHS_BUILT_S_E2020_GLOBE_R2023A_4326_3ss_V1_0.tif [1/1] : 0...10...20...30...40...50...60...70...80...90...100 - done.
Creating output file that is 12000P x 12000L.
Processing /spatial_data/Original_Datasets/GHSL/uncompressed/builtup/R2023A/GHS_BUILT_S_E2020_GLOBE_R2023A_4326_3ss_V1_0.tif [1/1] : 0...10...20...30...40...50...60...70...80...90...100 - done.
Creating output file that is 12000P x 12000L.
Processing /spatial_data/Original_Datasets/GHSL/uncompressed/builtup/R2023A/GHS_BUILT_S_E2020_GLOBE_R2023A_4326_3ss_V1_0.tif [1/1] : 0...10...20...30...40...50...60...70...80...90...100 - done.
Creating output file that is 12000P x 12000L.
Processing /spatial_data/Original_Datasets/GHSL/uncompressed/builtup/R2023A/GHS_BUILT_S_E2020_GLOBE_R2023A_4326_3ss_V1_0.tif [1/1] : 0...10...20...30...40...50...60...70...80...90...100 - done.
Creating output file that is 12000P x 12000L.
Processing /spatial_data/Original_Datasets/GHSL/uncompressed/builtup/R2023A/GHS_BUILT_S_E2020_GLOBE_R2023A_4326_3ss_V1_0.tif [1/1] : 0...10...20...30...40...50...60...70...80...90...100 - done.
Creating output file that is 12000P x 12000L.
Processing /spatial_data/Original_Datasets/GHSL/uncompressed/builtup/R2023A/GHS_BUILT_S_E2020_GLOBE_R2023A_4326_3ss_V1_0.tif [1/1] : 0...10...20...30...40...50...60...70...80...90...100 - done.
Creating output file that is 12000P x 12000L.
Processing /spatial_data/Original_Datasets/GHSL/uncompressed/builtup/R2023A/GHS_BUILT_S_E2020_GLOBE_R2023A_4326_3ss_V1_0.tif [1/1] : 0...10...20...30...40...50...60...70...80...90...100 - done.
Creating output file that is 12000P x 12000L.
Processing /spatial_data/Original_Datasets/GHSL/uncompressed/builtup/R2023A/GHS_BUILT_S_E2020_GLOBE_R2023A_4326_3ss_V1_0.tif [1/1] : 0...10...20...30...40...50...60...70...80...90...100 - done.
Creating output file that is 12000P x 12000L.
Processing /spatial_data/Original_Datasets/GHSL/uncompressed/builtup/R2023A/GHS_BUILT_S_E2020_GLOBE_R2023A_4326_3ss_V1_0.tif [1/1] : 0...10...20...30...40...50...60...70...80...90...100 - done.
Creating output file that is 12000P x 12000L.
Processing /spatial_data/Original_Datasets/GHSL/uncompressed/builtup/R2023A/GHS_BUILT_S_E2020_GLOBE_R2023A_4326_3ss_V1_0.tif [1/1] : 0...10...20...30...40...50...60...70...80...90...100 - done.
Creating output file that is 12000P x 12000L.
Processing /spatial_data/Original_Datasets/GHSL/uncompressed/builtup/R2023A/GHS_BUILT_S_E2020_GLOBE_R2023A_4326_3ss_V1_0.tif [1/1] : 0...10...20...30...40...50...60...70...80...90...100 - done.
Creating output file that is 12000P x 12000L.
Processing /spatial_data/Original_Datasets/GHSL/uncompressed/builtup/R2023A/GHS_BUILT_S_E2020_GLOBE_R2023A_4326_3ss_V1_0.tif [1/1] : 0...10...20...30...40...50...60...70...80...90...100 - done.
Creating output file that is 12000P x 12000L.
Processing /spatial_data/Original_Datasets/GHSL/uncompressed/builtup/R2023A/GHS_BUILT_S_E2020_GLOBE_R2023A_4326_3ss_V1_0.tif [1/1] : 0...10...20...30...40...50...60...70...80...90...100 - done.
Creating output file that is 12000P x 12000L.
Processing /spatial_data/Original_Datasets/GHSL/uncompressed/builtup/R2023A/GHS_BUILT_S_E2020_GLOBE_R2023A_4326_3ss_V1_0.tif [1/1] : 0...10...20...30...40...50...60...70...80...90...100 - done.
Creating output file that is 12000P x 12000L.
Processing /spatial_data/Original_Datasets/GHSL/uncompressed/builtup/R2023A/GHS_BUILT_S_E2020_GLOBE_R2023A_4326_3ss_V1_0.tif [1/1] : 0...10...20...30...40...50...60...70...80...90...100 - done.
Creating output file that is 12000P x 12000L.
Processing /spatial_data/Original_Datasets/GHSL/uncompressed/builtup/R2023A/GHS_BUILT_S_E2020_GLOBE_R2023A_4326_3ss_V1_0.tif [1/1] : 0...10...20...30...40...50...60...70...80...90...100 - done.
Creating output file that is 12000P x 12000L.
Processing /spatial_data/Original_Datasets/GHSL/uncompressed/builtup/R2023A/GHS_BUILT_S_E2020_GLOBE_R2023A_4326_3ss_V1_0.tif [1/1] : 0...10...20...30...40...50...60...70...80...90...100 - done.
Creating output file that is 12000P x 12000L.
Processing /spatial_data/Original_Datasets/GHSL/uncompressed/builtup/R2023A/GHS_BUILT_S_E2020_GLOBE_R2023A_4326_3ss_V1_0.tif [1/1] : 0...10...20...30...40...50...60...70...80...90...100 - done.
Creating output file that is 12000P x 12000L.
Processing /spatial_data/Original_Datasets/GHSL/uncompressed/builtup/R2023A/GHS_BUILT_S_E2020_GLOBE_R2023A_4326_3ss_V1_0.tif [1/1] : 0...10...20...30...40...50...60...70...80...90...100 - done.
Creating output file that is 12000P x 12000L.
Processing /spatial_data/Original_Datasets/GHSL/uncompressed/builtup/R2023A/GHS_BUILT_S_E2020_GLOBE_R2023A_4326_3ss_V1_0.tif [1/1] : 0...10...20...30...40...50...60...70...80...90...100 - done.
Creating output file that is 12000P x 12000L.
Processing /spatial_data/Original_Datasets/GHSL/uncompressed/builtup/R2023A/GHS_BUILT_S_E2020_GLOBE_R2023A_4326_3ss_V1_0.tif [1/1] : 0...10...20...30...40...50...60...70...80...90...100 - done.
Creating output file that is 12000P x 12000L.
Processing /spatial_data/Original_Datasets/GHSL/uncompressed/builtup/R2023A/GHS_BUILT_S_E2020_GLOBE_R2023A_4326_3ss_V1_0.tif [1/1] : 0...10...20...30...40...50...60...70...80...90...100 - done.
Creating output file that is 12000P x 12000L.
Processing /spatial_data/Original_Datasets/GHSL/uncompressed/builtup/R2023A/GHS_BUILT_S_E2020_GLOBE_R2023A_4326_3ss_V1_0.tif [1/1] : 0...10...20...30...40...50...60...70...80...90...100 - done.
Creating output file that is 12000P x 12000L.
Processing /spatial_data/Original_Datasets/GHSL/uncompressed/builtup/R2023A/GHS_BUILT_S_E2020_GLOBE_R2023A_4326_3ss_V1_0.tif [1/1] : 0...10...20...30...40...50...60...70...80...90...100 - done.
Creating output file that is 12000P x 12000L.
Processing /spatial_data/Original_Datasets/GHSL/uncompressed/builtup/R2023A/GHS_BUILT_S_E2020_GLOBE_R2023A_4326_3ss_V1_0.tif [1/1] : 0...10...20...30...40...50...60...70...80...90...100 - done.
Creating output file that is 12000P x 12000L.
Processing /spatial_data/Original_Datasets/GHSL/uncompressed/builtup/R2023A/GHS_BUILT_S_E2020_GLOBE_R2023A_4326_3ss_V1_0.tif [1/1] : 0...10...20...30...40...50...60...70...80...90...100 - done.
Creating output file that is 12000P x 12000L.
Processing /spatial_data/Original_Datasets/GHSL/uncompressed/builtup/R2023A/GHS_BUILT_S_E2020_GLOBE_R2023A_4326_3ss_V1_0.tif [1/1] : 0...10...20...30...40...50...60...70...80...90...100 - done.
Creating output file that is 12000P x 12000L.
Processing /spatial_data/Original_Datasets/GHSL/uncompressed/builtup/R2023A/GHS_BUILT_S_E2020_GLOBE_R2023A_4326_3ss_V1_0.tif [1/1] : 0...10...20...30...40...50...60...70...80...90...100 - done.
Creating output file that is 12000P x 12000L.
Processing /spatial_data/Original_Datasets/GHSL/uncompressed/builtup/R2023A/GHS_BUILT_S_E2020_GLOBE_R2023A_4326_3ss_V1_0.tif [1/1] : 0...10...20...30...40...50...60...70...80...90...100 - done.
Creating output file that is 12000P x 12000L.
Processing /spatial_data/Original_Datasets/GHSL/uncompressed/builtup/R2023A/GHS_BUILT_S_E2020_GLOBE_R2023A_4326_3ss_V1_0.tif [1/1] : 0...10...20...30...40...50...60...70...80...90...100 - done.
ERROR 1: Output dataset /spatial_data/Derived_Datasets/RASTER/GHSL/R2023A/builtup/tiles_2020/builtup_tile_32.tif exists,
but some command line options were provided indicating a new dataset
should be created.  Please delete existing dataset and run again.

Creating output file that is 12000P x 12000L.
Processing /spatial_data/Original_Datasets/GHSL/uncompressed/builtup/R2023A/GHS_BUILT_S_E2020_GLOBE_R2023A_4326_3ss_V1_0.tif [1/1] : 0...10...20...30...40...50...60...70...80...90...100 - done.
ERROR 1: Output dataset /spatial_data/Derived_Datasets/RASTER/GHSL/R2023A/builtup/tiles_2020/builtup_tile_33.tif exists,
but some command line options were provided indicating a new dataset
should be created.  Please delete existing dataset and run again.

Creating output file that is 12000P x 12000L.
Processing /spatial_data/Original_Datasets/GHSL/uncompressed/builtup/R2023A/GHS_BUILT_S_E2020_GLOBE_R2023A_4326_3ss_V1_0.tif [1/1] : 0...10...20...30...40...50...60...70...80...90...100 - done.
Creating output file that is 12000P x 12000L.
Processing /spatial_data/Original_Datasets/GHSL/uncompressed/builtup/R2023A/GHS_BUILT_S_E2020_GLOBE_R2023A_4326_3ss_V1_0.tif [1/1] : 0...10...20...30...40...50...60...70...80...90...100 - done.
Creating output file that is 12000P x 12000L.
Processing /spatial_data/Original_Datasets/GHSL/uncompressed/builtup/R2023A/GHS_BUILT_S_E2020_GLOBE_R2023A_4326_3ss_V1_0.tif [1/1] : 0...10...20...30...40...50...60...70...80...90...100 - done.
Creating output file that is 12000P x 12000L.
Processing /spatial_data/Original_Datasets/GHSL/uncompressed/builtup/R2023A/GHS_BUILT_S_E2020_GLOBE_R2023A_4326_3ss_V1_0.tif [1/1] : 0...10...20...30...40...50...60...70...80...90...100 - done.
Creating output file that is 12000P x 12000L.
Processing /spatial_data/Original_Datasets/GHSL/uncompressed/builtup/R2023A/GHS_BUILT_S_E2020_GLOBE_R2023A_4326_3ss_V1_0.tif [1/1] : 0...10...20...30...40...50...60...70...80...90...100 - done.
Creating output file that is 12000P x 12000L.
Processing /spatial_data/Original_Datasets/GHSL/uncompressed/builtup/R2023A/GHS_BUILT_S_E2020_GLOBE_R2023A_4326_3ss_V1_0.tif [1/1] : 0...10...20...30...40...50...60...70...80...90...100 - done.
Creating output file that is 12000P x 12000L.
Processing /spatial_data/Original_Datasets/GHSL/uncompressed/builtup/R2023A/GHS_BUILT_S_E2020_GLOBE_R2023A_4326_3ss_V1_0.tif [1/1] : 0...10...20...30...40...50...60...70...80...90...100 - done.
Creating output file that is 12000P x 12000L.
Processing /spatial_data/Original_Datasets/GHSL/uncompressed/builtup/R2023A/GHS_BUILT_S_E2020_GLOBE_R2023A_4326_3ss_V1_0.tif [1/1] : 0...10...20...30...40...50...60...70...80...90...100 - done.
Creating output file that is 12000P x 12000L.
Processing /spatial_data/Original_Datasets/GHSL/uncompressed/builtup/R2023A/GHS_BUILT_S_E2020_GLOBE_R2023A_4326_3ss_V1_0.tif [1/1] : 0...10...20...30...40...50...60...70...80...90...100 - done.
Creating output file that is 12000P x 12000L.
Processing /spatial_data/Original_Datasets/GHSL/uncompressed/builtup/R2023A/GHS_BUILT_S_E2020_GLOBE_R2023A_4326_3ss_V1_0.tif [1/1] : 0...10...20...30...40...50...60...70...80...90...100 - done.
Creating output file that is 12000P x 12000L.
Processing /spatial_data/Original_Datasets/GHSL/uncompressed/builtup/R2023A/GHS_BUILT_S_E2020_GLOBE_R2023A_4326_3ss_V1_0.tif [1/1] : 0...10...20...30...40...50...60...70...80...90...100 - done.
Creating output file that is 12000P x 12000L.
Processing /spatial_data/Original_Datasets/GHSL/uncompressed/builtup/R2023A/GHS_BUILT_S_E2020_GLOBE_R2023A_4326_3ss_V1_0.tif [1/1] : 0...10...20...30...40...50...60...70...80...90...100 - done.
Creating output file that is 12000P x 12000L.
Processing /spatial_data/Original_Datasets/GHSL/uncompressed/builtup/R2023A/GHS_BUILT_S_E2020_GLOBE_R2023A_4326_3ss_V1_0.tif [1/1] : 0...10...20...30...40...50...60...70...80...90...100 - done.
Creating output file that is 12000P x 12000L.
Processing /spatial_data/Original_Datasets/GHSL/uncompressed/builtup/R2023A/GHS_BUILT_S_E2020_GLOBE_R2023A_4326_3ss_V1_0.tif [1/1] : 0...10...20...30...40...50...60...70...80...90...100 - done.
Creating output file that is 12000P x 12000L.
Processing /spatial_data/Original_Datasets/GHSL/uncompressed/builtup/R2023A/GHS_BUILT_S_E2020_GLOBE_R2023A_4326_3ss_V1_0.tif [1/1] : 0...10...20...30...40...50...60...70...80...90...100 - done.
Creating output file that is 12000P x 12000L.
Processing /spatial_data/Original_Datasets/GHSL/uncompressed/builtup/R2023A/GHS_BUILT_S_E2020_GLOBE_R2023A_4326_3ss_V1_0.tif [1/1] : 0...10...20...30...40...50...60...70...80...90...100 - done.
Creating output file that is 12000P x 12000L.
Processing /spatial_data/Original_Datasets/GHSL/uncompressed/builtup/R2023A/GHS_BUILT_S_E2020_GLOBE_R2023A_4326_3ss_V1_0.tif [1/1] : 0...10...20...30...40...50...60...70...80...90...100 - done.
Creating output file that is 12000P x 12000L.
Processing /spatial_data/Original_Datasets/GHSL/uncompressed/builtup/R2023A/GHS_BUILT_S_E2020_GLOBE_R2023A_4326_3ss_V1_0.tif [1/1] : 0...10...20...30...40...50...60...70...80...90...100 - done.
Creating output file that is 12000P x 12000L.
Processing /spatial_data/Original_Datasets/GHSL/uncompressed/builtup/R2023A/GHS_BUILT_S_E2020_GLOBE_R2023A_4326_3ss_V1_0.tif [1/1] : 0...10...20...30...40...50...60...70...80...90...100 - done.
Creating output file that is 12000P x 12000L.
Processing /spatial_data/Original_Datasets/GHSL/uncompressed/builtup/R2023A/GHS_BUILT_S_E2020_GLOBE_R2023A_4326_3ss_V1_0.tif [1/1] : 0...10...20...30...40...50...60...70...80...90...100 - done.
Creating output file that is 12000P x 12000L.
Processing /spatial_data/Original_Datasets/GHSL/uncompressed/builtup/R2023A/GHS_BUILT_S_E2020_GLOBE_R2023A_4326_3ss_V1_0.tif [1/1] : 0...10...20...30...40...50...60...70...80...90...100 - done.
Creating output file that is 12000P x 12000L.
Processing /spatial_data/Original_Datasets/GHSL/uncompressed/builtup/R2023A/GHS_BUILT_S_E2020_GLOBE_R2023A_4326_3ss_V1_0.tif [1/1] : 0...10...20...30...40...50...60...70...80...90...100 - done.
Creating output file that is 12000P x 12000L.
Processing /spatial_data/Original_Datasets/GHSL/uncompressed/builtup/R2023A/GHS_BUILT_S_E2020_GLOBE_R2023A_4326_3ss_V1_0.tif [1/1] : 0...10...20...30...40...50...60...70...80...90...100 - done.
Creating output file that is 12000P x 12000L.
Processing /spatial_data/Original_Datasets/GHSL/uncompressed/builtup/R2023A/GHS_BUILT_S_E2020_GLOBE_R2023A_4326_3ss_V1_0.tif [1/1] : 0...10...20...30...40...50...60...70...80...90...100 - done.
Creating output file that is 12000P x 12000L.
Processing /spatial_data/Original_Datasets/GHSL/uncompressed/builtup/R2023A/GHS_BUILT_S_E2020_GLOBE_R2023A_4326_3ss_V1_0.tif [1/1] : 0...10...20...30...40...50...60...70...80...90...100 - done.
Creating output file that is 12000P x 12000L.
Processing /spatial_data/Original_Datasets/GHSL/uncompressed/builtup/R2023A/GHS_BUILT_S_E2020_GLOBE_R2023A_4326_3ss_V1_0.tif [1/1] : 0...10...20...30...40...50...60...70...80...90...100 - done.
Creating output file that is 12000P x 12000L.
Processing /spatial_data/Original_Datasets/GHSL/uncompressed/builtup/R2023A/GHS_BUILT_S_E2020_GLOBE_R2023A_4326_3ss_V1_0.tif [1/1] : 0...10...20...30...40...50...60...70...80...90...100 - done.
Creating output file that is 12000P x 12000L.
Processing /spatial_data/Original_Datasets/GHSL/uncompressed/builtup/R2023A/GHS_BUILT_S_E2020_GLOBE_R2023A_4326_3ss_V1_0.tif [1/1] : 0...10...20...30...40...50...60...70...80...90...100 - done.
Creating output file that is 12000P x 12000L.
Processing /spatial_data/Original_Datasets/GHSL/uncompressed/builtup/R2023A/GHS_BUILT_S_E2020_GLOBE_R2023A_4326_3ss_V1_0.tif [1/1] : 0...10...20...30...40...50...60...70...80...90...100 - done.
Creating output file that is 12000P x 12000L.
Processing /spatial_data/Original_Datasets/GHSL/uncompressed/builtup/R2023A/GHS_BUILT_S_E2020_GLOBE_R2023A_4326_3ss_V1_0.tif [1/1] : 0...10...20...30...40...50...60...70...80...90...100 - done.
Creating output file that is 12000P x 12000L.
Processing /spatial_data/Original_Datasets/GHSL/uncompressed/builtup/R2023A/GHS_BUILT_S_E2020_GLOBE_R2023A_4326_3ss_V1_0.tif [1/1] : 0...10...20...30...40...50...60...70...80...90...100 - done.
Creating output file that is 12000P x 12000L.
Processing /spatial_data/Original_Datasets/GHSL/uncompressed/builtup/R2023A/GHS_BUILT_S_E2020_GLOBE_R2023A_4326_3ss_V1_0.tif [1/1] : 0...10...20...30...40...50...60...70...80...90...100 - done.
Creating output file that is 12000P x 12000L.
Processing /spatial_data/Original_Datasets/GHSL/uncompressed/builtup/R2023A/GHS_BUILT_S_E2020_GLOBE_R2023A_4326_3ss_V1_0.tif [1/1] : 0...10...20...30...40...50...60...70...80...90...100 - done.
Creating output file that is 12000P x 12000L.
Processing /spatial_data/Original_Datasets/GHSL/uncompressed/builtup/R2023A/GHS_BUILT_S_E2020_GLOBE_R2023A_4326_3ss_V1_0.tif [1/1] : 0...10...20...30...40...50...60...70...80...90...100 - done.
Creating output file that is 12000P x 12000L.
Processing /spatial_data/Original_Datasets/GHSL/uncompressed/builtup/R2023A/GHS_BUILT_S_E2020_GLOBE_R2023A_4326_3ss_V1_0.tif [1/1] : 0...10...20...30...40...50...60...70...80...90...100 - done.
Creating output file that is 12000P x 12000L.
Processing /spatial_data/Original_Datasets/GHSL/uncompressed/builtup/R2023A/GHS_BUILT_S_E2020_GLOBE_R2023A_4326_3ss_V1_0.tif [1/1] : 0...10...20...30...40...50...60...70...80...90...100 - done.
Creating output file that is 12000P x 12000L.
Processing /spatial_data/Original_Datasets/GHSL/uncompressed/builtup/R2023A/GHS_BUILT_S_E2020_GLOBE_R2023A_4326_3ss_V1_0.tif [1/1] : 0...10...20...30...40...50...60...70...80...90...100 - done.
Creating output file that is 12000P x 12000L.
Processing /spatial_data/Original_Datasets/GHSL/uncompressed/builtup/R2023A/GHS_BUILT_S_E2020_GLOBE_R2023A_4326_3ss_V1_0.tif [1/1] : 0...10...20...30...40...50...60...70...80...90...100 - done.
Creating output file that is 12000P x 12000L.
Processing /spatial_data/Original_Datasets/GHSL/uncompressed/builtup/R2023A/GHS_BUILT_S_E2020_GLOBE_R2023A_4326_3ss_V1_0.tif [1/1] : 0...10...20...30...40...50...60...70...80...90...100 - done.
Creating output file that is 12000P x 12000L.
Processing /spatial_data/Original_Datasets/GHSL/uncompressed/builtup/R2023A/GHS_BUILT_S_E2020_GLOBE_R2023A_4326_3ss_V1_0.tif [1/1] : 0...10...20...30...40...50...60...70...80...90...100 - done.
Creating output file that is 12000P x 12000L.
Processing /spatial_data/Original_Datasets/GHSL/uncompressed/builtup/R2023A/GHS_BUILT_S_E2020_GLOBE_R2023A_4326_3ss_V1_0.tif [1/1] : 0...10...20...30...40...50...60...70...80...90...100 - done.
Creating output file that is 12000P x 12000L.
Processing /spatial_data/Original_Datasets/GHSL/uncompressed/builtup/R2023A/GHS_BUILT_S_E2020_GLOBE_R2023A_4326_3ss_V1_0.tif [1/1] : 0...10...20...30...40...50...60...70...80...90...100 - done.
Creating output file that is 12000P x 12000L.
Processing /spatial_data/Original_Datasets/GHSL/uncompressed/builtup/R2023A/GHS_BUILT_S_E2020_GLOBE_R2023A_4326_3ss_V1_0.tif [1/1] : 0...10...20...30...40...50...60...70...80...90...100 - done.
Creating output file that is 12000P x 12000L.
Processing /spatial_data/Original_Datasets/GHSL/uncompressed/builtup/R2023A/GHS_BUILT_S_E2020_GLOBE_R2023A_4326_3ss_V1_0.tif [1/1] : 0...10...20...30...40...50...60...70...80...90...100 - done.
Creating output file that is 12000P x 12000L.
Processing /spatial_data/Original_Datasets/GHSL/uncompressed/builtup/R2023A/GHS_BUILT_S_E2020_GLOBE_R2023A_4326_3ss_V1_0.tif [1/1] : 0...10...20...30...40...50...60...70...80...90...100 - done.
Creating output file that is 12000P x 12000L.
Processing /spatial_data/Original_Datasets/GHSL/uncompressed/builtup/R2023A/GHS_BUILT_S_E2020_GLOBE_R2023A_4326_3ss_V1_0.tif [1/1] : 0...10...20...30...40...50...60...70...80...90...100 - done.
Creating output file that is 12000P x 12000L.
Processing /spatial_data/Original_Datasets/GHSL/uncompressed/builtup/R2023A/GHS_BUILT_S_E2020_GLOBE_R2023A_4326_3ss_V1_0.tif [1/1] : 0...10...20...30...40...50...60...70...80...90...100 - done.
Creating output file that is 12000P x 12000L.
Processing /spatial_data/Original_Datasets/GHSL/uncompressed/builtup/R2023A/GHS_BUILT_S_E2020_GLOBE_R2023A_4326_3ss_V1_0.tif [1/1] : 0...10...20...30...40...50...60...70...80...90...100 - done.
Creating output file that is 12000P x 12000L.
Processing /spatial_data/Original_Datasets/GHSL/uncompressed/builtup/R2023A/GHS_BUILT_S_E2020_GLOBE_R2023A_4326_3ss_V1_0.tif [1/1] : 0...10...20...30...40...50...60...70...80...90...100 - done.
Creating output file that is 12000P x 12000L.
Processing /spatial_data/Original_Datasets/GHSL/uncompressed/builtup/R2023A/GHS_BUILT_S_E2020_GLOBE_R2023A_4326_3ss_V1_0.tif [1/1] : 0...10...20...30...40...50...60...70...80...90...100 - done.
Creating output file that is 12000P x 12000L.
Processing /spatial_data/Original_Datasets/GHSL/uncompressed/builtup/R2023A/GHS_BUILT_S_E2020_GLOBE_R2023A_4326_3ss_V1_0.tif [1/1] : 0...10...20...30...40...50...60...70...80...90...100 - done.
Creating output file that is 12000P x 12000L.
Processing /spatial_data/Original_Datasets/GHSL/uncompressed/builtup/R2023A/GHS_BUILT_S_E2020_GLOBE_R2023A_4326_3ss_V1_0.tif [1/1] : 0...10...20...30...40...50...60...70...80...90...100 - done.
Creating output file that is 12000P x 12000L.
Processing /spatial_data/Original_Datasets/GHSL/uncompressed/builtup/R2023A/GHS_BUILT_S_E2020_GLOBE_R2023A_4326_3ss_V1_0.tif [1/1] : 0...10...20...30...40...50...60...70...80...90...100 - done.
Creating output file that is 12000P x 12000L.
Processing /spatial_data/Original_Datasets/GHSL/uncompressed/builtup/R2023A/GHS_BUILT_S_E2020_GLOBE_R2023A_4326_3ss_V1_0.tif [1/1] : 0...10...20...30...40...50...60...70...80...90...100 - done.
Creating output file that is 12000P x 12000L.
Processing /spatial_data/Original_Datasets/GHSL/uncompressed/builtup/R2023A/GHS_BUILT_S_E2020_GLOBE_R2023A_4326_3ss_V1_0.tif [1/1] : 0...10...20...30...40...50...60...70...80...90...100 - done.
Creating output file that is 12000P x 12000L.
Processing /spatial_data/Original_Datasets/GHSL/uncompressed/builtup/R2023A/GHS_BUILT_S_E2020_GLOBE_R2023A_4326_3ss_V1_0.tif [1/1] : 0...10...20...30...40...50...60...70...80...90...100 - done.
Creating output file that is 12000P x 12000L.
Processing /spatial_data/Original_Datasets/GHSL/uncompressed/builtup/R2023A/GHS_BUILT_S_E2020_GLOBE_R2023A_4326_3ss_V1_0.tif [1/1] : 0...10...20...30...40...50...60...70...80...90...100 - done.
Creating output file that is 12000P x 12000L.
Processing /spatial_data/Original_Datasets/GHSL/uncompressed/builtup/R2023A/GHS_BUILT_S_E2020_GLOBE_R2023A_4326_3ss_V1_0.tif [1/1] : 0...10...20...30...40...50...60...70...80...90...100 - done.
Creating output file that is 12000P x 12000L.
Processing /spatial_data/Original_Datasets/GHSL/uncompressed/builtup/R2023A/GHS_BUILT_S_E2020_GLOBE_R2023A_4326_3ss_V1_0.tif [1/1] : 0...10...20...30...40...50...60...70...80...90...100 - done.
Creating output file that is 12000P x 12000L.
Processing /spatial_data/Original_Datasets/GHSL/uncompressed/builtup/R2023A/GHS_BUILT_S_E2020_GLOBE_R2023A_4326_3ss_V1_0.tif [1/1] : 0...10...20...30...40...50...60...70...80...90...100 - done.
Creating output file that is 12000P x 12000L.
Processing /spatial_data/Original_Datasets/GHSL/uncompressed/builtup/R2023A/GHS_BUILT_S_E2020_GLOBE_R2023A_4326_3ss_V1_0.tif [1/1] : 0...10...20...30...40...50...60...70...80...90...100 - done.
Creating output file that is 12000P x 12000L.
Processing /spatial_data/Original_Datasets/GHSL/uncompressed/builtup/R2023A/GHS_BUILT_S_E2020_GLOBE_R2023A_4326_3ss_V1_0.tif [1/1] : 0...10...20...30...40...50...60...70...80...90...100 - done.
Creating output file that is 12000P x 12000L.
Processing /spatial_data/Original_Datasets/GHSL/uncompressed/builtup/R2023A/GHS_BUILT_S_E2020_GLOBE_R2023A_4326_3ss_V1_0.tif [1/1] : 0...10...20...30...40...50...60...70...80...90...100 - done.
Creating output file that is 12000P x 12000L.
Processing /spatial_data/Original_Datasets/GHSL/uncompressed/builtup/R2023A/GHS_BUILT_S_E2020_GLOBE_R2023A_4326_3ss_V1_0.tif [1/1] : 0...10...20...30...40...50...60...70...80...90...100 - done.
Creating output file that is 12000P x 12000L.
Processing /spatial_data/Original_Datasets/GHSL/uncompressed/builtup/R2023A/GHS_BUILT_S_E2020_GLOBE_R2023A_4326_3ss_V1_0.tif [1/1] : 0...10...20...30...40...50...60...70...80...90...100 - done.
Creating output file that is 12000P x 12000L.
Processing /spatial_data/Original_Datasets/GHSL/uncompressed/builtup/R2023A/GHS_BUILT_S_E2020_GLOBE_R2023A_4326_3ss_V1_0.tif [1/1] : 0...10...20...30...40...50...60...70...80...90...100 - done.
Creating output file that is 12000P x 12000L.
Processing /spatial_data/Original_Datasets/GHSL/uncompressed/builtup/R2023A/GHS_BUILT_S_E2020_GLOBE_R2023A_4326_3ss_V1_0.tif [1/1] : 0...10...20...30...40...50...60...70...80...90...100 - done.
Creating output file that is 12000P x 12000L.
Processing /spatial_data/Original_Datasets/GHSL/uncompressed/builtup/R2023A/GHS_BUILT_S_E2020_GLOBE_R2023A_4326_3ss_V1_0.tif [1/1] : 0...10...20...30...40...50...60...70...80...90...100 - done.
Creating output file that is 12000P x 12000L.
Processing /spatial_data/Original_Datasets/GHSL/uncompressed/builtup/R2023A/GHS_BUILT_S_E2020_GLOBE_R2023A_4326_3ss_V1_0.tif [1/1] : 0...10...20...30...40...50...60...70...80...90...100 - done.
Creating output file that is 12000P x 12000L.
Processing /spatial_data/Original_Datasets/GHSL/uncompressed/builtup/R2023A/GHS_BUILT_S_E2020_GLOBE_R2023A_4326_3ss_V1_0.tif [1/1] : 0...10...20...30...40...50...60...70...80...90...100 - done.
Creating output file that is 12000P x 12000L.
Processing /spatial_data/Original_Datasets/GHSL/uncompressed/builtup/R2023A/GHS_BUILT_S_E2020_GLOBE_R2023A_4326_3ss_V1_0.tif [1/1] : 0...10...20...30...40...50...60...70...80...90...100 - done.
Creating output file that is 12000P x 12000L.
Processing /spatial_data/Original_Datasets/GHSL/uncompressed/builtup/R2023A/GHS_BUILT_S_E2020_GLOBE_R2023A_4326_3ss_V1_0.tif [1/1] : 0...10...20...30...40...50...60...70...80...90...100 - done.
Creating output file that is 12000P x 12000L.
Processing /spatial_data/Original_Datasets/GHSL/uncompressed/builtup/R2023A/GHS_BUILT_S_E2020_GLOBE_R2023A_4326_3ss_V1_0.tif [1/1] : 0...10...20...30...40...50...60...70...80...90...100 - done.
Creating output file that is 12000P x 12000L.
Processing /spatial_data/Original_Datasets/GHSL/uncompressed/builtup/R2023A/GHS_BUILT_S_E2020_GLOBE_R2023A_4326_3ss_V1_0.tif [1/1] : 0...10...20...30...40...50...60...70...80...90...100 - done.
Creating output file that is 12000P x 12000L.
Processing /spatial_data/Original_Datasets/GHSL/uncompressed/builtup/R2023A/GHS_BUILT_S_E2020_GLOBE_R2023A_4326_3ss_V1_0.tif [1/1] : 0...10...20...30...40...50...60...70...80...90...100 - done.
Creating output file that is 12000P x 12000L.
Processing /spatial_data/Original_Datasets/GHSL/uncompressed/builtup/R2023A/GHS_BUILT_S_E2020_GLOBE_R2023A_4326_3ss_V1_0.tif [1/1] : 0...10...20...30...40...50...60...70...80...90...100 - done.
Creating output file that is 12000P x 12000L.
Processing /spatial_data/Original_Datasets/GHSL/uncompressed/builtup/R2023A/GHS_BUILT_S_E2020_GLOBE_R2023A_4326_3ss_V1_0.tif [1/1] : 0...10...20...30...40...50...60...70...80...90...100 - done.
Creating output file that is 12000P x 12000L.
Processing /spatial_data/Original_Datasets/GHSL/uncompressed/builtup/R2023A/GHS_BUILT_S_E2020_GLOBE_R2023A_4326_3ss_V1_0.tif [1/1] : 0...10...20...30...40...50...60...70...80...90...100 - done.
Creating output file that is 12000P x 12000L.
Processing /spatial_data/Original_Datasets/GHSL/uncompressed/builtup/R2023A/GHS_BUILT_S_E2020_GLOBE_R2023A_4326_3ss_V1_0.tif [1/1] : 0...10...20...30...40...50...60...70...80...90...100 - done.
Creating output file that is 12000P x 12000L.
Processing /spatial_data/Original_Datasets/GHSL/uncompressed/builtup/R2023A/GHS_BUILT_S_E2020_GLOBE_R2023A_4326_3ss_V1_0.tif [1/1] : 0...10...20...30...40...50...60...70...80...90...100 - done.
Creating output file that is 12000P x 12000L.
Processing /spatial_data/Original_Datasets/GHSL/uncompressed/builtup/R2023A/GHS_BUILT_S_E2020_GLOBE_R2023A_4326_3ss_V1_0.tif [1/1] : 0...10...20...30...40...50...60...70...80...90...100 - done.
Creating output file that is 12000P x 12000L.
Processing /spatial_data/Original_Datasets/GHSL/uncompressed/builtup/R2023A/GHS_BUILT_S_E2020_GLOBE_R2023A_4326_3ss_V1_0.tif [1/1] : 0...10...20...30...40...50...60...70...80...90...100 - done.
Creating output file that is 12000P x 12000L.
Processing /spatial_data/Original_Datasets/GHSL/uncompressed/builtup/R2023A/GHS_BUILT_S_E2020_GLOBE_R2023A_4326_3ss_V1_0.tif [1/1] : 0...10...20...30...40...50...60...70...80...90...100 - done.
Creating output file that is 12000P x 12000L.
Processing /spatial_data/Original_Datasets/GHSL/uncompressed/builtup/R2023A/GHS_BUILT_S_E2020_GLOBE_R2023A_4326_3ss_V1_0.tif [1/1] : 0...10...20...30...40...50...60...70...80...90...100 - done.
Creating output file that is 12000P x 12000L.
Processing /spatial_data/Original_Datasets/GHSL/uncompressed/builtup/R2023A/GHS_BUILT_S_E2020_GLOBE_R2023A_4326_3ss_V1_0.tif [1/1] : 0...10...20...30...40...50...60...70...80...90...100 - done.
Creating output file that is 12000P x 12000L.
Processing /spatial_data/Original_Datasets/GHSL/uncompressed/builtup/R2023A/GHS_BUILT_S_E2020_GLOBE_R2023A_4326_3ss_V1_0.tif [1/1] : 0...10...20...30...40...50...60...70...80...90...100 - done.
Creating output file that is 12000P x 12000L.
Processing /spatial_data/Original_Datasets/GHSL/uncompressed/builtup/R2023A/GHS_BUILT_S_E2020_GLOBE_R2023A_4326_3ss_V1_0.tif [1/1] : 0...10...20...30...40...50...60...70...80...90...100 - done.
Creating output file that is 12000P x 12000L.
Processing /spatial_data/Original_Datasets/GHSL/uncompressed/builtup/R2023A/GHS_BUILT_S_E2020_GLOBE_R2023A_4326_3ss_V1_0.tif [1/1] : 0...10...20...30...40...50...60...70...80...90...100 - done.
Creating output file that is 12000P x 12000L.
Processing /spatial_data/Original_Datasets/GHSL/uncompressed/builtup/R2023A/GHS_BUILT_S_E2020_GLOBE_R2023A_4326_3ss_V1_0.tif [1/1] : 0...10...20...30...40...50...60...70...80...90...100 - done.
Creating output file that is 12000P x 12000L.
Processing /spatial_data/Original_Datasets/GHSL/uncompressed/builtup/R2023A/GHS_BUILT_S_E2020_GLOBE_R2023A_4326_3ss_V1_0.tif [1/1] : 0...10...20...30...40...50...60...70...80...90...100 - done.
Creating output file that is 12000P x 12000L.
Processing /spatial_data/Original_Datasets/GHSL/uncompressed/builtup/R2023A/GHS_BUILT_S_E2020_GLOBE_R2023A_4326_3ss_V1_0.tif [1/1] : 0...10...20...30...40...50...60...70...80...90...100 - done.
Creating output file that is 12000P x 12000L.
Processing /spatial_data/Original_Datasets/GHSL/uncompressed/builtup/R2023A/GHS_BUILT_S_E2020_GLOBE_R2023A_4326_3ss_V1_0.tif [1/1] : 0...10...20...30...40...50...60...70...80...90...100 - done.
ERROR 1: Output dataset /spatial_data/Derived_Datasets/RASTER/GHSL/R2023A/builtup/tiles_2020/builtup_tile_132.tif exists,
but some command line options were provided indicating a new dataset
should be created.  Please delete existing dataset and run again.

Creating output file that is 12000P x 12000L.
Processing /spatial_data/Original_Datasets/GHSL/uncompressed/builtup/R2023A/GHS_BUILT_S_E2020_GLOBE_R2023A_4326_3ss_V1_0.tif [1/1] : 0...10...20...30...40...50...60...70...80...90...100 - done.
Creating output file that is 12000P x 12000L.
Processing /spatial_data/Original_Datasets/GHSL/uncompressed/builtup/R2023A/GHS_BUILT_S_E2020_GLOBE_R2023A_4326_3ss_V1_0.tif [1/1] : 0...10...20...30...40...50...60...70...80...90...100 - done.
ERROR 1: Output dataset /spatial_data/Derived_Datasets/RASTER/GHSL/R2023A/builtup/tiles_2020/builtup_tile_134.tif exists,
but some command line options were provided indicating a new dataset
should be created.  Please delete existing dataset and run again.

Creating output file that is 12000P x 12000L.
Processing /spatial_data/Original_Datasets/GHSL/uncompressed/builtup/R2023A/GHS_BUILT_S_E2020_GLOBE_R2023A_4326_3ss_V1_0.tif [1/1] : 0...10...20...30...40...50...60...70...80...90...100 - done.
Creating output file that is 12000P x 12000L.
Processing /spatial_data/Original_Datasets/GHSL/uncompressed/builtup/R2023A/GHS_BUILT_S_E2020_GLOBE_R2023A_4326_3ss_V1_0.tif [1/1] : 0...10...20...30...40...50...60...70...80...90...100 - done.
Creating output file that is 12000P x 12000L.
Processing /spatial_data/Original_Datasets/GHSL/uncompressed/builtup/R2023A/GHS_BUILT_S_E2020_GLOBE_R2023A_4326_3ss_V1_0.tif [1/1] : 0...10...20...30...40...50...60...70...80...90...100 - done.
Creating output file that is 12000P x 12000L.
Processing /spatial_data/Original_Datasets/GHSL/uncompressed/builtup/R2023A/GHS_BUILT_S_E2020_GLOBE_R2023A_4326_3ss_V1_0.tif [1/1] : 0...10...20...30...40...50...60...70...80...90...100 - done.
Creating output file that is 12000P x 12000L.
Processing /spatial_data/Original_Datasets/GHSL/uncompressed/builtup/R2023A/GHS_BUILT_S_E2020_GLOBE_R2023A_4326_3ss_V1_0.tif [1/1] : 0...10...20...30...40...50...60...70...80...90...100 - done.
Creating output file that is 12000P x 12000L.
Processing /spatial_data/Original_Datasets/GHSL/uncompressed/builtup/R2023A/GHS_BUILT_S_E2020_GLOBE_R2023A_4326_3ss_V1_0.tif [1/1] : 0...10...20...30...40...50...60...70...80...90...100 - done.
Creating output file that is 12000P x 12000L.
Processing /spatial_data/Original_Datasets/GHSL/uncompressed/builtup/R2023A/GHS_BUILT_S_E2020_GLOBE_R2023A_4326_3ss_V1_0.tif [1/1] : 0...10...20...30...40...50...60...70...80...90...100 - done.
Creating output file that is 12000P x 12000L.
Processing /spatial_data/Original_Datasets/GHSL/uncompressed/builtup/R2023A/GHS_BUILT_S_E2020_GLOBE_R2023A_4326_3ss_V1_0.tif [1/1] : 0...10...20...30...40...50...60...70...80...90...100 - done.
Creating output file that is 12000P x 12000L.
Processing /spatial_data/Original_Datasets/GHSL/uncompressed/builtup/R2023A/GHS_BUILT_S_E2020_GLOBE_R2023A_4326_3ss_V1_0.tif [1/1] : 0...10...20...30...40...50...60...70...80...90...100 - done.
Creating output file that is 12000P x 12000L.
Processing /spatial_data/Original_Datasets/GHSL/uncompressed/builtup/R2023A/GHS_BUILT_S_E2020_GLOBE_R2023A_4326_3ss_V1_0.tif [1/1] : 0...10...20...30...40...50...60...70...80...90...100 - done.
Creating output file that is 12000P x 12000L.
Processing /spatial_data/Original_Datasets/GHSL/uncompressed/builtup/R2023A/GHS_BUILT_S_E2020_GLOBE_R2023A_4326_3ss_V1_0.tif [1/1] : 0...10...20...30...40...50...60...70...80...90...100 - done.
Creating output file that is 12000P x 12000L.
Processing /spatial_data/Original_Datasets/GHSL/uncompressed/builtup/R2023A/GHS_BUILT_S_E2020_GLOBE_R2023A_4326_3ss_V1_0.tif [1/1] : 0...10...20...30...40...50...60...70...80...90...100 - done.
Creating output file that is 12000P x 12000L.
Processing /spatial_data/Original_Datasets/GHSL/uncompressed/builtup/R2023A/GHS_BUILT_S_E2020_GLOBE_R2023A_4326_3ss_V1_0.tif [1/1] : 0...10...20...30...40...50...60...70...80...90...100 - done.
Creating output file that is 12000P x 12000L.
Processing /spatial_data/Original_Datasets/GHSL/uncompressed/builtup/R2023A/GHS_BUILT_S_E2020_GLOBE_R2023A_4326_3ss_V1_0.tif [1/1] : 0...10...20...30...40...50...60...70...80...90...100 - done.
Creating output file that is 12000P x 12000L.
Processing /spatial_data/Original_Datasets/GHSL/uncompressed/builtup/R2023A/GHS_BUILT_S_E2020_GLOBE_R2023A_4326_3ss_V1_0.tif [1/1] : 0...10...20...30...40...50...60...70...80...90...100 - done.
Creating output file that is 12000P x 12000L.
Processing /spatial_data/Original_Datasets/GHSL/uncompressed/builtup/R2023A/GHS_BUILT_S_E2020_GLOBE_R2023A_4326_3ss_V1_0.tif [1/1] : 0...10...20...30...40...50...60...70...80...90...100 - done.
Creating output file that is 12000P x 12000L.
Processing /spatial_data/Original_Datasets/GHSL/uncompressed/builtup/R2023A/GHS_BUILT_S_E2020_GLOBE_R2023A_4326_3ss_V1_0.tif [1/1] : 0...10...20...30...40...50...60...70...80...90...100 - done.
Creating output file that is 12000P x 12000L.
Processing /spatial_data/Original_Datasets/GHSL/uncompressed/builtup/R2023A/GHS_BUILT_S_E2020_GLOBE_R2023A_4326_3ss_V1_0.tif [1/1] : 0...10...20...30...40...50...60...70...80...90...100 - done.
Creating output file that is 12000P x 12000L.
Processing /spatial_data/Original_Datasets/GHSL/uncompressed/builtup/R2023A/GHS_BUILT_S_E2020_GLOBE_R2023A_4326_3ss_V1_0.tif [1/1] : 0...10...20...30...40...50...60...70...80...90...100 - done.
Creating output file that is 12000P x 12000L.
Processing /spatial_data/Original_Datasets/GHSL/uncompressed/builtup/R2023A/GHS_BUILT_S_E2020_GLOBE_R2023A_4326_3ss_V1_0.tif [1/1] : 0...10...20...30...40...50...60...70...80...90...100 - done.
Creating output file that is 12000P x 12000L.
Processing /spatial_data/Original_Datasets/GHSL/uncompressed/builtup/R2023A/GHS_BUILT_S_E2020_GLOBE_R2023A_4326_3ss_V1_0.tif [1/1] : 0...10...20...30...40...50...60...70...80...90...100 - done.
Creating output file that is 12000P x 12000L.
Processing /spatial_data/Original_Datasets/GHSL/uncompressed/builtup/R2023A/GHS_BUILT_S_E2020_GLOBE_R2023A_4326_3ss_V1_0.tif [1/1] : 0...10...20...30...40...50...60...70...80...90...100 - done.
Creating output file that is 12000P x 12000L.
Processing /spatial_data/Original_Datasets/GHSL/uncompressed/builtup/R2023A/GHS_BUILT_S_E2020_GLOBE_R2023A_4326_3ss_V1_0.tif [1/1] : 0...10...20...30...40...50...60...70...80...90...100 - done.
Creating output file that is 12000P x 12000L.
Processing /spatial_data/Original_Datasets/GHSL/uncompressed/builtup/R2023A/GHS_BUILT_S_E2020_GLOBE_R2023A_4326_3ss_V1_0.tif [1/1] : 0...10...20...30...40...50...60...70...80...90...100 - done.
Creating output file that is 12000P x 12000L.
Processing /spatial_data/Original_Datasets/GHSL/uncompressed/builtup/R2023A/GHS_BUILT_S_E2020_GLOBE_R2023A_4326_3ss_V1_0.tif [1/1] : 0...10...20...30...40...50...60...70...80...90...100 - done.
Creating output file that is 12000P x 12000L.
Processing /spatial_data/Original_Datasets/GHSL/uncompressed/builtup/R2023A/GHS_BUILT_S_E2020_GLOBE_R2023A_4326_3ss_V1_0.tif [1/1] : 0...10...20...30...40...50...60...70...80...90...100 - done.
Creating output file that is 12000P x 12000L.
Processing /spatial_data/Original_Datasets/GHSL/uncompressed/builtup/R2023A/GHS_BUILT_S_E2020_GLOBE_R2023A_4326_3ss_V1_0.tif [1/1] : 0...10...20...30...40...50...60...70...80...90...100 - done.
Creating output file that is 12000P x 12000L.
Processing /spatial_data/Original_Datasets/GHSL/uncompressed/builtup/R2023A/GHS_BUILT_S_E2020_GLOBE_R2023A_4326_3ss_V1_0.tif [1/1] : 0...10...20...30...40...50...60...70...80...90...100 - done.
Creating output file that is 12000P x 12000L.
Processing /spatial_data/Original_Datasets/GHSL/uncompressed/builtup/R2023A/GHS_BUILT_S_E2020_GLOBE_R2023A_4326_3ss_V1_0.tif [1/1] : 0...10...20...30...40...50...60...70...80...90...100 - done.
Creating output file that is 12000P x 12000L.
Processing /spatial_data/Original_Datasets/GHSL/uncompressed/builtup/R2023A/GHS_BUILT_S_E2020_GLOBE_R2023A_4326_3ss_V1_0.tif [1/1] : 0...10...20...30...40...50...60...70...80...90...100 - done.
Creating output file that is 12000P x 12000L.
Processing /spatial_data/Original_Datasets/GHSL/uncompressed/builtup/R2023A/GHS_BUILT_S_E2020_GLOBE_R2023A_4326_3ss_V1_0.tif [1/1] : 0...10...20...30...40...50...60...70...80...90...100 - done.
Creating output file that is 12000P x 12000L.
Processing /spatial_data/Original_Datasets/GHSL/uncompressed/builtup/R2023A/GHS_BUILT_S_E2020_GLOBE_R2023A_4326_3ss_V1_0.tif [1/1] : 0...10...20...30...40...50...60...70...80...90...100 - done.
Creating output file that is 12000P x 12000L.
Processing /spatial_data/Original_Datasets/GHSL/uncompressed/builtup/R2023A/GHS_BUILT_S_E2020_GLOBE_R2023A_4326_3ss_V1_0.tif [1/1] : 0...10...20...30...40...50...60...70...80...90...100 - done.
Creating output file that is 12000P x 12000L.
Processing /spatial_data/Original_Datasets/GHSL/uncompressed/builtup/R2023A/GHS_BUILT_S_E2020_GLOBE_R2023A_4326_3ss_V1_0.tif [1/1] : 0...10...20...30...40...50...60...70...80...90...100 - done.
Creating output file that is 12000P x 12000L.
Processing /spatial_data/Original_Datasets/GHSL/uncompressed/builtup/R2023A/GHS_BUILT_S_E2020_GLOBE_R2023A_4326_3ss_V1_0.tif [1/1] : 0...10...20...30...40...50...60...70...80...90...100 - done.
Creating output file that is 12000P x 12000L.
Processing /spatial_data/Original_Datasets/GHSL/uncompressed/builtup/R2023A/GHS_BUILT_S_E2020_GLOBE_R2023A_4326_3ss_V1_0.tif [1/1] : 0...10...20...30...40...50...60...70...80...90...100 - done.
Creating output file that is 12000P x 12000L.
Processing /spatial_data/Original_Datasets/GHSL/uncompressed/builtup/R2023A/GHS_BUILT_S_E2020_GLOBE_R2023A_4326_3ss_V1_0.tif [1/1] : 0...10...20...30...40...50...60...70...80...90...100 - done.
ERROR 1: Output dataset /spatial_data/Derived_Datasets/RASTER/GHSL/R2023A/builtup/tiles_2020/builtup_tile_152.tif exists,
but some command line options were provided indicating a new dataset
should be created.  Please delete existing dataset and run again.

Creating output file that is 12000P x 12000L.
Processing /spatial_data/Original_Datasets/GHSL/uncompressed/builtup/R2023A/GHS_BUILT_S_E2020_GLOBE_R2023A_4326_3ss_V1_0.tif [1/1] : 0...10...20...30...40...50...60...70...80...90...100 - done.
Creating output file that is 12000P x 12000L.
Processing /spatial_data/Original_Datasets/GHSL/uncompressed/builtup/R2023A/GHS_BUILT_S_E2020_GLOBE_R2023A_4326_3ss_V1_0.tif [1/1] : 0...10...20...30...40...50...60...70...80...90...100 - done.
Creating output file that is 12000P x 12000L.
Processing /spatial_data/Original_Datasets/GHSL/uncompressed/builtup/R2023A/GHS_BUILT_S_E2020_GLOBE_R2023A_4326_3ss_V1_0.tif [1/1] : 0...10...20...30...40...50...60...70...80...90...100 - done.
Creating output file that is 12000P x 12000L.
Processing /spatial_data/Original_Datasets/GHSL/uncompressed/builtup/R2023A/GHS_BUILT_S_E2020_GLOBE_R2023A_4326_3ss_V1_0.tif [1/1] : 0...10...20...30...40...50...60...70...80...90...100 - done.
Creating output file that is 12000P x 12000L.
Processing /spatial_data/Original_Datasets/GHSL/uncompressed/builtup/R2023A/GHS_BUILT_S_E2020_GLOBE_R2023A_4326_3ss_V1_0.tif [1/1] : 0...10...20...30...40...50...60...70...80...90...100 - done.
Creating output file that is 12000P x 12000L.
Processing /spatial_data/Original_Datasets/GHSL/uncompressed/builtup/R2023A/GHS_BUILT_S_E2020_GLOBE_R2023A_4326_3ss_V1_0.tif [1/1] : 0...10...20...30...40...50...60...70...80...90...100 - done.
Creating output file that is 12000P x 12000L.
Processing /spatial_data/Original_Datasets/GHSL/uncompressed/builtup/R2023A/GHS_BUILT_S_E2020_GLOBE_R2023A_4326_3ss_V1_0.tif [1/1] : 0...10...20...30...40...50...60...70...80...90...100 - done.
Creating output file that is 12000P x 12000L.
Processing /spatial_data/Original_Datasets/GHSL/uncompressed/builtup/R2023A/GHS_BUILT_S_E2020_GLOBE_R2023A_4326_3ss_V1_0.tif [1/1] : 0...10...20...30...40...50...60...70...80...90...100 - done.
Creating output file that is 12000P x 12000L.
Processing /spatial_data/Original_Datasets/GHSL/uncompressed/builtup/R2023A/GHS_BUILT_S_E2020_GLOBE_R2023A_4326_3ss_V1_0.tif [1/1] : 0...10...20...30...40...50...60...70...80...90...100 - done.
Creating output file that is 12000P x 12000L.
Processing /spatial_data/Original_Datasets/GHSL/uncompressed/builtup/R2023A/GHS_BUILT_S_E2020_GLOBE_R2023A_4326_3ss_V1_0.tif [1/1] : 0...10...20...30...40...50...60...70...80...90...100 - done.
Creating output file that is 12000P x 12000L.
Processing /spatial_data/Original_Datasets/GHSL/uncompressed/builtup/R2023A/GHS_BUILT_S_E2020_GLOBE_R2023A_4326_3ss_V1_0.tif [1/1] : 0...10...20...30...40...50...60...70...80...90...100 - done.
Creating output file that is 12000P x 12000L.
Processing /spatial_data/Original_Datasets/GHSL/uncompressed/builtup/R2023A/GHS_BUILT_S_E2020_GLOBE_R2023A_4326_3ss_V1_0.tif [1/1] : 0...10...20...30...40...50...60...70...80...90...100 - done.
Creating output file that is 12000P x 12000L.
Processing /spatial_data/Original_Datasets/GHSL/uncompressed/builtup/R2023A/GHS_BUILT_S_E2020_GLOBE_R2023A_4326_3ss_V1_0.tif [1/1] : 0...10...20...30...40...50...60...70...80...90...100 - done.
Creating output file that is 12000P x 12000L.
Processing /spatial_data/Original_Datasets/GHSL/uncompressed/builtup/R2023A/GHS_BUILT_S_E2020_GLOBE_R2023A_4326_3ss_V1_0.tif [1/1] : 0...10...20...30...40...50...60...70...80...90...100 - done.
Creating output file that is 12000P x 12000L.
Processing /spatial_data/Original_Datasets/GHSL/uncompressed/builtup/R2023A/GHS_BUILT_S_E2020_GLOBE_R2023A_4326_3ss_V1_0.tif [1/1] : 0...10...20...30...40...50...60...70...80...90...100 - done.
Creating output file that is 12000P x 12000L.
Processing /spatial_data/Original_Datasets/GHSL/uncompressed/builtup/R2023A/GHS_BUILT_S_E2020_GLOBE_R2023A_4326_3ss_V1_0.tif [1/1] : 0...10...20...30...40...50...60...70...80...90...100 - done.
Creating output file that is 12000P x 12000L.
Processing /spatial_data/Original_Datasets/GHSL/uncompressed/builtup/R2023A/GHS_BUILT_S_E2020_GLOBE_R2023A_4326_3ss_V1_0.tif [1/1] : 0...10...20...30...40...50...60...70...80...90...100 - done.
Creating output file that is 12000P x 12000L.
Processing /spatial_data/Original_Datasets/GHSL/uncompressed/builtup/R2023A/GHS_BUILT_S_E2020_GLOBE_R2023A_4326_3ss_V1_0.tif [1/1] : 0...10...20...30...40...50...60...70...80...90...100 - done.
Creating output file that is 12000P x 12000L.
Processing /spatial_data/Original_Datasets/GHSL/uncompressed/builtup/R2023A/GHS_BUILT_S_E2020_GLOBE_R2023A_4326_3ss_V1_0.tif [1/1] : 0...10...20...30...40...50...60...70...80...90...100 - done.
Creating output file that is 12000P x 12000L.
Processing /spatial_data/Original_Datasets/GHSL/uncompressed/builtup/R2023A/GHS_BUILT_S_E2020_GLOBE_R2023A_4326_3ss_V1_0.tif [1/1] : 0...10...20...30...40...50...60...70...80...90...100 - done.
Creating output file that is 12000P x 12000L.
Processing /spatial_data/Original_Datasets/GHSL/uncompressed/builtup/R2023A/GHS_BUILT_S_E2020_GLOBE_R2023A_4326_3ss_V1_0.tif [1/1] : 0...10...20...30...40...50...60...70...80...90...100 - done.
Creating output file that is 12000P x 12000L.
Processing /spatial_data/Original_Datasets/GHSL/uncompressed/builtup/R2023A/GHS_BUILT_S_E2020_GLOBE_R2023A_4326_3ss_V1_0.tif [1/1] : 0...10...20...30...40...50...60...70...80...90...100 - done.
Creating output file that is 12000P x 12000L.
Processing /spatial_data/Original_Datasets/GHSL/uncompressed/builtup/R2023A/GHS_BUILT_S_E2020_GLOBE_R2023A_4326_3ss_V1_0.tif [1/1] : 0...10...20...30...40...50...60...70...80...90...100 - done.
Creating output file that is 12000P x 12000L.
Processing /spatial_data/Original_Datasets/GHSL/uncompressed/builtup/R2023A/GHS_BUILT_S_E2020_GLOBE_R2023A_4326_3ss_V1_0.tif [1/1] : 0...10...20...30...40...50...60...70...80...90...100 - done.
Creating output file that is 12000P x 12000L.
Processing /spatial_data/Original_Datasets/GHSL/uncompressed/builtup/R2023A/GHS_BUILT_S_E2020_GLOBE_R2023A_4326_3ss_V1_0.tif [1/1] : 0...10...20...30...40...50...60...70...80...90...100 - done.
Creating output file that is 12000P x 12000L.
Processing /spatial_data/Original_Datasets/GHSL/uncompressed/builtup/R2023A/GHS_BUILT_S_E2020_GLOBE_R2023A_4326_3ss_V1_0.tif [1/1] : 0...10...20...30...40...50...60...70...80...90...100 - done.
Creating output file that is 12000P x 12000L.
Processing /spatial_data/Original_Datasets/GHSL/uncompressed/builtup/R2023A/GHS_BUILT_S_E2020_GLOBE_R2023A_4326_3ss_V1_0.tif [1/1] : 0...10...20...30...40...50...60...70...80...90...100 - done.
ERROR 1: Output dataset /spatial_data/Derived_Datasets/RASTER/GHSL/R2023A/builtup/tiles_2020/builtup_tile_61.tif exists,
but some command line options were provided indicating a new dataset
should be created.  Please delete existing dataset and run again.

Creating output file that is 12000P x 12000L.
Processing /spatial_data/Original_Datasets/GHSL/uncompressed/builtup/R2023A/GHS_BUILT_S_E2020_GLOBE_R2023A_4326_3ss_V1_0.tif [1/1] : 0...10...20...30...40...50...60...70...80...90...100 - done.
ERROR 1: Output dataset /spatial_data/Derived_Datasets/RASTER/GHSL/R2023A/builtup/tiles_2020/builtup_tile_62.tif exists,
but some command line options were provided indicating a new dataset
should be created.  Please delete existing dataset and run again.

Creating output file that is 12000P x 12000L.
Processing /spatial_data/Original_Datasets/GHSL/uncompressed/builtup/R2023A/GHS_BUILT_S_E2020_GLOBE_R2023A_4326_3ss_V1_0.tif [1/1] : 0...10...20...30...40...50...60...70...80...90...100 - done.
Creating output file that is 12000P x 12000L.
Processing /spatial_data/Original_Datasets/GHSL/uncompressed/builtup/R2023A/GHS_BUILT_S_E2020_GLOBE_R2023A_4326_3ss_V1_0.tif [1/1] : 0...10...20...30...40...50...60...70...80...90...100 - done.
Creating output file that is 12000P x 12000L.
Processing /spatial_data/Original_Datasets/GHSL/uncompressed/builtup/R2023A/GHS_BUILT_S_E2020_GLOBE_R2023A_4326_3ss_V1_0.tif [1/1] : 0...10...20...30...40...50...60...70...80...90...100 - done.
ERROR 1: Output dataset /spatial_data/Derived_Datasets/RASTER/GHSL/R2023A/builtup/tiles_2020/builtup_tile_63.tif exists,
but some command line options were provided indicating a new dataset
should be created.  Please delete existing dataset and run again.

Creating output file that is 12000P x 12000L.
Processing /spatial_data/Original_Datasets/GHSL/uncompressed/builtup/R2023A/GHS_BUILT_S_E2020_GLOBE_R2023A_4326_3ss_V1_0.tif [1/1] : 0...10...20...30...40...50...60...70...80...90...100 - done.
Creating output file that is 12000P x 12000L.
Processing /spatial_data/Original_Datasets/GHSL/uncompressed/builtup/R2023A/GHS_BUILT_S_E2020_GLOBE_R2023A_4326_3ss_V1_0.tif [1/1] : 0...10...20...30...40...50...60...70...80...90...100 - done.
Creating output file that is 12000P x 12000L.
Processing /spatial_data/Original_Datasets/GHSL/uncompressed/builtup/R2023A/GHS_BUILT_S_E2020_GLOBE_R2023A_4326_3ss_V1_0.tif [1/1] : 0...10...20...30...40...50...60...70...80...90...100 - done.
Creating output file that is 12000P x 12000L.
Processing /spatial_data/Original_Datasets/GHSL/uncompressed/builtup/R2023A/GHS_BUILT_S_E2020_GLOBE_R2023A_4326_3ss_V1_0.tif [1/1] : 0...10...20...30...40...50...60...70...80...90...100 - done.
Creating output file that is 12000P x 12000L.
Processing /spatial_data/Original_Datasets/GHSL/uncompressed/builtup/R2023A/GHS_BUILT_S_E2020_GLOBE_R2023A_4326_3ss_V1_0.tif [1/1] : 0...10...20...30...40...50...60...70...80...90...100 - done.
Creating output file that is 12000P x 12000L.
Processing /spatial_data/Original_Datasets/GHSL/uncompressed/builtup/R2023A/GHS_BUILT_S_E2020_GLOBE_R2023A_4326_3ss_V1_0.tif [1/1] : 0...10...20...30...40...50...60...70...80...90...100 - done.
Creating output file that is 12000P x 12000L.
Processing /spatial_data/Original_Datasets/GHSL/uncompressed/builtup/R2023A/GHS_BUILT_S_E2020_GLOBE_R2023A_4326_3ss_V1_0.tif [1/1] : 0...10...20...30...40...50...60...70...80...90...100 - done.
Creating output file that is 12000P x 12000L.
Processing /spatial_data/Original_Datasets/GHSL/uncompressed/builtup/R2023A/GHS_BUILT_S_E2020_GLOBE_R2023A_4326_3ss_V1_0.tif [1/1] : 0...10...20...30...40...50...60...70...80...90...100 - done.
Creating output file that is 12000P x 12000L.
Processing /spatial_data/Original_Datasets/GHSL/uncompressed/builtup/R2023A/GHS_BUILT_S_E2020_GLOBE_R2023A_4326_3ss_V1_0.tif [1/1] : 0...10...20...30...40...50...60...70...80...90...100 - done.
Creating output file that is 12000P x 12000L.
Processing /spatial_data/Original_Datasets/GHSL/uncompressed/builtup/R2023A/GHS_BUILT_S_E2020_GLOBE_R2023A_4326_3ss_V1_0.tif [1/1] : 0...10...20...30...40...50...60...70...80...90...100 - done.
Creating output file that is 12000P x 12000L.
Processing /spatial_data/Original_Datasets/GHSL/uncompressed/builtup/R2023A/GHS_BUILT_S_E2020_GLOBE_R2023A_4326_3ss_V1_0.tif [1/1] : 0...10...20...30...40...50...60...70...80...90...100 - done.
Creating output file that is 12000P x 12000L.
Processing /spatial_data/Original_Datasets/GHSL/uncompressed/builtup/R2023A/GHS_BUILT_S_E2020_GLOBE_R2023A_4326_3ss_V1_0.tif [1/1] : 0...10...20...30...40...50...60...70...80...90...100 - done.
Creating output file that is 12000P x 12000L.
Processing /spatial_data/Original_Datasets/GHSL/uncompressed/builtup/R2023A/GHS_BUILT_S_E2020_GLOBE_R2023A_4326_3ss_V1_0.tif [1/1] : 0...10...20...30...40...50...60...70...80...90...100 - done.
Creating output file that is 12000P x 12000L.
Processing /spatial_data/Original_Datasets/GHSL/uncompressed/builtup/R2023A/GHS_BUILT_S_E2020_GLOBE_R2023A_4326_3ss_V1_0.tif [1/1] : 0...10...20...30...40...50...60...70...80...90...100 - done.
Creating output file that is 12000P x 12000L.
Processing /spatial_data/Original_Datasets/GHSL/uncompressed/builtup/R2023A/GHS_BUILT_S_E2020_GLOBE_R2023A_4326_3ss_V1_0.tif [1/1] : 0...10...20...30...40...50...60...70...80...90...100 - done.
Creating output file that is 12000P x 12000L.
Processing /spatial_data/Original_Datasets/GHSL/uncompressed/builtup/R2023A/GHS_BUILT_S_E2020_GLOBE_R2023A_4326_3ss_V1_0.tif [1/1] : 0...10...20...30...40...50...60...70...80...90...100 - done.
Creating output file that is 12000P x 12000L.
Processing /spatial_data/Original_Datasets/GHSL/uncompressed/builtup/R2023A/GHS_BUILT_S_E2020_GLOBE_R2023A_4326_3ss_V1_0.tif [1/1] : 0...10...20...30...40...50...60...70...80...90...100 - done.
Creating output file that is 12000P x 12000L.
Processing /spatial_data/Original_Datasets/GHSL/uncompressed/builtup/R2023A/GHS_BUILT_S_E2020_GLOBE_R2023A_4326_3ss_V1_0.tif [1/1] : 0...10...20...30...40...50...60...70...80...90...100 - done.
Creating output file that is 12000P x 12000L.
Processing /spatial_data/Original_Datasets/GHSL/uncompressed/builtup/R2023A/GHS_BUILT_S_E2020_GLOBE_R2023A_4326_3ss_V1_0.tif [1/1] : 0...10...20...30...40...50...60...70...80...90...100 - done.
Creating output file that is 12000P x 12000L.
Processing /spatial_data/Original_Datasets/GHSL/uncompressed/builtup/R2023A/GHS_BUILT_S_E2020_GLOBE_R2023A_4326_3ss_V1_0.tif [1/1] : 0...10...20...30...40...50...60...70...80...90...100 - done.
Creating output file that is 12000P x 12000L.
Processing /spatial_data/Original_Datasets/GHSL/uncompressed/builtup/R2023A/GHS_BUILT_S_E2020_GLOBE_R2023A_4326_3ss_V1_0.tif [1/1] : 0...10...20...30...40...50...60...70...80...90...100 - done.
Creating output file that is 12000P x 12000L.
Processing /spatial_data/Original_Datasets/GHSL/uncompressed/builtup/R2023A/GHS_BUILT_S_E2020_GLOBE_R2023A_4326_3ss_V1_0.tif [1/1] : 0...10...20...30...40...50...60...70...80...90...100 - done.
Creating output file that is 12000P x 12000L.
Processing /spatial_data/Original_Datasets/GHSL/uncompressed/builtup/R2023A/GHS_BUILT_S_E2020_GLOBE_R2023A_4326_3ss_V1_0.tif [1/1] : 0...10...20...30...40...50...60...70...80...90...100 - done.
Creating output file that is 12000P x 12000L.
Processing /spatial_data/Original_Datasets/GHSL/uncompressed/builtup/R2023A/GHS_BUILT_S_E2020_GLOBE_R2023A_4326_3ss_V1_0.tif [1/1] : 0...10...20...30...40...50...60...70...80...90...100 - done.
Creating output file that is 12000P x 12000L.
Processing /spatial_data/Original_Datasets/GHSL/uncompressed/builtup/R2023A/GHS_BUILT_S_E2020_GLOBE_R2023A_4326_3ss_V1_0.tif [1/1] : 0...10...20...30...40...50...60...70...80...90...100 - done.
Creating output file that is 12000P x 12000L.
Processing /spatial_data/Original_Datasets/GHSL/uncompressed/builtup/R2023A/GHS_BUILT_S_E2020_GLOBE_R2023A_4326_3ss_V1_0.tif [1/1] : 0...10...20...30...40...50...60...70...80...90...100 - done.
Creating output file that is 12000P x 12000L.
Processing /spatial_data/Original_Datasets/GHSL/uncompressed/builtup/R2023A/GHS_BUILT_S_E2020_GLOBE_R2023A_4326_3ss_V1_0.tif [1/1] : 0...10...20...30...40...50...60...70...80...90...100 - done.
Creating output file that is 12000P x 12000L.
Processing /spatial_data/Original_Datasets/GHSL/uncompressed/builtup/R2023A/GHS_BUILT_S_E2020_GLOBE_R2023A_4326_3ss_V1_0.tif [1/1] : 0...10...20...30...40...50...60...70...80...90...100 - done.
Creating output file that is 12000P x 12000L.
Processing /spatial_data/Original_Datasets/GHSL/uncompressed/builtup/R2023A/GHS_BUILT_S_E2020_GLOBE_R2023A_4326_3ss_V1_0.tif [1/1] : 0...10...20...30...40...50...60...70...80...90...100 - done.
Creating output file that is 12000P x 12000L.
Processing /spatial_data/Original_Datasets/GHSL/uncompressed/builtup/R2023A/GHS_BUILT_S_E2020_GLOBE_R2023A_4326_3ss_V1_0.tif [1/1] : 0...10...20...30...40...50...60...70...80...90...100 - done.
Creating output file that is 12000P x 12000L.
Processing /spatial_data/Original_Datasets/GHSL/uncompressed/builtup/R2023A/GHS_BUILT_S_E2020_GLOBE_R2023A_4326_3ss_V1_0.tif [1/1] : 0...10...20...30...40...50...60...70...80...90...100 - done.
Creating output file that is 12000P x 12000L.
Processing /spatial_data/Original_Datasets/GHSL/uncompressed/builtup/R2023A/GHS_BUILT_S_E2020_GLOBE_R2023A_4326_3ss_V1_0.tif [1/1] : 0...10...20...30...40...50...60...70...80...90...100 - done.
Creating output file that is 12000P x 12000L.
Processing /spatial_data/Original_Datasets/GHSL/uncompressed/builtup/R2023A/GHS_BUILT_S_E2020_GLOBE_R2023A_4326_3ss_V1_0.tif [1/1] : 0...10...20...30...40...50...60...70...80...90...100 - done.
Creating output file that is 12000P x 12000L.
Processing /spatial_data/Original_Datasets/GHSL/uncompressed/builtup/R2023A/GHS_BUILT_S_E2020_GLOBE_R2023A_4326_3ss_V1_0.tif [1/1] : 0...10...20...30...40...50...60...70...80...90...100 - done.
Creating output file that is 12000P x 12000L.
Processing /spatial_data/Original_Datasets/GHSL/uncompressed/builtup/R2023A/GHS_BUILT_S_E2020_GLOBE_R2023A_4326_3ss_V1_0.tif [1/1] : 0...10...20...30...40...50...60...70...80...90...100 - done.
Creating output file that is 12000P x 12000L.
Processing /spatial_data/Original_Datasets/GHSL/uncompressed/builtup/R2023A/GHS_BUILT_S_E2020_GLOBE_R2023A_4326_3ss_V1_0.tif [1/1] : 0...10...20...30...40...50...60...70...80...90...100 - done.
Creating output file that is 12000P x 12000L.
Processing /spatial_data/Original_Datasets/GHSL/uncompressed/builtup/R2023A/GHS_BUILT_S_E2020_GLOBE_R2023A_4326_3ss_V1_0.tif [1/1] : 0...10...20...30...40...50...60...70...80...90...100 - done.
Creating output file that is 12000P x 12000L.
Processing /spatial_data/Original_Datasets/GHSL/uncompressed/builtup/R2023A/GHS_BUILT_S_E2020_GLOBE_R2023A_4326_3ss_V1_0.tif [1/1] : 0...10...20...30...40...50...60...70...80...90...100 - done.
Creating output file that is 12000P x 12000L.
Processing /spatial_data/Original_Datasets/GHSL/uncompressed/builtup/R2023A/GHS_BUILT_S_E2020_GLOBE_R2023A_4326_3ss_V1_0.tif [1/1] : 0...10...20...30...40...50...60...70...80...90...100 - done.
Creating output file that is 12000P x 12000L.
Processing /spatial_data/Original_Datasets/GHSL/uncompressed/builtup/R2023A/GHS_BUILT_S_E2020_GLOBE_R2023A_4326_3ss_V1_0.tif [1/1] : 0...10...20...30...40...50...60...70...80...90...100 - done.
Creating output file that is 12000P x 12000L.
Processing /spatial_data/Original_Datasets/GHSL/uncompressed/builtup/R2023A/GHS_BUILT_S_E2020_GLOBE_R2023A_4326_3ss_V1_0.tif [1/1] : 0...10...20...30...40...50...60...70...80...90...100 - done.
Creating output file that is 12000P x 12000L.
Processing /spatial_data/Original_Datasets/GHSL/uncompressed/builtup/R2023A/GHS_BUILT_S_E2020_GLOBE_R2023A_4326_3ss_V1_0.tif [1/1] : 0...10...20...30...40...50...60...70...80...90...100 - done.
Creating output file that is 12000P x 12000L.
Processing /spatial_data/Original_Datasets/GHSL/uncompressed/builtup/R2023A/GHS_BUILT_S_E2020_GLOBE_R2023A_4326_3ss_V1_0.tif [1/1] : 0...10...20...30...40...50...60...70...80...90...100 - done.
Creating output file that is 12000P x 12000L.
Processing /spatial_data/Original_Datasets/GHSL/uncompressed/builtup/R2023A/GHS_BUILT_S_E2020_GLOBE_R2023A_4326_3ss_V1_0.tif [1/1] : 0...10...20...30...40...50...60...70...80...90...100 - done.
Creating output file that is 12000P x 12000L.
Processing /spatial_data/Original_Datasets/GHSL/uncompressed/builtup/R2023A/GHS_BUILT_S_E2020_GLOBE_R2023A_4326_3ss_V1_0.tif [1/1] : 0...10...20...30...40...50...60...70...80...90...100 - done.
Creating output file that is 12000P x 12000L.
Processing /spatial_data/Original_Datasets/GHSL/uncompressed/builtup/R2023A/GHS_BUILT_S_E2020_GLOBE_R2023A_4326_3ss_V1_0.tif [1/1] : 0...10...20...30...40...50...60...70...80...90...100 - done.
Creating output file that is 12000P x 12000L.
Processing /spatial_data/Original_Datasets/GHSL/uncompressed/builtup/R2023A/GHS_BUILT_S_E2020_GLOBE_R2023A_4326_3ss_V1_0.tif [1/1] : 0...10...20...30...40...50...60...70...80...90...100 - done.
Creating output file that is 12000P x 12000L.
Processing /spatial_data/Original_Datasets/GHSL/uncompressed/builtup/R2023A/GHS_BUILT_S_E2020_GLOBE_R2023A_4326_3ss_V1_0.tif [1/1] : 0...10...20...30...40...50...60...70...80...90...100 - done.
Creating output file that is 12000P x 12000L.
Processing /spatial_data/Original_Datasets/GHSL/uncompressed/builtup/R2023A/GHS_BUILT_S_E2020_GLOBE_R2023A_4326_3ss_V1_0.tif [1/1] : 0...10...20...30...40...50...60...70...80...90...100 - done.
Creating output file that is 12000P x 12000L.
Processing /spatial_data/Original_Datasets/GHSL/uncompressed/builtup/R2023A/GHS_BUILT_S_E2020_GLOBE_R2023A_4326_3ss_V1_0.tif [1/1] : 0...10...20...30...40...50...60...70...80...90...100 - done.
Creating output file that is 12000P x 12000L.
Processing /spatial_data/Original_Datasets/GHSL/uncompressed/builtup/R2023A/GHS_BUILT_S_E2020_GLOBE_R2023A_4326_3ss_V1_0.tif [1/1] : 0...10...20...30...40...50...60...70...80...90...100 - done.
Creating output file that is 12000P x 12000L.
Processing /spatial_data/Original_Datasets/GHSL/uncompressed/builtup/R2023A/GHS_BUILT_S_E2020_GLOBE_R2023A_4326_3ss_V1_0.tif [1/1] : 0...10...20...30...40...50...60...70...80...90...100 - done.
Creating output file that is 12000P x 12000L.
Processing /spatial_data/Original_Datasets/GHSL/uncompressed/builtup/R2023A/GHS_BUILT_S_E2020_GLOBE_R2023A_4326_3ss_V1_0.tif [1/1] : 0...10...20...30...40...50...60...70...80...90...100 - done.
Creating output file that is 12000P x 12000L.
Processing /spatial_data/Original_Datasets/GHSL/uncompressed/builtup/R2023A/GHS_BUILT_S_E2020_GLOBE_R2023A_4326_3ss_V1_0.tif [1/1] : 0...10...20...30...40...50...60...70...80...90...100 - done.
Creating output file that is 12000P x 12000L.
Processing /spatial_data/Original_Datasets/GHSL/uncompressed/builtup/R2023A/GHS_BUILT_S_E2020_GLOBE_R2023A_4326_3ss_V1_0.tif [1/1] : 0...10...20...30...40...50...60...70...80...90...100 - done.
Creating output file that is 12000P x 12000L.
Processing /spatial_data/Original_Datasets/GHSL/uncompressed/builtup/R2023A/GHS_BUILT_S_E2020_GLOBE_R2023A_4326_3ss_V1_0.tif [1/1] : 0...10...20...30...40...50...60...70...80...90...100 - done.
Creating output file that is 12000P x 12000L.
Processing /spatial_data/Original_Datasets/GHSL/uncompressed/builtup/R2023A/GHS_BUILT_S_E2020_GLOBE_R2023A_4326_3ss_V1_0.tif [1/1] : 0...10...20...30...40...50...60...70...80...90...100 - done.
Creating output file that is 12000P x 12000L.
Processing /spatial_data/Original_Datasets/GHSL/uncompressed/builtup/R2023A/GHS_BUILT_S_E2020_GLOBE_R2023A_4326_3ss_V1_0.tif [1/1] : 0...10...20...30...40...50...60...70...80...90...100 - done.
Creating output file that is 12000P x 12000L.
Processing /spatial_data/Original_Datasets/GHSL/uncompressed/builtup/R2023A/GHS_BUILT_S_E2020_GLOBE_R2023A_4326_3ss_V1_0.tif [1/1] : 0...10...20...30...40...50...60...70...80...90...100 - done.
ERROR 1: Output dataset /spatial_data/Derived_Datasets/RASTER/GHSL/R2023A/builtup/tiles_2020/builtup_tile_94.tif exists,
but some command line options were provided indicating a new dataset
should be created.  Please delete existing dataset and run again.

Creating output file that is 12000P x 12000L.
Processing /spatial_data/Original_Datasets/GHSL/uncompressed/builtup/R2023A/GHS_BUILT_S_E2020_GLOBE_R2023A_4326_3ss_V1_0.tif [1/1] : 0...10...20...30...40...50...60...70...80...90...100 - done.
ERROR 1: Output dataset /spatial_data/Derived_Datasets/RASTER/GHSL/R2023A/builtup/tiles_2020/builtup_tile_95.tif exists,
but some command line options were provided indicating a new dataset
should be created.  Please delete existing dataset and run again.

Creating output file that is 12000P x 12000L.
Processing /spatial_data/Original_Datasets/GHSL/uncompressed/builtup/R2023A/GHS_BUILT_S_E2020_GLOBE_R2023A_4326_3ss_V1_0.tif [1/1] : 0...10...20...30...40...50...60...70...80...90...100 - done.
Creating output file that is 12000P x 12000L.
Processing /spatial_data/Original_Datasets/GHSL/uncompressed/builtup/R2023A/GHS_BUILT_S_E2020_GLOBE_R2023A_4326_3ss_V1_0.tif [1/1] : 0...10...20...30...40...50...60...70...80...90...100 - done.
Creating output file that is 12000P x 12000L.
Processing /spatial_data/Original_Datasets/GHSL/uncompressed/builtup/R2023A/GHS_BUILT_S_E2020_GLOBE_R2023A_4326_3ss_V1_0.tif [1/1] : 0...10...20...30...40...50...60...70...80...90...100 - done.
Creating output file that is 12000P x 12000L.
Processing /spatial_data/Original_Datasets/GHSL/uncompressed/builtup/R2023A/GHS_BUILT_S_E2020_GLOBE_R2023A_4326_3ss_V1_0.tif [1/1] : 0...10...20...30...40...50...60...70...80...90...100 - done.
Creating output file that is 12000P x 12000L.
Processing /spatial_data/Original_Datasets/GHSL/uncompressed/builtup/R2023A/GHS_BUILT_S_E2020_GLOBE_R2023A_4326_3ss_V1_0.tif [1/1] : 0...10...20...30...40...50...60...70...80...90...100 - done.
Creating output file that is 12000P x 12000L.
Processing /spatial_data/Original_Datasets/GHSL/uncompressed/builtup/R2023A/GHS_BUILT_S_E2020_GLOBE_R2023A_4326_3ss_V1_0.tif [1/1] : 0...10...20...30...40...50...60...70...80...90...100 - done.
Creating output file that is 12000P x 12000L.
Processing /spatial_data/Original_Datasets/GHSL/uncompressed/builtup/R2023A/GHS_BUILT_S_E2020_GLOBE_R2023A_4326_3ss_V1_0.tif [1/1] : 0...10...20...30...40...50...60...70...80...90...100 - done.
Creating output file that is 12000P x 12000L.
Processing /spatial_data/Original_Datasets/GHSL/uncompressed/builtup/R2023A/GHS_BUILT_S_E2020_GLOBE_R2023A_4326_3ss_V1_0.tif [1/1] : 0...10...20...30...40...50...60...70...80...90...100 - done.
Creating output file that is 12000P x 12000L.
Processing /spatial_data/Original_Datasets/GHSL/uncompressed/builtup/R2023A/GHS_BUILT_S_E2020_GLOBE_R2023A_4326_3ss_V1_0.tif [1/1] : 0...10...20...30...40...50...60...70...80...90...100 - done.
Creating output file that is 12000P x 12000L.
Processing /spatial_data/Original_Datasets/GHSL/uncompressed/builtup/R2023A/GHS_BUILT_S_E2020_GLOBE_R2023A_4326_3ss_V1_0.tif [1/1] : 0...10...20...30...40...50...60...70...80...90...100 - done.
Creating output file that is 12000P x 12000L.
Processing /spatial_data/Original_Datasets/GHSL/uncompressed/builtup/R2023A/GHS_BUILT_S_E2020_GLOBE_R2023A_4326_3ss_V1_0.tif [1/1] : 0...10...20...30...40...50...60...70...80...90...100 - done.
Creating output file that is 12000P x 12000L.
Processing /spatial_data/Original_Datasets/GHSL/uncompressed/builtup/R2023A/GHS_BUILT_S_E2020_GLOBE_R2023A_4326_3ss_V1_0.tif [1/1] : 0...10...20...30...40...50...60...70...80...90...100 - done.
Creating output file that is 12000P x 12000L.
Processing /spatial_data/Original_Datasets/GHSL/uncompressed/builtup/R2023A/GHS_BUILT_S_E2020_GLOBE_R2023A_4326_3ss_V1_0.tif [1/1] : 0...10...20...30...40...50...60...70...80...90...100 - done.
Creating output file that is 12000P x 12000L.
Processing /spatial_data/Original_Datasets/GHSL/uncompressed/builtup/R2023A/GHS_BUILT_S_E2020_GLOBE_R2023A_4326_3ss_V1_0.tif [1/1] : 0...10...20...30...40...50...60...70...80...90...100 - done.
Creating output file that is 12000P x 12000L.
Processing /spatial_data/Original_Datasets/GHSL/uncompressed/builtup/R2023A/GHS_BUILT_S_E2020_GLOBE_R2023A_4326_3ss_V1_0.tif [1/1] : 0...10...20...30...40...50...60...70...80...90...100 - done.
Creating output file that is 12000P x 12000L.
Processing /spatial_data/Original_Datasets/GHSL/uncompressed/builtup/R2023A/GHS_BUILT_S_E2020_GLOBE_R2023A_4326_3ss_V1_0.tif [1/1] : 0...10...20...30...40...50...60...70...80...90...100 - done.
Creating output file that is 12000P x 12000L.
Processing /spatial_data/Original_Datasets/GHSL/uncompressed/builtup/R2023A/GHS_BUILT_S_E2020_GLOBE_R2023A_4326_3ss_V1_0.tif [1/1] : 0...10...20...30...40...50...60...70...80...90...100 - done.
Creating output file that is 12000P x 12000L.
Processing /spatial_data/Original_Datasets/GHSL/uncompressed/builtup/R2023A/GHS_BUILT_S_E2020_GLOBE_R2023A_4326_3ss_V1_0.tif [1/1] : 0...10...20...30...40...50...60...70...80...90...100 - done.
Creating output file that is 12000P x 12000L.
Processing /spatial_data/Original_Datasets/GHSL/uncompressed/builtup/R2023A/GHS_BUILT_S_E2020_GLOBE_R2023A_4326_3ss_V1_0.tif [1/1] : 0...10...20...30...40...50...60...70...80...90...100 - done.
Creating output file that is 12000P x 12000L.
Processing /spatial_data/Original_Datasets/GHSL/uncompressed/builtup/R2023A/GHS_BUILT_S_E2020_GLOBE_R2023A_4326_3ss_V1_0.tif [1/1] : 0...10...20...30...40...50...60...70...80...90...100 - done.
Creating output file that is 12000P x 12000L.
Processing /spatial_data/Original_Datasets/GHSL/uncompressed/builtup/R2023A/GHS_BUILT_S_E2020_GLOBE_R2023A_4326_3ss_V1_0.tif [1/1] : 0...10...20...30...40...50...60...70...80...90...100 - done.
Creating output file that is 12000P x 12000L.
Processing /spatial_data/Original_Datasets/GHSL/uncompressed/builtup/R2023A/GHS_BUILT_S_E2020_GLOBE_R2023A_4326_3ss_V1_0.tif [1/1] : 0...10...20...30...40...50...60...70...80...90...100 - done.
Creating output file that is 12000P x 12000L.
Processing /spatial_data/Original_Datasets/GHSL/uncompressed/builtup/R2023A/GHS_BUILT_S_E2020_GLOBE_R2023A_4326_3ss_V1_0.tif [1/1] : 0...10...20...30...40...50...60...70...80...90...100 - done.
ERROR 1: Output dataset /spatial_data/Derived_Datasets/RASTER/GHSL/R2023A/builtup/tiles_2020/builtup_tile_160.tif exists,
but some command line options were provided indicating a new dataset
should be created.  Please delete existing dataset and run again.

Creating output file that is 12000P x 12000L.
Processing /spatial_data/Original_Datasets/GHSL/uncompressed/builtup/R2023A/GHS_BUILT_S_E2020_GLOBE_R2023A_4326_3ss_V1_0.tif [1/1] : 0...10...20...30...40...50...60...70...80...90...100 - done.
Creating output file that is 12000P x 12000L.
Processing /spatial_data/Original_Datasets/GHSL/uncompressed/builtup/R2023A/GHS_BUILT_S_E2020_GLOBE_R2023A_4326_3ss_V1_0.tif [1/1] : 0...10...20...30...40...50...60...70...80...90...100 - done.
Creating output file that is 12000P x 12000L.
Processing /spatial_data/Original_Datasets/GHSL/uncompressed/builtup/R2023A/GHS_BUILT_S_E2020_GLOBE_R2023A_4326_3ss_V1_0.tif [1/1] : 0...10...20...30...40...50...60...70...80...90...100 - done.
Creating output file that is 12000P x 12000L.
Processing /spatial_data/Original_Datasets/GHSL/uncompressed/builtup/R2023A/GHS_BUILT_S_E2020_GLOBE_R2023A_4326_3ss_V1_0.tif [1/1] : 0...10...20...30...40...50...60...70...80...90...100 - done.
ERROR 1: Output dataset /spatial_data/Derived_Datasets/RASTER/GHSL/R2023A/builtup/tiles_2020/builtup_tile_161.tif exists, but cannot be opened in update mode

Creating output file that is 12000P x 12000L.
Processing /spatial_data/Original_Datasets/GHSL/uncompressed/builtup/R2023A/GHS_BUILT_S_E2020_GLOBE_R2023A_4326_3ss_V1_0.tif [1/1] : 0...10...20...30...40...50...60...70...80...90...100 - done.
Creating output file that is 12000P x 12000L.
Processing /spatial_data/Original_Datasets/GHSL/uncompressed/builtup/R2023A/GHS_BUILT_S_E2020_GLOBE_R2023A_4326_3ss_V1_0.tif [1/1] : 0...10...20...30...40...50...60...70...80...90...100 - done.
Creating output file that is 12000P x 12000L.
Processing /spatial_data/Original_Datasets/GHSL/uncompressed/builtup/R2023A/GHS_BUILT_S_E2020_GLOBE_R2023A_4326_3ss_V1_0.tif [1/1] : 0...10...20...30...40...50...60...70...80...90...100 - done.
Creating output file that is 12000P x 12000L.
Processing /spatial_data/Original_Datasets/GHSL/uncompressed/builtup/R2023A/GHS_BUILT_S_E2020_GLOBE_R2023A_4326_3ss_V1_0.tif [1/1] : 0...10...20...30...40...50...60...70...80...90...100 - done.
Creating output file that is 12000P x 12000L.
Processing /spatial_data/Original_Datasets/GHSL/uncompressed/builtup/R2023A/GHS_BUILT_S_E2020_GLOBE_R2023A_4326_3ss_V1_0.tif [1/1] : 0...10...20...30...40...50...60...70...80...90...100 - done.
ERROR 1: Output dataset /spatial_data/Derived_Datasets/RASTER/GHSL/R2023A/builtup/tiles_2020/builtup_tile_165.tif exists,
but some command line options were provided indicating a new dataset
should be created.  Please delete existing dataset and run again.

Creating output file that is 12000P x 12000L.
Processing /spatial_data/Original_Datasets/GHSL/uncompressed/builtup/R2023A/GHS_BUILT_S_E2020_GLOBE_R2023A_4326_3ss_V1_0.tif [1/1] : 0...10...20...30...40...50...60...70...80...90...100 - done.
Creating output file that is 12000P x 12000L.
Processing /spatial_data/Original_Datasets/GHSL/uncompressed/builtup/R2023A/GHS_BUILT_S_E2020_GLOBE_R2023A_4326_3ss_V1_0.tif [1/1] : 0...10...20...30...40...50...60...70...80...90...100 - done.
Creating output file that is 12000P x 12000L.
Processing /spatial_data/Original_Datasets/GHSL/uncompressed/builtup/R2023A/GHS_BUILT_S_E2020_GLOBE_R2023A_4326_3ss_V1_0.tif [1/1] : 0...10...20...30...40...50...60...70...80...90...100 - done.
ERROR 1: Output dataset /spatial_data/Derived_Datasets/RASTER/GHSL/R2023A/builtup/tiles_2020/builtup_tile_167.tif exists,
but some command line options were provided indicating a new dataset
should be created.  Please delete existing dataset and run again.

Creating output file that is 12000P x 12000L.
Processing /spatial_data/Original_Datasets/GHSL/uncompressed/builtup/R2023A/GHS_BUILT_S_E2020_GLOBE_R2023A_4326_3ss_V1_0.tif [1/1] : 0...10...20...30...40...50...60...70...80...90...100 - done.
Creating output file that is 12000P x 12000L.
Processing /spatial_data/Original_Datasets/GHSL/uncompressed/builtup/R2023A/GHS_BUILT_S_E2020_GLOBE_R2023A_4326_3ss_V1_0.tif [1/1] : 0...10...20...30...40...50...60...70...80...90...100 - done.
Creating output file that is 12000P x 12000L.
Processing /spatial_data/Original_Datasets/GHSL/uncompressed/builtup/R2023A/GHS_BUILT_S_E2020_GLOBE_R2023A_4326_3ss_V1_0.tif [1/1] : 0...10...20...30...40...50...60...70...80...90...100 - done.
Creating output file that is 12000P x 12000L.
Processing /spatial_data/Original_Datasets/GHSL/uncompressed/builtup/R2023A/GHS_BUILT_S_E2020_GLOBE_R2023A_4326_3ss_V1_0.tif [1/1] : 0...10...20...30...40...50...60...70...80...90...100 - done.
Creating output file that is 12000P x 12000L.
Processing /spatial_data/Original_Datasets/GHSL/uncompressed/builtup/R2023A/GHS_BUILT_S_E2020_GLOBE_R2023A_4326_3ss_V1_0.tif [1/1] : 0...10...20...30...40...50...60...70...80...90...100 - done.
Creating output file that is 12000P x 12000L.
Processing /spatial_data/Original_Datasets/GHSL/uncompressed/builtup/R2023A/GHS_BUILT_S_E2020_GLOBE_R2023A_4326_3ss_V1_0.tif [1/1] : 0...10...20...30...40...50...60...70...80...90...100 - done.
Creating output file that is 12000P x 12000L.
Processing /spatial_data/Original_Datasets/GHSL/uncompressed/builtup/R2023A/GHS_BUILT_S_E2020_GLOBE_R2023A_4326_3ss_V1_0.tif [1/1] : 0...10...20...30...40...50...60...70...80...90...100 - done.
Creating output file that is 12000P x 12000L.
Processing /spatial_data/Original_Datasets/GHSL/uncompressed/builtup/R2023A/GHS_BUILT_S_E2020_GLOBE_R2023A_4326_3ss_V1_0.tif [1/1] : 0...10...20...30...40...50...60...70...80...90...100 - done.
Creating output file that is 12000P x 12000L.
Processing /spatial_data/Original_Datasets/GHSL/uncompressed/builtup/R2023A/GHS_BUILT_S_E2020_GLOBE_R2023A_4326_3ss_V1_0.tif [1/1] : 0...10...20...30...40...50...60...70...80...90...100 - done.
Creating output file that is 12000P x 12000L.
Processing /spatial_data/Original_Datasets/GHSL/uncompressed/builtup/R2023A/GHS_BUILT_S_E2020_GLOBE_R2023A_4326_3ss_V1_0.tif [1/1] : 0...10...20...30...40...50...60...70...80...90...100 - done.
Creating output file that is 12000P x 12000L.
Processing /spatial_data/Original_Datasets/GHSL/uncompressed/builtup/R2023A/GHS_BUILT_S_E2020_GLOBE_R2023A_4326_3ss_V1_0.tif [1/1] : 0...10...20...30...40...50...60...70...80...90...100 - done.
Creating output file that is 12000P x 12000L.
Processing /spatial_data/Original_Datasets/GHSL/uncompressed/builtup/R2023A/GHS_BUILT_S_E2020_GLOBE_R2023A_4326_3ss_V1_0.tif [1/1] : 0...10...20...30...40...50...60...70...80...90...100 - done.
ERROR 1: Output dataset /spatial_data/Derived_Datasets/RASTER/GHSL/R2023A/builtup/tiles_2020/builtup_tile_173.tif exists,
but some command line options were provided indicating a new dataset
should be created.  Please delete existing dataset and run again.

Creating output file that is 12000P x 12000L.
Processing /spatial_data/Original_Datasets/GHSL/uncompressed/builtup/R2023A/GHS_BUILT_S_E2020_GLOBE_R2023A_4326_3ss_V1_0.tif [1/1] : 0...10...20...30...40...50...60...70...80...90...100 - done.
Creating output file that is 12000P x 12000L.
Processing /spatial_data/Original_Datasets/GHSL/uncompressed/builtup/R2023A/GHS_BUILT_S_E2020_GLOBE_R2023A_4326_3ss_V1_0.tif [1/1] : 0...10...20...30...40...50...60...70...80...90...100 - done.
Creating output file that is 12000P x 12000L.
Processing /spatial_data/Original_Datasets/GHSL/uncompressed/builtup/R2023A/GHS_BUILT_S_E2020_GLOBE_R2023A_4326_3ss_V1_0.tif [1/1] : 0...10...20...30...40...50...60...70...80...90...100 - done.
Creating output file that is 12000P x 12000L.
Processing /spatial_data/Original_Datasets/GHSL/uncompressed/builtup/R2023A/GHS_BUILT_S_E2020_GLOBE_R2023A_4326_3ss_V1_0.tif [1/1] : 0...10...20...30...40...50...60...70...80...90...100 - done.
Creating output file that is 12000P x 12000L.
Processing /spatial_data/Original_Datasets/GHSL/uncompressed/builtup/R2023A/GHS_BUILT_S_E2020_GLOBE_R2023A_4326_3ss_V1_0.tif [1/1] : 0...10...20...30...40...50...60...70...80...90...100 - done.
Creating output file that is 12000P x 12000L.
Processing /spatial_data/Original_Datasets/GHSL/uncompressed/builtup/R2023A/GHS_BUILT_S_E2020_GLOBE_R2023A_4326_3ss_V1_0.tif [1/1] : 0...10...20...30...40...50...60...70...80...90...100 - done.
Creating output file that is 12000P x 12000L.
Processing /spatial_data/Original_Datasets/GHSL/uncompressed/builtup/R2023A/GHS_BUILT_S_E2020_GLOBE_R2023A_4326_3ss_V1_0.tif [1/1] : 0...10...20...30...40...50...60...70...80...90...100 - done.
Creating output file that is 12000P x 12000L.
Processing /spatial_data/Original_Datasets/GHSL/uncompressed/builtup/R2023A/GHS_BUILT_S_E2020_GLOBE_R2023A_4326_3ss_V1_0.tif [1/1] : 0...10...20...30...40...50...60...70...80...90...100 - done.
Creating output file that is 12000P x 12000L.
Processing /spatial_data/Original_Datasets/GHSL/uncompressed/builtup/R2023A/GHS_BUILT_S_E2020_GLOBE_R2023A_4326_3ss_V1_0.tif [1/1] : 0...10...20...30...40...50...60...70...80...90...100 - done.
Creating output file that is 12000P x 12000L.
Processing /spatial_data/Original_Datasets/GHSL/uncompressed/builtup/R2023A/GHS_BUILT_S_E2020_GLOBE_R2023A_4326_3ss_V1_0.tif [1/1] : 0...10...20...30...40...50...60...70...80...90...100 - done.
Creating output file that is 12000P x 12000L.
Processing /spatial_data/Original_Datasets/GHSL/uncompressed/builtup/R2023A/GHS_BUILT_S_E2020_GLOBE_R2023A_4326_3ss_V1_0.tif [1/1] : 0...10...20...30...40...50...60...70...80...90...100 - done.
Creating output file that is 12000P x 12000L.
Processing /spatial_data/Original_Datasets/GHSL/uncompressed/builtup/R2023A/GHS_BUILT_S_E2020_GLOBE_R2023A_4326_3ss_V1_0.tif [1/1] : 0...10...20...30...40...50...60...70...80...90...100 - done.
Creating output file that is 12000P x 12000L.
Processing /spatial_data/Original_Datasets/GHSL/uncompressed/builtup/R2023A/GHS_BUILT_S_E2020_GLOBE_R2023A_4326_3ss_V1_0.tif [1/1] : 0...10...20...30...40...50...60...70...80...90...100 - done.
Creating output file that is 12000P x 12000L.
Processing /spatial_data/Original_Datasets/GHSL/uncompressed/builtup/R2023A/GHS_BUILT_S_E2020_GLOBE_R2023A_4326_3ss_V1_0.tif [1/1] : 0...10...20...30...40...50...60...70...80...90...100 - done.
Creating output file that is 12000P x 12000L.
Processing /spatial_data/Original_Datasets/GHSL/uncompressed/builtup/R2023A/GHS_BUILT_S_E2020_GLOBE_R2023A_4326_3ss_V1_0.tif [1/1] : 0...10...20...30...40...50...60...70...80...90...100 - done.
ERROR 1: Output dataset /spatial_data/Derived_Datasets/RASTER/GHSL/R2023A/builtup/tiles_2020/builtup_tile_182.tif exists,
but some command line options were provided indicating a new dataset
should be created.  Please delete existing dataset and run again.

Creating output file that is 12000P x 12000L.
Processing /spatial_data/Original_Datasets/GHSL/uncompressed/builtup/R2023A/GHS_BUILT_S_E2020_GLOBE_R2023A_4326_3ss_V1_0.tif [1/1] : 0...10...20...30...40...50...60...70...80...90...100 - done.
Creating output file that is 12000P x 12000L.
Processing /spatial_data/Original_Datasets/GHSL/uncompressed/builtup/R2023A/GHS_BUILT_S_E2020_GLOBE_R2023A_4326_3ss_V1_0.tif [1/1] : 0...10...20...30...40...50...60...70...80...90...100 - done.
ERROR 1: Output dataset /spatial_data/Derived_Datasets/RASTER/GHSL/R2023A/builtup/tiles_2020/builtup_tile_183.tif exists,
but some command line options were provided indicating a new dataset
should be created.  Please delete existing dataset and run again.

Creating output file that is 12000P x 12000L.
Processing /spatial_data/Original_Datasets/GHSL/uncompressed/builtup/R2023A/GHS_BUILT_S_E2020_GLOBE_R2023A_4326_3ss_V1_0.tif [1/1] : 0...10...20...30...40...50...60...70...80...90...100 - done.
Creating output file that is 12000P x 12000L.
Processing /spatial_data/Original_Datasets/GHSL/uncompressed/builtup/R2023A/GHS_BUILT_S_E2020_GLOBE_R2023A_4326_3ss_V1_0.tif [1/1] : 0...10...20...30...40...50...60...70...80...90...100 - done.
Creating output file that is 12000P x 12000L.
Processing /spatial_data/Original_Datasets/GHSL/uncompressed/builtup/R2023A/GHS_BUILT_S_E2020_GLOBE_R2023A_4326_3ss_V1_0.tif [1/1] : 0...10...20...30...40...50...60...70...80...90...100 - done.
Creating output file that is 12000P x 12000L.
Processing /spatial_data/Original_Datasets/GHSL/uncompressed/builtup/R2023A/GHS_BUILT_S_E2020_GLOBE_R2023A_4326_3ss_V1_0.tif [1/1] : 0...10...20...30...40...50...60...70...80...90...100 - done.
Creating output file that is 12000P x 12000L.
Processing /spatial_data/Original_Datasets/GHSL/uncompressed/builtup/R2023A/GHS_BUILT_S_E2020_GLOBE_R2023A_4326_3ss_V1_0.tif [1/1] : 0...10...20...30...40...50...60...70...80...90...100 - done.
Creating output file that is 12000P x 12000L.
Processing /spatial_data/Original_Datasets/GHSL/uncompressed/builtup/R2023A/GHS_BUILT_S_E2020_GLOBE_R2023A_4326_3ss_V1_0.tif [1/1] : 0...10...20...30...40...50...60...70...80...90...100 - done.
Creating output file that is 12000P x 12000L.
Processing /spatial_data/Original_Datasets/GHSL/uncompressed/builtup/R2023A/GHS_BUILT_S_E2020_GLOBE_R2023A_4326_3ss_V1_0.tif [1/1] : 0...10...20...30...40...50...60...70...80...90...100 - done.
Creating output file that is 12000P x 12000L.
Processing /spatial_data/Original_Datasets/GHSL/uncompressed/builtup/R2023A/GHS_BUILT_S_E2020_GLOBE_R2023A_4326_3ss_V1_0.tif [1/1] : 0...10...20...30...40...50...60...70...80...90...100 - done.
Creating output file that is 12000P x 12000L.
Processing /spatial_data/Original_Datasets/GHSL/uncompressed/builtup/R2023A/GHS_BUILT_S_E2020_GLOBE_R2023A_4326_3ss_V1_0.tif [1/1] : 0...10...20...30...40...50...60...70...80...90...100 - done.
Creating output file that is 12000P x 12000L.
Processing /spatial_data/Original_Datasets/GHSL/uncompressed/builtup/R2023A/GHS_BUILT_S_E2020_GLOBE_R2023A_4326_3ss_V1_0.tif [1/1] : 0...10...20...30...40...50...60...70...80...90...100 - done.
Creating output file that is 12000P x 12000L.
Processing /spatial_data/Original_Datasets/GHSL/uncompressed/builtup/R2023A/GHS_BUILT_S_E2020_GLOBE_R2023A_4326_3ss_V1_0.tif [1/1] : 0...10...20...30...40...50...60...70...80...90...100 - done.
Creating output file that is 12000P x 12000L.
Processing /spatial_data/Original_Datasets/GHSL/uncompressed/builtup/R2023A/GHS_BUILT_S_E2020_GLOBE_R2023A_4326_3ss_V1_0.tif [1/1] : 0...10...20...30...40...50...60...70...80...90...100 - done.
Creating output file that is 12000P x 12000L.
Processing /spatial_data/Original_Datasets/GHSL/uncompressed/builtup/R2023A/GHS_BUILT_S_E2020_GLOBE_R2023A_4326_3ss_V1_0.tif [1/1] : 0...10...20...30...40...50...60...70...80...90...100 - done.
Creating output file that is 12000P x 12000L.
Processing /spatial_data/Original_Datasets/GHSL/uncompressed/builtup/R2023A/GHS_BUILT_S_E2020_GLOBE_R2023A_4326_3ss_V1_0.tif [1/1] : 0...10...20...30...40...50...60...70...80...90...100 - done.
Creating output file that is 12000P x 12000L.
Processing /spatial_data/Original_Datasets/GHSL/uncompressed/builtup/R2023A/GHS_BUILT_S_E2020_GLOBE_R2023A_4326_3ss_V1_0.tif [1/1] : 0...10...20...30...40...50...60...70...80...90...100 - done.
Creating output file that is 12000P x 12000L.
Processing /spatial_data/Original_Datasets/GHSL/uncompressed/builtup/R2023A/GHS_BUILT_S_E2020_GLOBE_R2023A_4326_3ss_V1_0.tif [1/1] : 0...10...20...30...40...50...60...70...80...90...100 - done.
Creating output file that is 12000P x 12000L.
Processing /spatial_data/Original_Datasets/GHSL/uncompressed/builtup/R2023A/GHS_BUILT_S_E2020_GLOBE_R2023A_4326_3ss_V1_0.tif [1/1] : 0...10...20...30...40...50...60...70...80...90...100 - done.
Creating output file that is 12000P x 12000L.
Processing /spatial_data/Original_Datasets/GHSL/uncompressed/builtup/R2023A/GHS_BUILT_S_E2020_GLOBE_R2023A_4326_3ss_V1_0.tif [1/1] : 0...10...20...30...40...50...60...70...80...90...100 - done.
Creating output file that is 12000P x 12000L.
Processing /spatial_data/Original_Datasets/GHSL/uncompressed/builtup/R2023A/GHS_BUILT_S_E2020_GLOBE_R2023A_4326_3ss_V1_0.tif [1/1] : 0...10...20...30...40...50...60...70...80...90...100 - done.
Creating output file that is 12000P x 12000L.
Processing /spatial_data/Original_Datasets/GHSL/uncompressed/builtup/R2023A/GHS_BUILT_S_E2020_GLOBE_R2023A_4326_3ss_V1_0.tif [1/1] : 0...10...20...30...40...50...60...70...80...90...100 - done.
Creating output file that is 12000P x 12000L.
Processing /spatial_data/Original_Datasets/GHSL/uncompressed/builtup/R2023A/GHS_BUILT_S_E2020_GLOBE_R2023A_4326_3ss_V1_0.tif [1/1] : 0...10...20...30...40...50...60...70...80...90...100 - done.
Creating output file that is 12000P x 12000L.
Processing /spatial_data/Original_Datasets/GHSL/uncompressed/builtup/R2023A/GHS_BUILT_S_E2020_GLOBE_R2023A_4326_3ss_V1_0.tif [1/1] : 0...10...20...30...40...50...60...70...80...90...100 - done.
Creating output file that is 12000P x 12000L.
Processing /spatial_data/Original_Datasets/GHSL/uncompressed/builtup/R2023A/GHS_BUILT_S_E2020_GLOBE_R2023A_4326_3ss_V1_0.tif [1/1] : 0...10...20...30...40...50...60...70...80...90...100 - done.
Creating output file that is 12000P x 12000L.
Processing /spatial_data/Original_Datasets/GHSL/uncompressed/builtup/R2023A/GHS_BUILT_S_E2020_GLOBE_R2023A_4326_3ss_V1_0.tif [1/1] : 0...10...20...30...40...50...60...70...80...90...100 - done.
Creating output file that is 12000P x 12000L.
Processing /spatial_data/Original_Datasets/GHSL/uncompressed/builtup/R2023A/GHS_BUILT_S_E2020_GLOBE_R2023A_4326_3ss_V1_0.tif [1/1] : 0...10...20...30...40...50...60...70...80...90...100 - done.
Creating output file that is 12000P x 12000L.
Processing /spatial_data/Original_Datasets/GHSL/uncompressed/builtup/R2023A/GHS_BUILT_S_E2020_GLOBE_R2023A_4326_3ss_V1_0.tif [1/1] : 0...10...20...30...40...50...60...70...80...90...100 - done.
Creating output file that is 12000P x 12000L.
Processing /spatial_data/Original_Datasets/GHSL/uncompressed/builtup/R2023A/GHS_BUILT_S_E2020_GLOBE_R2023A_4326_3ss_V1_0.tif [1/1] : 0...10...20...30...40...50...60...70...80...90...100 - done.
Creating output file that is 12000P x 12000L.
Processing /spatial_data/Original_Datasets/GHSL/uncompressed/builtup/R2023A/GHS_BUILT_S_E2020_GLOBE_R2023A_4326_3ss_V1_0.tif [1/1] : 0...10...20...30...40...50...60...70...80...90...100 - done.
Creating output file that is 12000P x 12000L.
Processing /spatial_data/Original_Datasets/GHSL/uncompressed/builtup/R2023A/GHS_BUILT_S_E2020_GLOBE_R2023A_4326_3ss_V1_0.tif [1/1] : 0...10...20...30...40...50...60...70...80...90...100 - done.
Creating output file that is 12000P x 12000L.
Processing /spatial_data/Original_Datasets/GHSL/uncompressed/builtup/R2023A/GHS_BUILT_S_E2020_GLOBE_R2023A_4326_3ss_V1_0.tif [1/1] : 0...10...20...30...40...50...60...70...80...90...100 - done.
ERROR 1: Output dataset /spatial_data/Derived_Datasets/RASTER/GHSL/R2023A/builtup/tiles_2020/builtup_tile_199.tif exists,
but some command line options were provided indicating a new dataset
should be created.  Please delete existing dataset and run again.

Creating output file that is 12000P x 12000L.
Processing /spatial_data/Original_Datasets/GHSL/uncompressed/builtup/R2023A/GHS_BUILT_S_E2020_GLOBE_R2023A_4326_3ss_V1_0.tif [1/1] : 0...10...20...30...40...50...60...70...80...90...100 - done.
Creating output file that is 12000P x 12000L.
Processing /spatial_data/Original_Datasets/GHSL/uncompressed/builtup/R2023A/GHS_BUILT_S_E2020_GLOBE_R2023A_4326_3ss_V1_0.tif [1/1] : 0...10...20...30...40...50...60...70...80...90...100 - done.
Creating output file that is 12000P x 12000L.
Processing /spatial_data/Original_Datasets/GHSL/uncompressed/builtup/R2023A/GHS_BUILT_S_E2020_GLOBE_R2023A_4326_3ss_V1_0.tif [1/1] : 0...10...20...30...40...50...60...70...80...90...100 - done.
Creating output file that is 12000P x 12000L.
Processing /spatial_data/Original_Datasets/GHSL/uncompressed/builtup/R2023A/GHS_BUILT_S_E2020_GLOBE_R2023A_4326_3ss_V1_0.tif [1/1] : 0...10...20...30...40...50...60...70...80...90...100 - done.
ERROR 1: Output dataset /spatial_data/Derived_Datasets/RASTER/GHSL/R2023A/builtup/tiles_2020/builtup_tile_200.tif exists,
but some command line options were provided indicating a new dataset
should be created.  Please delete existing dataset and run again.

Creating output file that is 12000P x 12000L.
Processing /spatial_data/Original_Datasets/GHSL/uncompressed/builtup/R2023A/GHS_BUILT_S_E2020_GLOBE_R2023A_4326_3ss_V1_0.tif [1/1] : 0...10...20...30...40...50...60...70...80...90...100 - done.
Creating output file that is 12000P x 12000L.
Processing /spatial_data/Original_Datasets/GHSL/uncompressed/builtup/R2023A/GHS_BUILT_S_E2020_GLOBE_R2023A_4326_3ss_V1_0.tif [1/1] : 0...10...20...30...40...50...60...70...80...90...100 - done.
Creating output file that is 12000P x 12000L.
Processing /spatial_data/Original_Datasets/GHSL/uncompressed/builtup/R2023A/GHS_BUILT_S_E2020_GLOBE_R2023A_4326_3ss_V1_0.tif [1/1] : 0...10...20...30...40...50...60...70...80...90...100 - done.
Creating output file that is 12000P x 12000L.
Processing /spatial_data/Original_Datasets/GHSL/uncompressed/builtup/R2023A/GHS_BUILT_S_E2020_GLOBE_R2023A_4326_3ss_V1_0.tif [1/1] : 0...10...20...30...40...50...60...70...80...90...100 - done.
Creating output file that is 12000P x 12000L.
Processing /spatial_data/Original_Datasets/GHSL/uncompressed/builtup/R2023A/GHS_BUILT_S_E2020_GLOBE_R2023A_4326_3ss_V1_0.tif [1/1] : 0...10...20...30...40...50...60...70...80...90...100 - done.
Creating output file that is 12000P x 12000L.
Processing /spatial_data/Original_Datasets/GHSL/uncompressed/builtup/R2023A/GHS_BUILT_S_E2020_GLOBE_R2023A_4326_3ss_V1_0.tif [1/1] : 0...10...20...30...40...50...60...70...80...90...100 - done.
Creating output file that is 12000P x 12000L.
Processing /spatial_data/Original_Datasets/GHSL/uncompressed/builtup/R2023A/GHS_BUILT_S_E2020_GLOBE_R2023A_4326_3ss_V1_0.tif [1/1] : 0...10...20...30...40...50...60...70...80...90...100 - done.
Creating output file that is 12000P x 12000L.
Processing /spatial_data/Original_Datasets/GHSL/uncompressed/builtup/R2023A/GHS_BUILT_S_E2020_GLOBE_R2023A_4326_3ss_V1_0.tif [1/1] : 0...10...20...30...40...50...60...70...80...90...100 - done.
Creating output file that is 12000P x 12000L.
Processing /spatial_data/Original_Datasets/GHSL/uncompressed/builtup/R2023A/GHS_BUILT_S_E2020_GLOBE_R2023A_4326_3ss_V1_0.tif [1/1] : 0...10...20...30...40...50...60...70...80...90...100 - done.
Creating output file that is 12000P x 12000L.
Processing /spatial_data/Original_Datasets/GHSL/uncompressed/builtup/R2023A/GHS_BUILT_S_E2020_GLOBE_R2023A_4326_3ss_V1_0.tif [1/1] : 0...10...20...30...40...50...60...70...80...90...100 - done.
Creating output file that is 12000P x 12000L.
Processing /spatial_data/Original_Datasets/GHSL/uncompressed/builtup/R2023A/GHS_BUILT_S_E2020_GLOBE_R2023A_4326_3ss_V1_0.tif [1/1] : 0...10...20...30...40...50...60...70...80...90...100 - done.
Creating output file that is 12000P x 12000L.
Processing /spatial_data/Original_Datasets/GHSL/uncompressed/builtup/R2023A/GHS_BUILT_S_E2020_GLOBE_R2023A_4326_3ss_V1_0.tif [1/1] : 0...10...20...30...40...50...60...70...80...90...100 - done.
Creating output file that is 12000P x 12000L.
Processing /spatial_data/Original_Datasets/GHSL/uncompressed/builtup/R2023A/GHS_BUILT_S_E2020_GLOBE_R2023A_4326_3ss_V1_0.tif [1/1] : 0...10...20...30...40...50...60...70...80...90...100 - done.
Creating output file that is 12000P x 12000L.
Processing /spatial_data/Original_Datasets/GHSL/uncompressed/builtup/R2023A/GHS_BUILT_S_E2020_GLOBE_R2023A_4326_3ss_V1_0.tif [1/1] : 0...10...20...30...40...50...60...70...80...90...100 - done.
Creating output file that is 12000P x 12000L.
Processing /spatial_data/Original_Datasets/GHSL/uncompressed/builtup/R2023A/GHS_BUILT_S_E2020_GLOBE_R2023A_4326_3ss_V1_0.tif [1/1] : 0...10...20...30...40...50...60...70...80...90...100 - done.
Creating output file that is 12000P x 12000L.
Processing /spatial_data/Original_Datasets/GHSL/uncompressed/builtup/R2023A/GHS_BUILT_S_E2020_GLOBE_R2023A_4326_3ss_V1_0.tif [1/1] : 0...10...20...30...40...50...60...70...80...90...100 - done.
Creating output file that is 12000P x 12000L.
Processing /spatial_data/Original_Datasets/GHSL/uncompressed/builtup/R2023A/GHS_BUILT_S_E2020_GLOBE_R2023A_4326_3ss_V1_0.tif [1/1] : 0...10...20...30...40...50...60...70...80...90...100 - done.
Creating output file that is 12000P x 12000L.
Processing /spatial_data/Original_Datasets/GHSL/uncompressed/builtup/R2023A/GHS_BUILT_S_E2020_GLOBE_R2023A_4326_3ss_V1_0.tif [1/1] : 0...10...20...30...40...50...60...70...80...90...100 - done.
Creating output file that is 12000P x 12000L.
Processing /spatial_data/Original_Datasets/GHSL/uncompressed/builtup/R2023A/GHS_BUILT_S_E2020_GLOBE_R2023A_4326_3ss_V1_0.tif [1/1] : 0...10...20...30...40...50...60...70...80...90...100 - done.
Creating output file that is 12000P x 12000L.
Processing /spatial_data/Original_Datasets/GHSL/uncompressed/builtup/R2023A/GHS_BUILT_S_E2020_GLOBE_R2023A_4326_3ss_V1_0.tif [1/1] : 0...10...20...30...40...50...60...70...80...90...100 - done.
Creating output file that is 12000P x 12000L.
Processing /spatial_data/Original_Datasets/GHSL/uncompressed/builtup/R2023A/GHS_BUILT_S_E2020_GLOBE_R2023A_4326_3ss_V1_0.tif [1/1] : 0...10...20...30...40...50...60...70...80...90...100 - done.
Creating output file that is 12000P x 12000L.
Processing /spatial_data/Original_Datasets/GHSL/uncompressed/builtup/R2023A/GHS_BUILT_S_E2020_GLOBE_R2023A_4326_3ss_V1_0.tif [1/1] : 0...10...20...30...40...50...60...70...80...90...100 - done.
Creating output file that is 12000P x 12000L.
Processing /spatial_data/Original_Datasets/GHSL/uncompressed/builtup/R2023A/GHS_BUILT_S_E2020_GLOBE_R2023A_4326_3ss_V1_0.tif [1/1] : 0...10...20...30...40...50...60...70...80...90...100 - done.
Creating output file that is 12000P x 12000L.
Processing /spatial_data/Original_Datasets/GHSL/uncompressed/builtup/R2023A/GHS_BUILT_S_E2020_GLOBE_R2023A_4326_3ss_V1_0.tif [1/1] : 0...10...20...30...40...50...60...70...80...90...100 - done.
Creating output file that is 12000P x 12000L.
Processing /spatial_data/Original_Datasets/GHSL/uncompressed/builtup/R2023A/GHS_BUILT_S_E2020_GLOBE_R2023A_4326_3ss_V1_0.tif [1/1] : 0...10...20...30...40...50...60...70...80...90...100 - done.
Creating output file that is 12000P x 12000L.
Processing /spatial_data/Original_Datasets/GHSL/uncompressed/builtup/R2023A/GHS_BUILT_S_E2020_GLOBE_R2023A_4326_3ss_V1_0.tif [1/1] : 0...10...20...30...40...50...60...70...80...90...100 - done.
Creating output file that is 12000P x 12000L.
Processing /spatial_data/Original_Datasets/GHSL/uncompressed/builtup/R2023A/GHS_BUILT_S_E2020_GLOBE_R2023A_4326_3ss_V1_0.tif [1/1] : 0...10...20...30...40...50...60...70...80...90...100 - done.
Creating output file that is 12000P x 12000L.
Processing /spatial_data/Original_Datasets/GHSL/uncompressed/builtup/R2023A/GHS_BUILT_S_E2020_GLOBE_R2023A_4326_3ss_V1_0.tif [1/1] : 0...10...20...30...40...50...60...70...80...90...100 - done.
ERROR 1: Output dataset /spatial_data/Derived_Datasets/RASTER/GHSL/R2023A/builtup/tiles_2020/builtup_tile_216.tif exists,
but some command line options were provided indicating a new dataset
should be created.  Please delete existing dataset and run again.

Creating output file that is 12000P x 12000L.
Processing /spatial_data/Original_Datasets/GHSL/uncompressed/builtup/R2023A/GHS_BUILT_S_E2020_GLOBE_R2023A_4326_3ss_V1_0.tif [1/1] : 0...10...20...30...40...50...60...70...80...90...100 - done.
ERROR 1: Output dataset /spatial_data/Derived_Datasets/RASTER/GHSL/R2023A/builtup/tiles_2020/builtup_tile_217.tif exists,
but some command line options were provided indicating a new dataset
should be created.  Please delete existing dataset and run again.

Creating output file that is 12000P x 12000L.
Processing /spatial_data/Original_Datasets/GHSL/uncompressed/builtup/R2023A/GHS_BUILT_S_E2020_GLOBE_R2023A_4326_3ss_V1_0.tif [1/1] : 0...10...20...30...40...50...60...70...80...90...100 - done.
Creating output file that is 12000P x 12000L.
Processing /spatial_data/Original_Datasets/GHSL/uncompressed/builtup/R2023A/GHS_BUILT_S_E2020_GLOBE_R2023A_4326_3ss_V1_0.tif [1/1] : 0...10...20...30...40...50...60...70...80...90...100 - done.
Creating output file that is 12000P x 12000L.
Processing /spatial_data/Original_Datasets/GHSL/uncompressed/builtup/R2023A/GHS_BUILT_S_E2020_GLOBE_R2023A_4326_3ss_V1_0.tif [1/1] : 0...10...20...30...40...50...60...70...80...90...100 - done.
Creating output file that is 12000P x 12000L.
Processing /spatial_data/Original_Datasets/GHSL/uncompressed/builtup/R2023A/GHS_BUILT_S_E2020_GLOBE_R2023A_4326_3ss_V1_0.tif [1/1] : 0...10...20...30...40...50...60...70...80...90...100 - done.
Creating output file that is 12000P x 12000L.
Processing /spatial_data/Original_Datasets/GHSL/uncompressed/builtup/R2023A/GHS_BUILT_S_E2020_GLOBE_R2023A_4326_3ss_V1_0.tif [1/1] : 0...10...20...30...40...50...60...70...80...90...100 - done.
Creating output file that is 12000P x 12000L.
Processing /spatial_data/Original_Datasets/GHSL/uncompressed/builtup/R2023A/GHS_BUILT_S_E2020_GLOBE_R2023A_4326_3ss_V1_0.tif [1/1] : 0...10...20...30...40...50...60...70...80...90...100 - done.
Creating output file that is 12000P x 12000L.
Processing /spatial_data/Original_Datasets/GHSL/uncompressed/builtup/R2023A/GHS_BUILT_S_E2020_GLOBE_R2023A_4326_3ss_V1_0.tif [1/1] : 0...10...20...30...40...50...60...70...80...90...100 - done.
Creating output file that is 12000P x 12000L.
Processing /spatial_data/Original_Datasets/GHSL/uncompressed/builtup/R2023A/GHS_BUILT_S_E2020_GLOBE_R2023A_4326_3ss_V1_0.tif [1/1] : 0...10...20...30...40...50...60...70...80...90...100 - done.
Creating output file that is 12000P x 12000L.
Processing /spatial_data/Original_Datasets/GHSL/uncompressed/builtup/R2023A/GHS_BUILT_S_E2020_GLOBE_R2023A_4326_3ss_V1_0.tif [1/1] : 0...10...20...30...40...50...60...70...80...90...100 - done.
Creating output file that is 12000P x 12000L.
Processing /spatial_data/Original_Datasets/GHSL/uncompressed/builtup/R2023A/GHS_BUILT_S_E2020_GLOBE_R2023A_4326_3ss_V1_0.tif [1/1] : 0...10...20...30...40...50...60...70...80...90...100 - done.
Creating output file that is 12000P x 12000L.
Processing /spatial_data/Original_Datasets/GHSL/uncompressed/builtup/R2023A/GHS_BUILT_S_E2020_GLOBE_R2023A_4326_3ss_V1_0.tif [1/1] : 0...10...20...30...40...50...60...70...80...90...100 - done.
Creating output file that is 12000P x 12000L.
Processing /spatial_data/Original_Datasets/GHSL/uncompressed/builtup/R2023A/GHS_BUILT_S_E2020_GLOBE_R2023A_4326_3ss_V1_0.tif [1/1] : 0...10...20...30...40...50...60...70...80...90...100 - done.
Creating output file that is 12000P x 12000L.
Processing /spatial_data/Original_Datasets/GHSL/uncompressed/builtup/R2023A/GHS_BUILT_S_E2020_GLOBE_R2023A_4326_3ss_V1_0.tif [1/1] : 0...10...20...30...40...50...60...70...80...90...100 - done.
Creating output file that is 12000P x 12000L.
Processing /spatial_data/Original_Datasets/GHSL/uncompressed/builtup/R2023A/GHS_BUILT_S_E2020_GLOBE_R2023A_4326_3ss_V1_0.tif [1/1] : 0...10...20...30...40...50...60...70...80...90...100 - done.
Creating output file that is 12000P x 12000L.
Processing /spatial_data/Original_Datasets/GHSL/uncompressed/builtup/R2023A/GHS_BUILT_S_E2020_GLOBE_R2023A_4326_3ss_V1_0.tif [1/1] : 0...10...20...30...40...50...60...70...80...90...100 - done.
Creating output file that is 12000P x 12000L.
Processing /spatial_data/Original_Datasets/GHSL/uncompressed/builtup/R2023A/GHS_BUILT_S_E2020_GLOBE_R2023A_4326_3ss_V1_0.tif [1/1] : 0...10...20...30...40...50...60...70...80...90...100 - done.
Creating output file that is 12000P x 12000L.
Processing /spatial_data/Original_Datasets/GHSL/uncompressed/builtup/R2023A/GHS_BUILT_S_E2020_GLOBE_R2023A_4326_3ss_V1_0.tif [1/1] : 0...10...20...30...40...50...60...70...80...90...100 - done.
ERROR 1: Output dataset /spatial_data/Derived_Datasets/RASTER/GHSL/R2023A/builtup/tiles_2020/builtup_tile_225.tif exists,
but some command line options were provided indicating a new dataset
should be created.  Please delete existing dataset and run again.

Creating output file that is 12000P x 12000L.
Processing /spatial_data/Original_Datasets/GHSL/uncompressed/builtup/R2023A/GHS_BUILT_S_E2020_GLOBE_R2023A_4326_3ss_V1_0.tif [1/1] : 0...10...20...30...40...50...60...70...80...90...100 - done.
Creating output file that is 12000P x 12000L.
Processing /spatial_data/Original_Datasets/GHSL/uncompressed/builtup/R2023A/GHS_BUILT_S_E2020_GLOBE_R2023A_4326_3ss_V1_0.tif [1/1] : 0...10...20...30...40...50...60...70...80...90...100 - done.
Creating output file that is 12000P x 12000L.
Processing /spatial_data/Original_Datasets/GHSL/uncompressed/builtup/R2023A/GHS_BUILT_S_E2020_GLOBE_R2023A_4326_3ss_V1_0.tif [1/1] : 0...10...20...30...40...50...60...70...80...90...100 - done.
Creating output file that is 12000P x 12000L.
Processing /spatial_data/Original_Datasets/GHSL/uncompressed/builtup/R2023A/GHS_BUILT_S_E2020_GLOBE_R2023A_4326_3ss_V1_0.tif [1/1] : 0...10...20...30...40...50...60...70...80...90...100 - done.
Creating output file that is 12000P x 12000L.
Processing /spatial_data/Original_Datasets/GHSL/uncompressed/builtup/R2023A/GHS_BUILT_S_E2020_GLOBE_R2023A_4326_3ss_V1_0.tif [1/1] : 0...10...20...30...40...50...60...70...80...90...100 - done.
Creating output file that is 12000P x 12000L.
Processing /spatial_data/Original_Datasets/GHSL/uncompressed/builtup/R2023A/GHS_BUILT_S_E2020_GLOBE_R2023A_4326_3ss_V1_0.tif [1/1] : 0...10...20...30...40...50...60...70...80...90...100 - done.
Creating output file that is 12000P x 12000L.
Processing /spatial_data/Original_Datasets/GHSL/uncompressed/builtup/R2023A/GHS_BUILT_S_E2020_GLOBE_R2023A_4326_3ss_V1_0.tif [1/1] : 0...10...20...30...40...50...60...70...80...90...100 - done.
Creating output file that is 12000P x 12000L.
Processing /spatial_data/Original_Datasets/GHSL/uncompressed/builtup/R2023A/GHS_BUILT_S_E2020_GLOBE_R2023A_4326_3ss_V1_0.tif [1/1] : 0...10...20...30...40...50...60...70...80...90...100 - done.
Creating output file that is 12000P x 12000L.
Processing /spatial_data/Original_Datasets/GHSL/uncompressed/builtup/R2023A/GHS_BUILT_S_E2020_GLOBE_R2023A_4326_3ss_V1_0.tif [1/1] : 0...10...20...30...40...50...60...70...80...90...100 - done.
Creating output file that is 12000P x 12000L.
Processing /spatial_data/Original_Datasets/GHSL/uncompressed/builtup/R2023A/GHS_BUILT_S_E2020_GLOBE_R2023A_4326_3ss_V1_0.tif [1/1] : 0...10...20...30...40...50...60...70...80...90...100 - done.
Creating output file that is 12000P x 12000L.
Processing /spatial_data/Original_Datasets/GHSL/uncompressed/builtup/R2023A/GHS_BUILT_S_E2020_GLOBE_R2023A_4326_3ss_V1_0.tif [1/1] : 0...10...20...30...40...50...60...70...80...90...100 - done.
Creating output file that is 12000P x 12000L.
Processing /spatial_data/Original_Datasets/GHSL/uncompressed/builtup/R2023A/GHS_BUILT_S_E2020_GLOBE_R2023A_4326_3ss_V1_0.tif [1/1] : 0...10...20...30...40...50...60...70...80...90...100 - done.
Creating output file that is 12000P x 12000L.
Processing /spatial_data/Original_Datasets/GHSL/uncompressed/builtup/R2023A/GHS_BUILT_S_E2020_GLOBE_R2023A_4326_3ss_V1_0.tif [1/1] : 0...10...20...30...40...50...60...70...80...90...100 - done.
Creating output file that is 12000P x 12000L.
Processing /spatial_data/Original_Datasets/GHSL/uncompressed/builtup/R2023A/GHS_BUILT_S_E2020_GLOBE_R2023A_4326_3ss_V1_0.tif [1/1] : 0...10...20...30...40...50...60...70...80...90...100 - done.
Creating output file that is 12000P x 12000L.
Processing /spatial_data/Original_Datasets/GHSL/uncompressed/builtup/R2023A/GHS_BUILT_S_E2020_GLOBE_R2023A_4326_3ss_V1_0.tif [1/1] : 0...10...20...30...40...50...60...70...80...90...100 - done.
Creating output file that is 12000P x 12000L.
Processing /spatial_data/Original_Datasets/GHSL/uncompressed/builtup/R2023A/GHS_BUILT_S_E2020_GLOBE_R2023A_4326_3ss_V1_0.tif [1/1] : 0...10...20...30...40...50...60...70...80...90...100 - done.
Creating output file that is 12000P x 12000L.
Processing /spatial_data/Original_Datasets/GHSL/uncompressed/builtup/R2023A/GHS_BUILT_S_E2020_GLOBE_R2023A_4326_3ss_V1_0.tif [1/1] : 0...10...20...30...40...50...60...70...80...90...100 - done.
Creating output file that is 12000P x 12000L.
Processing /spatial_data/Original_Datasets/GHSL/uncompressed/builtup/R2023A/GHS_BUILT_S_E2020_GLOBE_R2023A_4326_3ss_V1_0.tif [1/1] : 0...10...20...30...40...50...60...70...80...90...100 - done.
ERROR 1: Output dataset /spatial_data/Derived_Datasets/RASTER/GHSL/R2023A/builtup/tiles_2020/builtup_tile_234.tif exists,
but some command line options were provided indicating a new dataset
should be created.  Please delete existing dataset and run again.

Creating output file that is 12000P x 12000L.
Processing /spatial_data/Original_Datasets/GHSL/uncompressed/builtup/R2023A/GHS_BUILT_S_E2020_GLOBE_R2023A_4326_3ss_V1_0.tif [1/1] : 0...10...20...30...40...50...60...70...80...90...100 - done.
Creating output file that is 12000P x 12000L.
Processing /spatial_data/Original_Datasets/GHSL/uncompressed/builtup/R2023A/GHS_BUILT_S_E2020_GLOBE_R2023A_4326_3ss_V1_0.tif [1/1] : 0...10...20...30...40...50...60...70...80...90...100 - done.
Creating output file that is 12000P x 12000L.
Processing /spatial_data/Original_Datasets/GHSL/uncompressed/builtup/R2023A/GHS_BUILT_S_E2020_GLOBE_R2023A_4326_3ss_V1_0.tif [1/1] : 0...10...20...30...40...50...60...70...80...90...100 - done.
Creating output file that is 12000P x 12000L.
Processing /spatial_data/Original_Datasets/GHSL/uncompressed/builtup/R2023A/GHS_BUILT_S_E2020_GLOBE_R2023A_4326_3ss_V1_0.tif [1/1] : 0...10...20...30...40...50...60...70...80...90...100 - done.
Creating output file that is 12000P x 12000L.
Processing /spatial_data/Original_Datasets/GHSL/uncompressed/builtup/R2023A/GHS_BUILT_S_E2020_GLOBE_R2023A_4326_3ss_V1_0.tif [1/1] : 0...10...20...30...40...50...60...70...80...90...100 - done.
Creating output file that is 12000P x 12000L.
Processing /spatial_data/Original_Datasets/GHSL/uncompressed/builtup/R2023A/GHS_BUILT_S_E2020_GLOBE_R2023A_4326_3ss_V1_0.tif [1/1] : 0...10...20...30...40...50...60...70...80...90...100 - done.
Creating output file that is 12000P x 12000L.
Processing /spatial_data/Original_Datasets/GHSL/uncompressed/builtup/R2023A/GHS_BUILT_S_E2020_GLOBE_R2023A_4326_3ss_V1_0.tif [1/1] : 0...10...20...30...40...50...60...70...80...90...100 - done.
Creating output file that is 12000P x 12000L.
Processing /spatial_data/Original_Datasets/GHSL/uncompressed/builtup/R2023A/GHS_BUILT_S_E2020_GLOBE_R2023A_4326_3ss_V1_0.tif [1/1] : 0...10...20...30...40...50...60...70...80...90...100 - done.
ERROR 1: Output dataset /spatial_data/Derived_Datasets/RASTER/GHSL/R2023A/builtup/tiles_2020/builtup_tile_239.tif exists,
but some command line options were provided indicating a new dataset
should be created.  Please delete existing dataset and run again.

Creating output file that is 12000P x 12000L.
Processing /spatial_data/Original_Datasets/GHSL/uncompressed/builtup/R2023A/GHS_BUILT_S_E2020_GLOBE_R2023A_4326_3ss_V1_0.tif [1/1] : 0...10...20...30...40...50...60...70...80...90...100 - done.
Creating output file that is 12000P x 12000L.
Processing /spatial_data/Original_Datasets/GHSL/uncompressed/builtup/R2023A/GHS_BUILT_S_E2020_GLOBE_R2023A_4326_3ss_V1_0.tif [1/1] : 0...10...20...30...40...50...60...70...80...90...100 - done.
Creating output file that is 12000P x 12000L.
Processing /spatial_data/Original_Datasets/GHSL/uncompressed/builtup/R2023A/GHS_BUILT_S_E2020_GLOBE_R2023A_4326_3ss_V1_0.tif [1/1] : 0...10...20...30...40...50...60...70...80...90...100 - done.
Creating output file that is 12000P x 12000L.
Processing /spatial_data/Original_Datasets/GHSL/uncompressed/builtup/R2023A/GHS_BUILT_S_E2020_GLOBE_R2023A_4326_3ss_V1_0.tif [1/1] : 0...10...20...30...40...50...60...70...80...90...100 - done.
Creating output file that is 12000P x 12000L.
Processing /spatial_data/Original_Datasets/GHSL/uncompressed/builtup/R2023A/GHS_BUILT_S_E2020_GLOBE_R2023A_4326_3ss_V1_0.tif [1/1] : 0...10...20...30...40...50...60...70...80...90...100 - done.
Creating output file that is 12000P x 12000L.
Processing /spatial_data/Original_Datasets/GHSL/uncompressed/builtup/R2023A/GHS_BUILT_S_E2020_GLOBE_R2023A_4326_3ss_V1_0.tif [1/1] : 0...10...20...30...40...50...60...70...80...90...100 - done.
Creating output file that is 12000P x 12000L.
Processing /spatial_data/Original_Datasets/GHSL/uncompressed/builtup/R2023A/GHS_BUILT_S_E2020_GLOBE_R2023A_4326_3ss_V1_0.tif [1/1] : 0...10...20...30...40...50...60...70...80...90...100 - done.
Creating output file that is 12000P x 12000L.
Processing /spatial_data/Original_Datasets/GHSL/uncompressed/builtup/R2023A/GHS_BUILT_S_E2020_GLOBE_R2023A_4326_3ss_V1_0.tif [1/1] : 0...10...20...30...40...50...60...70...80...90...100 - done.
Creating output file that is 12000P x 12000L.
Processing /spatial_data/Original_Datasets/GHSL/uncompressed/builtup/R2023A/GHS_BUILT_S_E2020_GLOBE_R2023A_4326_3ss_V1_0.tif [1/1] : 0...10...20...30...40...50...60...70...80...90...100 - done.
Creating output file that is 12000P x 12000L.
Processing /spatial_data/Original_Datasets/GHSL/uncompressed/builtup/R2023A/GHS_BUILT_S_E2020_GLOBE_R2023A_4326_3ss_V1_0.tif [1/1] : 0...10...20...30...40...50...60...70...80...90...100 - done.
Creating output file that is 12000P x 12000L.
Processing /spatial_data/Original_Datasets/GHSL/uncompressed/builtup/R2023A/GHS_BUILT_S_E2020_GLOBE_R2023A_4326_3ss_V1_0.tif [1/1] : 0...10...20...30...40...50...60...70...80...90...100 - done.
Creating output file that is 12000P x 12000L.
Processing /spatial_data/Original_Datasets/GHSL/uncompressed/builtup/R2023A/GHS_BUILT_S_E2020_GLOBE_R2023A_4326_3ss_V1_0.tif [1/1] : 0...10...20...30...40...50...60...70...80...90...100 - done.
Creating output file that is 12000P x 12000L.
Processing /spatial_data/Original_Datasets/GHSL/uncompressed/builtup/R2023A/GHS_BUILT_S_E2020_GLOBE_R2023A_4326_3ss_V1_0.tif [1/1] : 0...10...20...30...40...50...60...70...80...90...100 - done.
Creating output file that is 12000P x 12000L.
Processing /spatial_data/Original_Datasets/GHSL/uncompressed/builtup/R2023A/GHS_BUILT_S_E2020_GLOBE_R2023A_4326_3ss_V1_0.tif [1/1] : 0...10...20...30...40...50...60...70...80...90...100 - done.
Creating output file that is 12000P x 12000L.
Processing /spatial_data/Original_Datasets/GHSL/uncompressed/builtup/R2023A/GHS_BUILT_S_E2020_GLOBE_R2023A_4326_3ss_V1_0.tif [1/1] : 0...10...20...30...40...50...60...70...80...90...100 - done.
ERROR 1: Output dataset /spatial_data/Derived_Datasets/RASTER/GHSL/R2023A/builtup/tiles_2020/builtup_tile_248.tif exists,
but some command line options were provided indicating a new dataset
should be created.  Please delete existing dataset and run again.

Creating output file that is 12000P x 12000L.
Processing /spatial_data/Original_Datasets/GHSL/uncompressed/builtup/R2023A/GHS_BUILT_S_E2020_GLOBE_R2023A_4326_3ss_V1_0.tif [1/1] : 0...10...20...30...40...50...60...70...80...90...100 - done.
Creating output file that is 12000P x 12000L.
Processing /spatial_data/Original_Datasets/GHSL/uncompressed/builtup/R2023A/GHS_BUILT_S_E2020_GLOBE_R2023A_4326_3ss_V1_0.tif [1/1] : 0...10...20...30...40...50...60...70...80...90...100 - done.
Creating output file that is 12000P x 12000L.
Processing /spatial_data/Original_Datasets/GHSL/uncompressed/builtup/R2023A/GHS_BUILT_S_E2020_GLOBE_R2023A_4326_3ss_V1_0.tif [1/1] : 0...10...20...30...40...50...60...70...80...90...100 - done.
Creating output file that is 12000P x 12000L.
Processing /spatial_data/Original_Datasets/GHSL/uncompressed/builtup/R2023A/GHS_BUILT_S_E2020_GLOBE_R2023A_4326_3ss_V1_0.tif [1/1] : 0...10...20...30...40...50...60...70...80...90...100 - done.
Creating output file that is 12000P x 12000L.
Processing /spatial_data/Original_Datasets/GHSL/uncompressed/builtup/R2023A/GHS_BUILT_S_E2020_GLOBE_R2023A_4326_3ss_V1_0.tif [1/1] : 0...10...20...30...40...50...60...70...80...90...100 - done.
ERROR 1: Output dataset /spatial_data/Derived_Datasets/RASTER/GHSL/R2023A/builtup/tiles_2020/builtup_tile_251.tif exists,
but some command line options were provided indicating a new dataset
should be created.  Please delete existing dataset and run again.

Creating output file that is 12000P x 12000L.
Processing /spatial_data/Original_Datasets/GHSL/uncompressed/builtup/R2023A/GHS_BUILT_S_E2020_GLOBE_R2023A_4326_3ss_V1_0.tif [1/1] : 0...10...20...30...40...50...60...70...80...90...100 - done.
ERROR 1: Output dataset /spatial_data/Derived_Datasets/RASTER/GHSL/R2023A/builtup/tiles_2020/builtup_tile_252.tif exists,
but some command line options were provided indicating a new dataset
should be created.  Please delete existing dataset and run again.

Creating output file that is 12000P x 12000L.
Processing /spatial_data/Original_Datasets/GHSL/uncompressed/builtup/R2023A/GHS_BUILT_S_E2020_GLOBE_R2023A_4326_3ss_V1_0.tif [1/1] : 0...10...20...30...40...50...60...70...80...90...100 - done.
Creating output file that is 12000P x 12000L.
Processing /spatial_data/Original_Datasets/GHSL/uncompressed/builtup/R2023A/GHS_BUILT_S_E2020_GLOBE_R2023A_4326_3ss_V1_0.tif [1/1] : 0...10...20...30...40...50...60...70...80...90...100 - done.
Creating output file that is 12000P x 12000L.
Processing /spatial_data/Original_Datasets/GHSL/uncompressed/builtup/R2023A/GHS_BUILT_S_E2020_GLOBE_R2023A_4326_3ss_V1_0.tif [1/1] : 0...10...20...30...40...50...60...70...80...90...100 - done.
Creating output file that is 12000P x 12000L.
Processing /spatial_data/Original_Datasets/GHSL/uncompressed/builtup/R2023A/GHS_BUILT_S_E2020_GLOBE_R2023A_4326_3ss_V1_0.tif [1/1] : 0...10...20...30...40...50...60...70...80...90...100 - done.
Creating output file that is 12000P x 12000L.
Processing /spatial_data/Original_Datasets/GHSL/uncompressed/builtup/R2023A/GHS_BUILT_S_E2020_GLOBE_R2023A_4326_3ss_V1_0.tif [1/1] : 0...10...20...30...40...50...60...70...80...90...100 - done.
Creating output file that is 12000P x 12000L.
Processing /spatial_data/Original_Datasets/GHSL/uncompressed/builtup/R2023A/GHS_BUILT_S_E2020_GLOBE_R2023A_4326_3ss_V1_0.tif [1/1] : 0...10...20...30...40...50...60...70...80...90...100 - done.
Creating output file that is 12000P x 12000L.
Processing /spatial_data/Original_Datasets/GHSL/uncompressed/builtup/R2023A/GHS_BUILT_S_E2020_GLOBE_R2023A_4326_3ss_V1_0.tif [1/1] : 0...10...20...30...40...50...60...70...80...90...100 - done.
Creating output file that is 12000P x 12000L.
Processing /spatial_data/Original_Datasets/GHSL/uncompressed/builtup/R2023A/GHS_BUILT_S_E2020_GLOBE_R2023A_4326_3ss_V1_0.tif [1/1] : 0...10...20...30...40...50...60...70...80...90...100 - done.
Creating output file that is 12000P x 12000L.
Processing /spatial_data/Original_Datasets/GHSL/uncompressed/builtup/R2023A/GHS_BUILT_S_E2020_GLOBE_R2023A_4326_3ss_V1_0.tif [1/1] : 0...10...20...30...40...50...60...70...80...90...100 - done.
Creating output file that is 12000P x 12000L.
Processing /spatial_data/Original_Datasets/GHSL/uncompressed/builtup/R2023A/GHS_BUILT_S_E2020_GLOBE_R2023A_4326_3ss_V1_0.tif [1/1] : 0...10...20...30...40...50...60...70...80...90...100 - done.
Creating output file that is 12000P x 12000L.
Processing /spatial_data/Original_Datasets/GHSL/uncompressed/builtup/R2023A/GHS_BUILT_S_E2020_GLOBE_R2023A_4326_3ss_V1_0.tif [1/1] : 0...10...20...30...40...50...60...70...80...90...100 - done.
Creating output file that is 12000P x 12000L.
Processing /spatial_data/Original_Datasets/GHSL/uncompressed/builtup/R2023A/GHS_BUILT_S_E2020_GLOBE_R2023A_4326_3ss_V1_0.tif [1/1] : 0...10...20...30...40...50...60...70...80...90...100 - done.
Creating output file that is 12000P x 12000L.
Processing /spatial_data/Original_Datasets/GHSL/uncompressed/builtup/R2023A/GHS_BUILT_S_E2020_GLOBE_R2023A_4326_3ss_V1_0.tif [1/1] : 0...10...20...30...40...50...60...70...80...90...100 - done.
Creating output file that is 12000P x 12000L.
Processing /spatial_data/Original_Datasets/GHSL/uncompressed/builtup/R2023A/GHS_BUILT_S_E2020_GLOBE_R2023A_4326_3ss_V1_0.tif [1/1] : 0...10...20...30...40...50...60...70...80...90...100 - done.
Creating output file that is 12000P x 12000L.
Processing /spatial_data/Original_Datasets/GHSL/uncompressed/builtup/R2023A/GHS_BUILT_S_E2020_GLOBE_R2023A_4326_3ss_V1_0.tif [1/1] : 0...10...20...30...40...50...60...70...80...90...100 - done.
Creating output file that is 12000P x 12000L.
Processing /spatial_data/Original_Datasets/GHSL/uncompressed/builtup/R2023A/GHS_BUILT_S_E2020_GLOBE_R2023A_4326_3ss_V1_0.tif [1/1] : 0...10...20...30...40...50...60...70...80...90...100 - done.
Creating output file that is 12000P x 12000L.
Processing /spatial_data/Original_Datasets/GHSL/uncompressed/builtup/R2023A/GHS_BUILT_S_E2020_GLOBE_R2023A_4326_3ss_V1_0.tif [1/1] : 0...10...20...30...40...50...60...70...80...90...100 - done.
Creating output file that is 12000P x 12000L.
Processing /spatial_data/Original_Datasets/GHSL/uncompressed/builtup/R2023A/GHS_BUILT_S_E2020_GLOBE_R2023A_4326_3ss_V1_0.tif [1/1] : 0...10...20...30...40...50...60...70...80...90...100 - done.
Creating output file that is 12000P x 12000L.
Processing /spatial_data/Original_Datasets/GHSL/uncompressed/builtup/R2023A/GHS_BUILT_S_E2020_GLOBE_R2023A_4326_3ss_V1_0.tif [1/1] : 0...10...20...30...40...50...60...70...80...90...100 - done.
Creating output file that is 12000P x 12000L.
Processing /spatial_data/Original_Datasets/GHSL/uncompressed/builtup/R2023A/GHS_BUILT_S_E2020_GLOBE_R2023A_4326_3ss_V1_0.tif [1/1] : 0...10...20...30...40...50...60...70...80...90...100 - done.
Creating output file that is 12000P x 12000L.
Processing /spatial_data/Original_Datasets/GHSL/uncompressed/builtup/R2023A/GHS_BUILT_S_E2020_GLOBE_R2023A_4326_3ss_V1_0.tif [1/1] : 0...10...20...30...40...50...60...70...80...90...100 - done.
Creating output file that is 12000P x 12000L.
Processing /spatial_data/Original_Datasets/GHSL/uncompressed/builtup/R2023A/GHS_BUILT_S_E2020_GLOBE_R2023A_4326_3ss_V1_0.tif [1/1] : 0...10...20...30...40...50...60...70...80...90...100 - done.
Creating output file that is 12000P x 12000L.
Processing /spatial_data/Original_Datasets/GHSL/uncompressed/builtup/R2023A/GHS_BUILT_S_E2020_GLOBE_R2023A_4326_3ss_V1_0.tif [1/1] : 0...10...20...30...40...50...60...70...80...90...100 - done.
Creating output file that is 12000P x 12000L.
Processing /spatial_data/Original_Datasets/GHSL/uncompressed/builtup/R2023A/GHS_BUILT_S_E2020_GLOBE_R2023A_4326_3ss_V1_0.tif [1/1] : 0...10...20...30...40...50...60...70...80...90...100 - done.
Creating output file that is 12000P x 12000L.
Processing /spatial_data/Original_Datasets/GHSL/uncompressed/builtup/R2023A/GHS_BUILT_S_E2020_GLOBE_R2023A_4326_3ss_V1_0.tif [1/1] : 0...10...20...30...40...50...60...70...80...90...100 - done.
ERROR 1: Output dataset /spatial_data/Derived_Datasets/RASTER/GHSL/R2023A/builtup/tiles_2020/builtup_tile_265.tif exists,
but some command line options were provided indicating a new dataset
should be created.  Please delete existing dataset and run again.

Creating output file that is 12000P x 12000L.
Processing /spatial_data/Original_Datasets/GHSL/uncompressed/builtup/R2023A/GHS_BUILT_S_E2020_GLOBE_R2023A_4326_3ss_V1_0.tif [1/1] : 0...10...20...30...40...50...60...70...80...90...100 - done.
Creating output file that is 12000P x 12000L.
Processing /spatial_data/Original_Datasets/GHSL/uncompressed/builtup/R2023A/GHS_BUILT_S_E2020_GLOBE_R2023A_4326_3ss_V1_0.tif [1/1] : 0...10...20...30...40...50...60...70...80...90...100 - done.
Creating output file that is 12000P x 12000L.
Processing /spatial_data/Original_Datasets/GHSL/uncompressed/builtup/R2023A/GHS_BUILT_S_E2020_GLOBE_R2023A_4326_3ss_V1_0.tif [1/1] : 0...10...20...30...40...50...60...70...80...90...100 - done.
Creating output file that is 12000P x 12000L.
Processing /spatial_data/Original_Datasets/GHSL/uncompressed/builtup/R2023A/GHS_BUILT_S_E2020_GLOBE_R2023A_4326_3ss_V1_0.tif [1/1] : 0...10...20...30...40...50...60...70...80...90...100 - done.
Creating output file that is 12000P x 12000L.
Processing /spatial_data/Original_Datasets/GHSL/uncompressed/builtup/R2023A/GHS_BUILT_S_E2020_GLOBE_R2023A_4326_3ss_V1_0.tif [1/1] : 0...10...20...30...40...50...60...70...80...90...100 - done.
Creating output file that is 12000P x 12000L.
Processing /spatial_data/Original_Datasets/GHSL/uncompressed/builtup/R2023A/GHS_BUILT_S_E2020_GLOBE_R2023A_4326_3ss_V1_0.tif [1/1] : 0...10...20...30...40...50...60...70...80...90...100 - done.
Creating output file that is 12000P x 12000L.
Processing /spatial_data/Original_Datasets/GHSL/uncompressed/builtup/R2023A/GHS_BUILT_S_E2020_GLOBE_R2023A_4326_3ss_V1_0.tif [1/1] : 0...10...20...30...40...50...60...70...80...90...100 - done.
Creating output file that is 12000P x 12000L.
Processing /spatial_data/Original_Datasets/GHSL/uncompressed/builtup/R2023A/GHS_BUILT_S_E2020_GLOBE_R2023A_4326_3ss_V1_0.tif [1/1] : 0...10...20...30...40...50...60...70...80...90...100 - done.
Creating output file that is 12000P x 12000L.
Processing /spatial_data/Original_Datasets/GHSL/uncompressed/builtup/R2023A/GHS_BUILT_S_E2020_GLOBE_R2023A_4326_3ss_V1_0.tif [1/1] : 0...10...20...30...40...50...60...70...80...90...100 - done.
Creating output file that is 12000P x 12000L.
Processing /spatial_data/Original_Datasets/GHSL/uncompressed/builtup/R2023A/GHS_BUILT_S_E2020_GLOBE_R2023A_4326_3ss_V1_0.tif [1/1] : 0...10...20...30...40...50...60...70...80...90...100 - done.
Creating output file that is 12000P x 12000L.
Processing /spatial_data/Original_Datasets/GHSL/uncompressed/builtup/R2023A/GHS_BUILT_S_E2020_GLOBE_R2023A_4326_3ss_V1_0.tif [1/1] : 0...10...20...30...40...50...60...70...80...90...100 - done.
Creating output file that is 12000P x 12000L.
Processing /spatial_data/Original_Datasets/GHSL/uncompressed/builtup/R2023A/GHS_BUILT_S_E2020_GLOBE_R2023A_4326_3ss_V1_0.tif [1/1] : 0...10...20...30...40...50...60...70...80...90...100 - done.
Creating output file that is 12000P x 12000L.
Processing /spatial_data/Original_Datasets/GHSL/uncompressed/builtup/R2023A/GHS_BUILT_S_E2020_GLOBE_R2023A_4326_3ss_V1_0.tif [1/1] : 0...10...20...30...40...50...60...70...80...90...100 - done.
Creating output file that is 12000P x 12000L.
Processing /spatial_data/Original_Datasets/GHSL/uncompressed/builtup/R2023A/GHS_BUILT_S_E2020_GLOBE_R2023A_4326_3ss_V1_0.tif [1/1] : 0...10...20...30...40...50...60...70...80...90...100 - done.
Creating output file that is 12000P x 12000L.
Processing /spatial_data/Original_Datasets/GHSL/uncompressed/builtup/R2023A/GHS_BUILT_S_E2020_GLOBE_R2023A_4326_3ss_V1_0.tif [1/1] : 0...10...20...30...40...50...60...70...80...90...100 - done.
Creating output file that is 12000P x 12000L.
Processing /spatial_data/Original_Datasets/GHSL/uncompressed/builtup/R2023A/GHS_BUILT_S_E2020_GLOBE_R2023A_4326_3ss_V1_0.tif [1/1] : 0...10...20...30...40...50...60...70...80...90...100 - done.
Creating output file that is 12000P x 12000L.
Processing /spatial_data/Original_Datasets/GHSL/uncompressed/builtup/R2023A/GHS_BUILT_S_E2020_GLOBE_R2023A_4326_3ss_V1_0.tif [1/1] : 0...10...20...30...40...50...60...70...80...90...100 - done.
Creating output file that is 12000P x 12000L.
Processing /spatial_data/Original_Datasets/GHSL/uncompressed/builtup/R2023A/GHS_BUILT_S_E2020_GLOBE_R2023A_4326_3ss_V1_0.tif [1/1] : 0...10...20...30...40...50...60...70...80...90...100 - done.
Creating output file that is 12000P x 12000L.
Processing /spatial_data/Original_Datasets/GHSL/uncompressed/builtup/R2023A/GHS_BUILT_S_E2020_GLOBE_R2023A_4326_3ss_V1_0.tif [1/1] : 0...10...20...30...40...50...60...70...80...90...100 - done.
Creating output file that is 12000P x 12000L.
Processing /spatial_data/Original_Datasets/GHSL/uncompressed/builtup/R2023A/GHS_BUILT_S_E2020_GLOBE_R2023A_4326_3ss_V1_0.tif [1/1] : 0...10...20...30...40...50...60...70...80...90...100 - done.
Creating output file that is 12000P x 12000L.
Processing /spatial_data/Original_Datasets/GHSL/uncompressed/builtup/R2023A/GHS_BUILT_S_E2020_GLOBE_R2023A_4326_3ss_V1_0.tif [1/1] : 0...10...20...30...40...50...60...70...80...90...100 - done.
Creating output file that is 12000P x 12000L.
Processing /spatial_data/Original_Datasets/GHSL/uncompressed/builtup/R2023A/GHS_BUILT_S_E2020_GLOBE_R2023A_4326_3ss_V1_0.tif [1/1] : 0...10...20...30...40...50...60...70...80...90...100 - done.
Creating output file that is 12000P x 12000L.
Processing /spatial_data/Original_Datasets/GHSL/uncompressed/builtup/R2023A/GHS_BUILT_S_E2020_GLOBE_R2023A_4326_3ss_V1_0.tif [1/1] : 0...10...20...30...40...50...60...70...80...90...100 - done.
Creating output file that is 12000P x 12000L.
Processing /spatial_data/Original_Datasets/GHSL/uncompressed/builtup/R2023A/GHS_BUILT_S_E2020_GLOBE_R2023A_4326_3ss_V1_0.tif [1/1] : 0...10...20...30...40...50...60...70...80...90...100 - done.
Creating output file that is 12000P x 12000L.
Processing /spatial_data/Original_Datasets/GHSL/uncompressed/builtup/R2023A/GHS_BUILT_S_E2020_GLOBE_R2023A_4326_3ss_V1_0.tif [1/1] : 0...10...20...30...40...50...60...70...80...90...100 - done.
Creating output file that is 12000P x 12000L.
Processing /spatial_data/Original_Datasets/GHSL/uncompressed/builtup/R2023A/GHS_BUILT_S_E2020_GLOBE_R2023A_4326_3ss_V1_0.tif [1/1] : 0...10...20...30...40...50...60...70...80...90...100 - done.
ERROR 1: Output dataset /spatial_data/Derived_Datasets/RASTER/GHSL/R2023A/builtup/tiles_2020/builtup_tile_277.tif exists, but cannot be opened in update mode

Creating output file that is 12000P x 12000L.
Processing /spatial_data/Original_Datasets/GHSL/uncompressed/builtup/R2023A/GHS_BUILT_S_E2020_GLOBE_R2023A_4326_3ss_V1_0.tif [1/1] : 0...10...20...30...40...50...60...70...80...90...100 - done.
Creating output file that is 12000P x 12000L.
Processing /spatial_data/Original_Datasets/GHSL/uncompressed/builtup/R2023A/GHS_BUILT_S_E2020_GLOBE_R2023A_4326_3ss_V1_0.tif [1/1] : 0...10...20...30...40...50...60...70...80...90...100 - done.
Creating output file that is 12000P x 12000L.
Processing /spatial_data/Original_Datasets/GHSL/uncompressed/builtup/R2023A/GHS_BUILT_S_E2020_GLOBE_R2023A_4326_3ss_V1_0.tif [1/1] : 0...10...20...30...40...50...60...70...80...90...100 - done.
Creating output file that is 12000P x 12000L.
Processing /spatial_data/Original_Datasets/GHSL/uncompressed/builtup/R2023A/GHS_BUILT_S_E2020_GLOBE_R2023A_4326_3ss_V1_0.tif [1/1] : 0...10...20...30...40...50...60...70...80...90...100 - done.
Creating output file that is 12000P x 12000L.
Processing /spatial_data/Original_Datasets/GHSL/uncompressed/builtup/R2023A/GHS_BUILT_S_E2020_GLOBE_R2023A_4326_3ss_V1_0.tif [1/1] : 0...10...20...30...40...50...60...70...80...90...100 - done.
Creating output file that is 12000P x 12000L.
Processing /spatial_data/Original_Datasets/GHSL/uncompressed/builtup/R2023A/GHS_BUILT_S_E2020_GLOBE_R2023A_4326_3ss_V1_0.tif [1/1] : 0...10...20...30...40...50...60...70...80...90...100 - done.
Creating output file that is 12000P x 12000L.
Processing /spatial_data/Original_Datasets/GHSL/uncompressed/builtup/R2023A/GHS_BUILT_S_E2020_GLOBE_R2023A_4326_3ss_V1_0.tif [1/1] : 0...10...20...30...40...50...60...70...80...90...100 - done.
Creating output file that is 12000P x 12000L.
Processing /spatial_data/Original_Datasets/GHSL/uncompressed/builtup/R2023A/GHS_BUILT_S_E2020_GLOBE_R2023A_4326_3ss_V1_0.tif [1/1] : 0...10...20...30...40...50...60...70...80...90...100 - done.
Creating output file that is 12000P x 12000L.
Processing /spatial_data/Original_Datasets/GHSL/uncompressed/builtup/R2023A/GHS_BUILT_S_E2020_GLOBE_R2023A_4326_3ss_V1_0.tif [1/1] : 0...10...20...30...40...50...60...70...80...90...100 - done.
ERROR 1: Output dataset /spatial_data/Derived_Datasets/RASTER/GHSL/R2023A/builtup/tiles_2020/builtup_tile_283.tif exists,
but some command line options were provided indicating a new dataset
should be created.  Please delete existing dataset and run again.

Creating output file that is 12000P x 12000L.
Processing /spatial_data/Original_Datasets/GHSL/uncompressed/builtup/R2023A/GHS_BUILT_S_E2020_GLOBE_R2023A_4326_3ss_V1_0.tif [1/1] : 0...10...20...30...40...50...60...70...80...90...100 - done.
Creating output file that is 12000P x 12000L.
Processing /spatial_data/Original_Datasets/GHSL/uncompressed/builtup/R2023A/GHS_BUILT_S_E2020_GLOBE_R2023A_4326_3ss_V1_0.tif [1/1] : 0...10...20...30...40...50...60...70...80...90...100 - done.
Creating output file that is 12000P x 12000L.
Processing /spatial_data/Original_Datasets/GHSL/uncompressed/builtup/R2023A/GHS_BUILT_S_E2020_GLOBE_R2023A_4326_3ss_V1_0.tif [1/1] : 0...10...20...30...40...50...60...70...80...90...100 - done.
Creating output file that is 12000P x 12000L.
Processing /spatial_data/Original_Datasets/GHSL/uncompressed/builtup/R2023A/GHS_BUILT_S_E2020_GLOBE_R2023A_4326_3ss_V1_0.tif [1/1] : 0...10...20...30...40...50...60...70...80...90...100 - done.
ERROR 1: Output dataset /spatial_data/Derived_Datasets/RASTER/GHSL/R2023A/builtup/tiles_2020/builtup_tile_286.tif exists,
but some command line options were provided indicating a new dataset
should be created.  Please delete existing dataset and run again.

Creating output file that is 12000P x 12000L.
Processing /spatial_data/Original_Datasets/GHSL/uncompressed/builtup/R2023A/GHS_BUILT_S_E2020_GLOBE_R2023A_4326_3ss_V1_0.tif [1/1] : 0...10...20...30...40...50...60...70...80...90...100 - done.
Creating output file that is 12000P x 12000L.
Processing /spatial_data/Original_Datasets/GHSL/uncompressed/builtup/R2023A/GHS_BUILT_S_E2020_GLOBE_R2023A_4326_3ss_V1_0.tif [1/1] : 0...10...20...30...40...50...60...70...80...90...100 - done.
Creating output file that is 12000P x 12000L.
Processing /spatial_data/Original_Datasets/GHSL/uncompressed/builtup/R2023A/GHS_BUILT_S_E2020_GLOBE_R2023A_4326_3ss_V1_0.tif [1/1] : 0...10...20...30...40...50...60...70...80...90...100 - done.
Creating output file that is 12000P x 12000L.
Processing /spatial_data/Original_Datasets/GHSL/uncompressed/builtup/R2023A/GHS_BUILT_S_E2020_GLOBE_R2023A_4326_3ss_V1_0.tif [1/1] : 0...10...20...30...40...50...60...70...80...90...100 - done.
Creating output file that is 12000P x 12000L.
Processing /spatial_data/Original_Datasets/GHSL/uncompressed/builtup/R2023A/GHS_BUILT_S_E2020_GLOBE_R2023A_4326_3ss_V1_0.tif [1/1] : 0...10...20...30...40...50...60...70...80...90...100 - done.
Creating output file that is 12000P x 12000L.
Processing /spatial_data/Original_Datasets/GHSL/uncompressed/builtup/R2023A/GHS_BUILT_S_E2020_GLOBE_R2023A_4326_3ss_V1_0.tif [1/1] : 0...10...20...30...40...50...60...70...80...90...100 - done.
Creating output file that is 12000P x 12000L.
Processing /spatial_data/Original_Datasets/GHSL/uncompressed/builtup/R2023A/GHS_BUILT_S_E2020_GLOBE_R2023A_4326_3ss_V1_0.tif [1/1] : 0...10...20...30...40...50...60...70...80...90...100 - done.
Creating output file that is 12000P x 12000L.
Processing /spatial_data/Original_Datasets/GHSL/uncompressed/builtup/R2023A/GHS_BUILT_S_E2020_GLOBE_R2023A_4326_3ss_V1_0.tif [1/1] : 0...10...20...30...40...50...60...70...80...90...100 - done.
Creating output file that is 12000P x 12000L.
Processing /spatial_data/Original_Datasets/GHSL/uncompressed/builtup/R2023A/GHS_BUILT_S_E2020_GLOBE_R2023A_4326_3ss_V1_0.tif [1/1] : 0...10...20...30...40...50...60...70...80...90...100 - done.
Creating output file that is 12000P x 12000L.
Processing /spatial_data/Original_Datasets/GHSL/uncompressed/builtup/R2023A/GHS_BUILT_S_E2020_GLOBE_R2023A_4326_3ss_V1_0.tif [1/1] : 0...10...20...30...40...50...60...70...80...90...100 - done.
Creating output file that is 12000P x 12000L.
Processing /spatial_data/Original_Datasets/GHSL/uncompressed/builtup/R2023A/GHS_BUILT_S_E2020_GLOBE_R2023A_4326_3ss_V1_0.tif [1/1] : 0...10...20...30...40...50...60...70...80...90...100 - done.
Creating output file that is 12000P x 12000L.
Processing /spatial_data/Original_Datasets/GHSL/uncompressed/builtup/R2023A/GHS_BUILT_S_E2020_GLOBE_R2023A_4326_3ss_V1_0.tif [1/1] : 0...10...20...30...40...50...60...70...80...90...100 - done.
Creating output file that is 12000P x 12000L.
Processing /spatial_data/Original_Datasets/GHSL/uncompressed/builtup/R2023A/GHS_BUILT_S_E2020_GLOBE_R2023A_4326_3ss_V1_0.tif [1/1] : 0...10...20...30...40...50...60...70...80...90...100 - done.
Creating output file that is 12000P x 12000L.
Processing /spatial_data/Original_Datasets/GHSL/uncompressed/builtup/R2023A/GHS_BUILT_S_E2020_GLOBE_R2023A_4326_3ss_V1_0.tif [1/1] : 0...10...20...30...40...50...60...70...80...90...100 - done.
Creating output file that is 12000P x 12000L.
Processing /spatial_data/Original_Datasets/GHSL/uncompressed/builtup/R2023A/GHS_BUILT_S_E2020_GLOBE_R2023A_4326_3ss_V1_0.tif [1/1] : 0...10...20...30...40...50...60...70...80...90...100 - done.
Creating output file that is 12000P x 12000L.
Processing /spatial_data/Original_Datasets/GHSL/uncompressed/builtup/R2023A/GHS_BUILT_S_E2020_GLOBE_R2023A_4326_3ss_V1_0.tif [1/1] : 0...10...20...30...40...50...60...70...80...90...100 - done.
Creating output file that is 12000P x 12000L.
Processing /spatial_data/Original_Datasets/GHSL/uncompressed/builtup/R2023A/GHS_BUILT_S_E2020_GLOBE_R2023A_4326_3ss_V1_0.tif [1/1] : 0...10...20...30...40...50...60...70...80...90...100 - done.
Creating output file that is 12000P x 12000L.
Processing /spatial_data/Original_Datasets/GHSL/uncompressed/builtup/R2023A/GHS_BUILT_S_E2020_GLOBE_R2023A_4326_3ss_V1_0.tif [1/1] : 0...10...20...30...40...50...60...70...80...90...100 - done.
Creating output file that is 12000P x 12000L.
Processing /spatial_data/Original_Datasets/GHSL/uncompressed/builtup/R2023A/GHS_BUILT_S_E2020_GLOBE_R2023A_4326_3ss_V1_0.tif [1/1] : 0...10...20...30...40...50...60...70...80...90...100 - done.
Creating output file that is 12000P x 12000L.
Processing /spatial_data/Original_Datasets/GHSL/uncompressed/builtup/R2023A/GHS_BUILT_S_E2020_GLOBE_R2023A_4326_3ss_V1_0.tif [1/1] : 0...10...20...30...40...50...60...70...80...90...100 - done.
Creating output file that is 12000P x 12000L.
Processing /spatial_data/Original_Datasets/GHSL/uncompressed/builtup/R2023A/GHS_BUILT_S_E2020_GLOBE_R2023A_4326_3ss_V1_0.tif [1/1] : 0...10...20...30...40...50...60...70...80...90...100 - done.
Creating output file that is 12000P x 12000L.
Processing /spatial_data/Original_Datasets/GHSL/uncompressed/builtup/R2023A/GHS_BUILT_S_E2020_GLOBE_R2023A_4326_3ss_V1_0.tif [1/1] : 0...10...20...30...40...50...60...70...80...90...100 - done.
Creating output file that is 12000P x 12000L.
Processing /spatial_data/Original_Datasets/GHSL/uncompressed/builtup/R2023A/GHS_BUILT_S_E2020_GLOBE_R2023A_4326_3ss_V1_0.tif [1/1] : 0...10...20...30...40...50...60...70...80...90...100 - done.
Creating output file that is 12000P x 12000L.
Processing /spatial_data/Original_Datasets/GHSL/uncompressed/builtup/R2023A/GHS_BUILT_S_E2020_GLOBE_R2023A_4326_3ss_V1_0.tif [1/1] : 0...10...20...30...40...50...60...70...80...90...100 - done.
Creating output file that is 12000P x 12000L.
Processing /spatial_data/Original_Datasets/GHSL/uncompressed/builtup/R2023A/GHS_BUILT_S_E2020_GLOBE_R2023A_4326_3ss_V1_0.tif [1/1] : 0...10...20...30...40...50...60...70...80...90...100 - done.
ERROR 1: Output dataset /spatial_data/Derived_Datasets/RASTER/GHSL/R2023A/builtup/tiles_2020/builtup_tile_298.tif exists,
but some command line options were provided indicating a new dataset
should be created.  Please delete existing dataset and run again.

Creating output file that is 12000P x 12000L.
Processing /spatial_data/Original_Datasets/GHSL/uncompressed/builtup/R2023A/GHS_BUILT_S_E2020_GLOBE_R2023A_4326_3ss_V1_0.tif [1/1] : 0...10...20...30...40...50...60...70...80...90...100 - done.
Creating output file that is 12000P x 12000L.
Processing /spatial_data/Original_Datasets/GHSL/uncompressed/builtup/R2023A/GHS_BUILT_S_E2020_GLOBE_R2023A_4326_3ss_V1_0.tif [1/1] : 0...10...20...30...40...50...60...70...80...90...100 - done.
Creating output file that is 12000P x 12000L.
Processing /spatial_data/Original_Datasets/GHSL/uncompressed/builtup/R2023A/GHS_BUILT_S_E2020_GLOBE_R2023A_4326_3ss_V1_0.tif [1/1] : 0...10...20...30...40...50...60...70...80...90...100 - done.
Creating output file that is 12000P x 12000L.
Processing /spatial_data/Original_Datasets/GHSL/uncompressed/builtup/R2023A/GHS_BUILT_S_E2020_GLOBE_R2023A_4326_3ss_V1_0.tif [1/1] : 0...10...20...30...40...50...60...70...80...90...100 - done.
ERROR 1: Output dataset /spatial_data/Derived_Datasets/RASTER/GHSL/R2023A/builtup/tiles_2020/builtup_tile_301.tif exists,
but some command line options were provided indicating a new dataset
should be created.  Please delete existing dataset and run again.

Creating output file that is 12000P x 12000L.
Processing /spatial_data/Original_Datasets/GHSL/uncompressed/builtup/R2023A/GHS_BUILT_S_E2020_GLOBE_R2023A_4326_3ss_V1_0.tif [1/1] : 0...10...20...30...40...50...60...70...80...90...100 - done.
Creating output file that is 12000P x 12000L.
Processing /spatial_data/Original_Datasets/GHSL/uncompressed/builtup/R2023A/GHS_BUILT_S_E2020_GLOBE_R2023A_4326_3ss_V1_0.tif [1/1] : 0...10...20...30...40...50...60...70...80...90...100 - done.
Creating output file that is 12000P x 12000L.
Processing /spatial_data/Original_Datasets/GHSL/uncompressed/builtup/R2023A/GHS_BUILT_S_E2020_GLOBE_R2023A_4326_3ss_V1_0.tif [1/1] : 0...10...20...30...40...50...60...70...80...90...100 - done.
Creating output file that is 12000P x 12000L.
Processing /spatial_data/Original_Datasets/GHSL/uncompressed/builtup/R2023A/GHS_BUILT_S_E2020_GLOBE_R2023A_4326_3ss_V1_0.tif [1/1] : 0...10...20...30...40...50...60...70...80...90...100 - done.
Creating output file that is 12000P x 12000L.
Processing /spatial_data/Original_Datasets/GHSL/uncompressed/builtup/R2023A/GHS_BUILT_S_E2020_GLOBE_R2023A_4326_3ss_V1_0.tif [1/1] : 0...10...20...30...40...50...60...70...80...90...100 - done.
ERROR 1: Output dataset /spatial_data/Derived_Datasets/RASTER/GHSL/R2023A/builtup/tiles_2020/builtup_tile_304.tif exists,
but some command line options were provided indicating a new dataset
should be created.  Please delete existing dataset and run again.

Creating output file that is 12000P x 12000L.
Processing /spatial_data/Original_Datasets/GHSL/uncompressed/builtup/R2023A/GHS_BUILT_S_E2020_GLOBE_R2023A_4326_3ss_V1_0.tif [1/1] : 0...10...20...30...40...50...60...70...80...90...100 - done.
Creating output file that is 12000P x 12000L.
Processing /spatial_data/Original_Datasets/GHSL/uncompressed/builtup/R2023A/GHS_BUILT_S_E2020_GLOBE_R2023A_4326_3ss_V1_0.tif [1/1] : 0...10...20...30...40...50...60...70...80...90...100 - done.
Creating output file that is 12000P x 12000L.
Processing /spatial_data/Original_Datasets/GHSL/uncompressed/builtup/R2023A/GHS_BUILT_S_E2020_GLOBE_R2023A_4326_3ss_V1_0.tif [1/1] : 0...10...20...30...40...50...60...70...80...90...100 - done.
Creating output file that is 12000P x 12000L.
Processing /spatial_data/Original_Datasets/GHSL/uncompressed/builtup/R2023A/GHS_BUILT_S_E2020_GLOBE_R2023A_4326_3ss_V1_0.tif [1/1] : 0...10...20...30...40...50...60...70...80...90...100 - done.
Creating output file that is 12000P x 12000L.
Processing /spatial_data/Original_Datasets/GHSL/uncompressed/builtup/R2023A/GHS_BUILT_S_E2020_GLOBE_R2023A_4326_3ss_V1_0.tif [1/1] : 0...10...20...30...40...50...60...70...80...90...100 - done.
Creating output file that is 12000P x 12000L.
Processing /spatial_data/Original_Datasets/GHSL/uncompressed/builtup/R2023A/GHS_BUILT_S_E2020_GLOBE_R2023A_4326_3ss_V1_0.tif [1/1] : 0...10...20...30...40...50...60...70...80...90...100 - done.
Creating output file that is 12000P x 12000L.
Processing /spatial_data/Original_Datasets/GHSL/uncompressed/builtup/R2023A/GHS_BUILT_S_E2020_GLOBE_R2023A_4326_3ss_V1_0.tif [1/1] : 0...10...20...30...40...50...60...70...80...90...100 - done.
ERROR 1: Output dataset /spatial_data/Derived_Datasets/RASTER/GHSL/R2023A/builtup/tiles_2020/builtup_tile_308.tif exists,
but some command line options were provided indicating a new dataset
should be created.  Please delete existing dataset and run again.

Creating output file that is 12000P x 12000L.
Processing /spatial_data/Original_Datasets/GHSL/uncompressed/builtup/R2023A/GHS_BUILT_S_E2020_GLOBE_R2023A_4326_3ss_V1_0.tif [1/1] : 0...10...20...30...40...50...60...70...80...90...100 - done.
Creating output file that is 12000P x 12000L.
Processing /spatial_data/Original_Datasets/GHSL/uncompressed/builtup/R2023A/GHS_BUILT_S_E2020_GLOBE_R2023A_4326_3ss_V1_0.tif [1/1] : 0...10...20...30...40...50...60...70...80...90...100 - done.
Creating output file that is 12000P x 12000L.
Processing /spatial_data/Original_Datasets/GHSL/uncompressed/builtup/R2023A/GHS_BUILT_S_E2020_GLOBE_R2023A_4326_3ss_V1_0.tif [1/1] : 0...10...20...30...40...50...60...70...80...90...100 - done.
Creating output file that is 12000P x 12000L.
Processing /spatial_data/Original_Datasets/GHSL/uncompressed/builtup/R2023A/GHS_BUILT_S_E2020_GLOBE_R2023A_4326_3ss_V1_0.tif [1/1] : 0...10...20...30...40...50...60...70...80...90...100 - done.
Creating output file that is 12000P x 12000L.
Processing /spatial_data/Original_Datasets/GHSL/uncompressed/builtup/R2023A/GHS_BUILT_S_E2020_GLOBE_R2023A_4326_3ss_V1_0.tif [1/1] : 0...10...20...30...40...50...60...70...80...90...100 - done.
Creating output file that is 12000P x 12000L.
Processing /spatial_data/Original_Datasets/GHSL/uncompressed/builtup/R2023A/GHS_BUILT_S_E2020_GLOBE_R2023A_4326_3ss_V1_0.tif [1/1] : 0...10...20...30...40...50...60...70...80...90...100 - done.
Creating output file that is 12000P x 12000L.
Processing /spatial_data/Original_Datasets/GHSL/uncompressed/builtup/R2023A/GHS_BUILT_S_E2020_GLOBE_R2023A_4326_3ss_V1_0.tif [1/1] : 0...10...20...30...40...50...60...70...80...90...100 - done.
Creating output file that is 12000P x 12000L.
Processing /spatial_data/Original_Datasets/GHSL/uncompressed/builtup/R2023A/GHS_BUILT_S_E2020_GLOBE_R2023A_4326_3ss_V1_0.tif [1/1] : 0...10...20...30...40...50...60...70...80...90...100 - done.
Creating output file that is 12000P x 12000L.
Processing /spatial_data/Original_Datasets/GHSL/uncompressed/builtup/R2023A/GHS_BUILT_S_E2020_GLOBE_R2023A_4326_3ss_V1_0.tif [1/1] : 0...10...20...30...40...50...60...70...80...90...100 - done.
Creating output file that is 12000P x 12000L.
Processing /spatial_data/Original_Datasets/GHSL/uncompressed/builtup/R2023A/GHS_BUILT_S_E2020_GLOBE_R2023A_4326_3ss_V1_0.tif [1/1] : 0...10...20...30...40...50...60...70...80...90...100 - done.
Creating output file that is 12000P x 12000L.
Processing /spatial_data/Original_Datasets/GHSL/uncompressed/builtup/R2023A/GHS_BUILT_S_E2020_GLOBE_R2023A_4326_3ss_V1_0.tif [1/1] : 0...10...20...30...40...50...60...70...80...90...100 - done.
Creating output file that is 12000P x 12000L.
Processing /spatial_data/Original_Datasets/GHSL/uncompressed/builtup/R2023A/GHS_BUILT_S_E2020_GLOBE_R2023A_4326_3ss_V1_0.tif [1/1] : 0...10...20...30...40...50...60...70...80...90...100 - done.
Creating output file that is 12000P x 12000L.
Processing /spatial_data/Original_Datasets/GHSL/uncompressed/builtup/R2023A/GHS_BUILT_S_E2020_GLOBE_R2023A_4326_3ss_V1_0.tif [1/1] : 0...10...20...30...40...50...60...70...80...90...100 - done.
Creating output file that is 12000P x 12000L.
Processing /spatial_data/Original_Datasets/GHSL/uncompressed/builtup/R2023A/GHS_BUILT_S_E2020_GLOBE_R2023A_4326_3ss_V1_0.tif [1/1] : 0...10...20...30...40...50...60...70...80...90...100 - done.
Creating output file that is 12000P x 12000L.
Processing /spatial_data/Original_Datasets/GHSL/uncompressed/builtup/R2023A/GHS_BUILT_S_E2020_GLOBE_R2023A_4326_3ss_V1_0.tif [1/1] : 0...10...20...30...40...50...60...70...80...90...100 - done.
Creating output file that is 12000P x 12000L.
Processing /spatial_data/Original_Datasets/GHSL/uncompressed/builtup/R2023A/GHS_BUILT_S_E2020_GLOBE_R2023A_4326_3ss_V1_0.tif [1/1] : 0...10...20...30...40...50...60...70...80...90...100 - done.
Creating output file that is 12000P x 12000L.
Processing /spatial_data/Original_Datasets/GHSL/uncompressed/builtup/R2023A/GHS_BUILT_S_E2020_GLOBE_R2023A_4326_3ss_V1_0.tif [1/1] : 0...10...20...30...40...50...60...70...80...90...100 - done.
Creating output file that is 12000P x 12000L.
Processing /spatial_data/Original_Datasets/GHSL/uncompressed/builtup/R2023A/GHS_BUILT_S_E2020_GLOBE_R2023A_4326_3ss_V1_0.tif [1/1] : 0...10...20...30...40...50...60...70...80...90...100 - done.
Creating output file that is 12000P x 12000L.
Processing /spatial_data/Original_Datasets/GHSL/uncompressed/builtup/R2023A/GHS_BUILT_S_E2020_GLOBE_R2023A_4326_3ss_V1_0.tif [1/1] : 0...10...20...30...40...50...60...70...80...90...100 - done.
Creating output file that is 12000P x 12000L.
Processing /spatial_data/Original_Datasets/GHSL/uncompressed/builtup/R2023A/GHS_BUILT_S_E2020_GLOBE_R2023A_4326_3ss_V1_0.tif [1/1] : 0...10...20...30...40...50...60...70...80...90...100 - done.
Creating output file that is 12000P x 12000L.
Processing /spatial_data/Original_Datasets/GHSL/uncompressed/builtup/R2023A/GHS_BUILT_S_E2020_GLOBE_R2023A_4326_3ss_V1_0.tif [1/1] : 0...10...20...30...40...50...60...70...80...90...100 - done.
Creating output file that is 12000P x 12000L.
Processing /spatial_data/Original_Datasets/GHSL/uncompressed/builtup/R2023A/GHS_BUILT_S_E2020_GLOBE_R2023A_4326_3ss_V1_0.tif [1/1] : 0...10...20...30...40...50...60...70...80...90...100 - done.
Creating output file that is 12000P x 12000L.
Processing /spatial_data/Original_Datasets/GHSL/uncompressed/builtup/R2023A/GHS_BUILT_S_E2020_GLOBE_R2023A_4326_3ss_V1_0.tif [1/1] : 0...10...20...30...40...50...60...70...80...90...100 - done.
Creating output file that is 12000P x 12000L.
Processing /spatial_data/Original_Datasets/GHSL/uncompressed/builtup/R2023A/GHS_BUILT_S_E2020_GLOBE_R2023A_4326_3ss_V1_0.tif [1/1] : 0...10...20...30...40...50...60...70...80...90...100 - done.
Creating output file that is 12000P x 12000L.
Processing /spatial_data/Original_Datasets/GHSL/uncompressed/builtup/R2023A/GHS_BUILT_S_E2020_GLOBE_R2023A_4326_3ss_V1_0.tif [1/1] : 0...10...20...30...40...50...60...70...80...90...100 - done.
Creating output file that is 12000P x 12000L.
Processing /spatial_data/Original_Datasets/GHSL/uncompressed/builtup/R2023A/GHS_BUILT_S_E2020_GLOBE_R2023A_4326_3ss_V1_0.tif [1/1] : 0...10...20...30...40...50...60...70...80...90...100 - done.
Creating output file that is 12000P x 12000L.
Processing /spatial_data/Original_Datasets/GHSL/uncompressed/builtup/R2023A/GHS_BUILT_S_E2020_GLOBE_R2023A_4326_3ss_V1_0.tif [1/1] : 0...10...20...30...40...50...60...70...80...90...100 - done.
Creating output file that is 12000P x 12000L.
Processing /spatial_data/Original_Datasets/GHSL/uncompressed/builtup/R2023A/GHS_BUILT_S_E2020_GLOBE_R2023A_4326_3ss_V1_0.tif [1/1] : 0...10...20...30...40...50...60...70...80...90...100 - done.
Creating output file that is 12000P x 12000L.
Processing /spatial_data/Original_Datasets/GHSL/uncompressed/builtup/R2023A/GHS_BUILT_S_E2020_GLOBE_R2023A_4326_3ss_V1_0.tif [1/1] : 0...10...20...30...40...50...60...70...80...90...100 - done.
Creating output file that is 12000P x 12000L.
Processing /spatial_data/Original_Datasets/GHSL/uncompressed/builtup/R2023A/GHS_BUILT_S_E2020_GLOBE_R2023A_4326_3ss_V1_0.tif [1/1] : 0...10...20...30...40...50...60...70...80...90...100 - done.
Creating output file that is 12000P x 12000L.
Processing /spatial_data/Original_Datasets/GHSL/uncompressed/builtup/R2023A/GHS_BUILT_S_E2020_GLOBE_R2023A_4326_3ss_V1_0.tif [1/1] : 0...10...20...30...40...50...60...70...80...90...100 - done.
Creating output file that is 12000P x 12000L.
Processing /spatial_data/Original_Datasets/GHSL/uncompressed/builtup/R2023A/GHS_BUILT_S_E2020_GLOBE_R2023A_4326_3ss_V1_0.tif [1/1] : 0...10...20...30...40...50...60...70...80...90...100 - done.
Creating output file that is 12000P x 12000L.
Processing /spatial_data/Original_Datasets/GHSL/uncompressed/builtup/R2023A/GHS_BUILT_S_E2020_GLOBE_R2023A_4326_3ss_V1_0.tif [1/1] : 0...10...20...30...40...50...60...70...80...90...100 - done.
Creating output file that is 12000P x 12000L.
Processing /spatial_data/Original_Datasets/GHSL/uncompressed/builtup/R2023A/GHS_BUILT_S_E2020_GLOBE_R2023A_4326_3ss_V1_0.tif [1/1] : 0...10...20...30...40...50...60...70...80...90...100 - done.
Creating output file that is 12000P x 12000L.
Processing /spatial_data/Original_Datasets/GHSL/uncompressed/builtup/R2023A/GHS_BUILT_S_E2020_GLOBE_R2023A_4326_3ss_V1_0.tif [1/1] : 0...10...20...30...40...50...60...70...80...90...100 - done.
Creating output file that is 12000P x 12000L.
Processing /spatial_data/Original_Datasets/GHSL/uncompressed/builtup/R2023A/GHS_BUILT_S_E2020_GLOBE_R2023A_4326_3ss_V1_0.tif [1/1] : 0...10...20...30...40...50...60...70...80...90...100 - done.
Creating output file that is 12000P x 12000L.
Processing /spatial_data/Original_Datasets/GHSL/uncompressed/builtup/R2023A/GHS_BUILT_S_E2020_GLOBE_R2023A_4326_3ss_V1_0.tif [1/1] : 0...10...20...30...40...50...60...70...80...90...100 - done.
Creating output file that is 12000P x 12000L.
Processing /spatial_data/Original_Datasets/GHSL/uncompressed/builtup/R2023A/GHS_BUILT_S_E2020_GLOBE_R2023A_4326_3ss_V1_0.tif [1/1] : 0...10...20...30...40...50...60...70...80...90...100 - done.
Creating output file that is 12000P x 12000L.
Processing /spatial_data/Original_Datasets/GHSL/uncompressed/builtup/R2023A/GHS_BUILT_S_E2020_GLOBE_R2023A_4326_3ss_V1_0.tif [1/1] : 0...10...20...30...40...50...60...70...80...90...100 - done.
Creating output file that is 12000P x 12000L.
Processing /spatial_data/Original_Datasets/GHSL/uncompressed/builtup/R2023A/GHS_BUILT_S_E2020_GLOBE_R2023A_4326_3ss_V1_0.tif [1/1] : 0...10...20...30...40...50...60...70...80...90...100 - done.
Creating output file that is 12000P x 12000L.
Processing /spatial_data/Original_Datasets/GHSL/uncompressed/builtup/R2023A/GHS_BUILT_S_E2020_GLOBE_R2023A_4326_3ss_V1_0.tif [1/1] : 0...10...20...30...40...50...60...70...80...90...100 - done.
Creating output file that is 12000P x 12000L.
Processing /spatial_data/Original_Datasets/GHSL/uncompressed/builtup/R2023A/GHS_BUILT_S_E2020_GLOBE_R2023A_4326_3ss_V1_0.tif [1/1] : 0...10...20...30...40...50...60...70...80...90...100 - done.
ERROR 1: Output dataset /spatial_data/Derived_Datasets/RASTER/GHSL/R2023A/builtup/tiles_2020/builtup_tile_330.tif exists,
but some command line options were provided indicating a new dataset
should be created.  Please delete existing dataset and run again.

Creating output file that is 12000P x 12000L.
Processing /spatial_data/Original_Datasets/GHSL/uncompressed/builtup/R2023A/GHS_BUILT_S_E2020_GLOBE_R2023A_4326_3ss_V1_0.tif [1/1] : 0...10...20...30...40...50...60...70...80...90...100 - done.
Creating output file that is 12000P x 12000L.
Processing /spatial_data/Original_Datasets/GHSL/uncompressed/builtup/R2023A/GHS_BUILT_S_E2020_GLOBE_R2023A_4326_3ss_V1_0.tif [1/1] : 0...10...20...30...40...50...60...70...80...90...100 - done.
ERROR 1: Output dataset /spatial_data/Derived_Datasets/RASTER/GHSL/R2023A/builtup/tiles_2020/builtup_tile_331.tif exists,
but some command line options were provided indicating a new dataset
should be created.  Please delete existing dataset and run again.

Creating output file that is 12000P x 12000L.
Processing /spatial_data/Original_Datasets/GHSL/uncompressed/builtup/R2023A/GHS_BUILT_S_E2020_GLOBE_R2023A_4326_3ss_V1_0.tif [1/1] : 0...10...20...30...40...50...60...70...80...90...100 - done.
Creating output file that is 12000P x 12000L.
Processing /spatial_data/Original_Datasets/GHSL/uncompressed/builtup/R2023A/GHS_BUILT_S_E2020_GLOBE_R2023A_4326_3ss_V1_0.tif [1/1] : 0...10...20...30...40...50...60...70...80...90...100 - done.
Creating output file that is 12000P x 12000L.
Processing /spatial_data/Original_Datasets/GHSL/uncompressed/builtup/R2023A/GHS_BUILT_S_E2020_GLOBE_R2023A_4326_3ss_V1_0.tif [1/1] : 0...10...20...30...40...50...60...70...80...90...100 - done.
Creating output file that is 12000P x 12000L.
Processing /spatial_data/Original_Datasets/GHSL/uncompressed/builtup/R2023A/GHS_BUILT_S_E2020_GLOBE_R2023A_4326_3ss_V1_0.tif [1/1] : 0...10...20...30...40...50...60...70...80...90...100 - done.
Creating output file that is 12000P x 12000L.
Processing /spatial_data/Original_Datasets/GHSL/uncompressed/builtup/R2023A/GHS_BUILT_S_E2020_GLOBE_R2023A_4326_3ss_V1_0.tif [1/1] : 0...10...20...30...40...50...60...70...80...90...100 - done.
Creating output file that is 12000P x 12000L.
Processing /spatial_data/Original_Datasets/GHSL/uncompressed/builtup/R2023A/GHS_BUILT_S_E2020_GLOBE_R2023A_4326_3ss_V1_0.tif [1/1] : 0...10...20...30...40...50...60...70...80...90...100 - done.
Creating output file that is 12000P x 12000L.
Processing /spatial_data/Original_Datasets/GHSL/uncompressed/builtup/R2023A/GHS_BUILT_S_E2020_GLOBE_R2023A_4326_3ss_V1_0.tif [1/1] : 0...10...20...30...40...50...60...70...80...90...100 - done.
ERROR 1: Output dataset /spatial_data/Derived_Datasets/RASTER/GHSL/R2023A/builtup/tiles_2020/builtup_tile_335.tif exists,
but some command line options were provided indicating a new dataset
should be created.  Please delete existing dataset and run again.

Creating output file that is 12000P x 12000L.
Processing /spatial_data/Original_Datasets/GHSL/uncompressed/builtup/R2023A/GHS_BUILT_S_E2020_GLOBE_R2023A_4326_3ss_V1_0.tif [1/1] : 0...10...20...30...40...50...60...70...80...90...100 - done.
Creating output file that is 12000P x 12000L.
Processing /spatial_data/Original_Datasets/GHSL/uncompressed/builtup/R2023A/GHS_BUILT_S_E2020_GLOBE_R2023A_4326_3ss_V1_0.tif [1/1] : 0...10...20...30...40...50...60...70...80...90...100 - done.
Creating output file that is 12000P x 12000L.
Processing /spatial_data/Original_Datasets/GHSL/uncompressed/builtup/R2023A/GHS_BUILT_S_E2020_GLOBE_R2023A_4326_3ss_V1_0.tif [1/1] : 0...10...20...30...40...50...60...70...80...90...100 - done.
Creating output file that is 12000P x 12000L.
Processing /spatial_data/Original_Datasets/GHSL/uncompressed/builtup/R2023A/GHS_BUILT_S_E2020_GLOBE_R2023A_4326_3ss_V1_0.tif [1/1] : 0...10...20...30...40...50...60...70...80...90...100 - done.
Creating output file that is 12000P x 12000L.
Processing /spatial_data/Original_Datasets/GHSL/uncompressed/builtup/R2023A/GHS_BUILT_S_E2020_GLOBE_R2023A_4326_3ss_V1_0.tif [1/1] : 0...10...20...30...40...50...60...70...80...90...100 - done.
Creating output file that is 12000P x 12000L.
Processing /spatial_data/Original_Datasets/GHSL/uncompressed/builtup/R2023A/GHS_BUILT_S_E2020_GLOBE_R2023A_4326_3ss_V1_0.tif [1/1] : 0...10...20...30...40...50...60...70...80...90...100 - done.
Creating output file that is 12000P x 12000L.
Processing /spatial_data/Original_Datasets/GHSL/uncompressed/builtup/R2023A/GHS_BUILT_S_E2020_GLOBE_R2023A_4326_3ss_V1_0.tif [1/1] : 0...10...20...30...40...50...60...70...80...90...100 - done.
Creating output file that is 12000P x 12000L.
Processing /spatial_data/Original_Datasets/GHSL/uncompressed/builtup/R2023A/GHS_BUILT_S_E2020_GLOBE_R2023A_4326_3ss_V1_0.tif [1/1] : 0...10...20...30...40...50...60...70...80...90...100 - done.
Creating output file that is 12000P x 12000L.
Processing /spatial_data/Original_Datasets/GHSL/uncompressed/builtup/R2023A/GHS_BUILT_S_E2020_GLOBE_R2023A_4326_3ss_V1_0.tif [1/1] : 0...10...20...30...40...50...60...70...80...90...100 - done.
Creating output file that is 12000P x 12000L.
Processing /spatial_data/Original_Datasets/GHSL/uncompressed/builtup/R2023A/GHS_BUILT_S_E2020_GLOBE_R2023A_4326_3ss_V1_0.tif [1/1] : 0...10...20...30...40...50...60...70...80...90...100 - done.
Creating output file that is 12000P x 12000L.
Processing /spatial_data/Original_Datasets/GHSL/uncompressed/builtup/R2023A/GHS_BUILT_S_E2020_GLOBE_R2023A_4326_3ss_V1_0.tif [1/1] : 0...10...20...30...40...50...60...70...80...90...100 - done.
Creating output file that is 12000P x 12000L.
Processing /spatial_data/Original_Datasets/GHSL/uncompressed/builtup/R2023A/GHS_BUILT_S_E2020_GLOBE_R2023A_4326_3ss_V1_0.tif [1/1] : 0...10...20...30...40...50...60...70...80...90...100 - done.
Creating output file that is 12000P x 12000L.
Processing /spatial_data/Original_Datasets/GHSL/uncompressed/builtup/R2023A/GHS_BUILT_S_E2020_GLOBE_R2023A_4326_3ss_V1_0.tif [1/1] : 0...10...20...30...40...50...60...70...80...90...100 - done.
Creating output file that is 12000P x 12000L.
Processing /spatial_data/Original_Datasets/GHSL/uncompressed/builtup/R2023A/GHS_BUILT_S_E2020_GLOBE_R2023A_4326_3ss_V1_0.tif [1/1] : 0...10...20...30...40...50...60...70...80...90...100 - done.
Creating output file that is 12000P x 12000L.
Processing /spatial_data/Original_Datasets/GHSL/uncompressed/builtup/R2023A/GHS_BUILT_S_E2020_GLOBE_R2023A_4326_3ss_V1_0.tif [1/1] : 0...10...20...30...40...50...60...70...80...90...100 - done.
Creating output file that is 12000P x 12000L.
Processing /spatial_data/Original_Datasets/GHSL/uncompressed/builtup/R2023A/GHS_BUILT_S_E2020_GLOBE_R2023A_4326_3ss_V1_0.tif [1/1] : 0...10...20...30...40...50...60...70...80...90...100 - done.
Creating output file that is 12000P x 12000L.
Processing /spatial_data/Original_Datasets/GHSL/uncompressed/builtup/R2023A/GHS_BUILT_S_E2020_GLOBE_R2023A_4326_3ss_V1_0.tif [1/1] : 0...10...20...30...40...50...60...70...80...90...100 - done.
Creating output file that is 12000P x 12000L.
Processing /spatial_data/Original_Datasets/GHSL/uncompressed/builtup/R2023A/GHS_BUILT_S_E2020_GLOBE_R2023A_4326_3ss_V1_0.tif [1/1] : 0...10...20...30...40...50...60...70...80...90...100 - done.
Creating output file that is 12000P x 12000L.
Processing /spatial_data/Original_Datasets/GHSL/uncompressed/builtup/R2023A/GHS_BUILT_S_E2020_GLOBE_R2023A_4326_3ss_V1_0.tif [1/1] : 0...10...20...30...40...50...60...70...80...90...100 - done.
Creating output file that is 12000P x 12000L.
Processing /spatial_data/Original_Datasets/GHSL/uncompressed/builtup/R2023A/GHS_BUILT_S_E2020_GLOBE_R2023A_4326_3ss_V1_0.tif [1/1] : 0...10...20...30...40...50...60...70...80...90...100 - done.
Creating output file that is 12000P x 12000L.
Processing /spatial_data/Original_Datasets/GHSL/uncompressed/builtup/R2023A/GHS_BUILT_S_E2020_GLOBE_R2023A_4326_3ss_V1_0.tif [1/1] : 0...10...20...30...40...50...60...70...80...90...100 - done.
Creating output file that is 12000P x 12000L.
Processing /spatial_data/Original_Datasets/GHSL/uncompressed/builtup/R2023A/GHS_BUILT_S_E2020_GLOBE_R2023A_4326_3ss_V1_0.tif [1/1] : 0...10...20...30...40...50...60...70...80...90...100 - done.
ERROR 1: Output dataset /spatial_data/Derived_Datasets/RASTER/GHSL/R2023A/builtup/tiles_2020/builtup_tile_347.tif exists,
but some command line options were provided indicating a new dataset
should be created.  Please delete existing dataset and run again.

Creating output file that is 12000P x 12000L.
Processing /spatial_data/Original_Datasets/GHSL/uncompressed/builtup/R2023A/GHS_BUILT_S_E2020_GLOBE_R2023A_4326_3ss_V1_0.tif [1/1] : 0...10...20...30...40...50...60...70...80...90...100 - done.
Creating output file that is 12000P x 12000L.
Processing /spatial_data/Original_Datasets/GHSL/uncompressed/builtup/R2023A/GHS_BUILT_S_E2020_GLOBE_R2023A_4326_3ss_V1_0.tif [1/1] : 0...10...20...30...40...50...60...70...80...90...100 - done.
Creating output file that is 12000P x 12000L.
Processing /spatial_data/Original_Datasets/GHSL/uncompressed/builtup/R2023A/GHS_BUILT_S_E2020_GLOBE_R2023A_4326_3ss_V1_0.tif [1/1] : 0...10...20...30...40...50...60...70...80...90...100 - done.
Creating output file that is 12000P x 12000L.
Processing /spatial_data/Original_Datasets/GHSL/uncompressed/builtup/R2023A/GHS_BUILT_S_E2020_GLOBE_R2023A_4326_3ss_V1_0.tif [1/1] : 0...10...20...30...40...50...60...70...80...90...100 - done.
Creating output file that is 12000P x 12000L.
Processing /spatial_data/Original_Datasets/GHSL/uncompressed/builtup/R2023A/GHS_BUILT_S_E2020_GLOBE_R2023A_4326_3ss_V1_0.tif [1/1] : 0...10...20...30...40...50...60...70...80...90...100 - done.
Creating output file that is 12000P x 12000L.
Processing /spatial_data/Original_Datasets/GHSL/uncompressed/builtup/R2023A/GHS_BUILT_S_E2020_GLOBE_R2023A_4326_3ss_V1_0.tif [1/1] : 0...10...20...30...40...50...60...70...80...90...100 - done.
Creating output file that is 12000P x 12000L.
Processing /spatial_data/Original_Datasets/GHSL/uncompressed/builtup/R2023A/GHS_BUILT_S_E2020_GLOBE_R2023A_4326_3ss_V1_0.tif [1/1] : 0...10...20...30...40...50...60...70...80...90...100 - done.
Creating output file that is 12000P x 12000L.
Processing /spatial_data/Original_Datasets/GHSL/uncompressed/builtup/R2023A/GHS_BUILT_S_E2020_GLOBE_R2023A_4326_3ss_V1_0.tif [1/1] : 0...10...20...30...40...50...60...70...80...90...100 - done.
Creating output file that is 12000P x 12000L.
Processing /spatial_data/Original_Datasets/GHSL/uncompressed/builtup/R2023A/GHS_BUILT_S_E2020_GLOBE_R2023A_4326_3ss_V1_0.tif [1/1] : 0...10...20...30...40...50...60...70...80...90...100 - done.
ERROR 1: Output dataset /spatial_data/Derived_Datasets/RASTER/GHSL/R2023A/builtup/tiles_2020/builtup_tile_351.tif exists,
but some command line options were provided indicating a new dataset
should be created.  Please delete existing dataset and run again.

Creating output file that is 12000P x 12000L.
Processing /spatial_data/Original_Datasets/GHSL/uncompressed/builtup/R2023A/GHS_BUILT_S_E2020_GLOBE_R2023A_4326_3ss_V1_0.tif [1/1] : 0...10...20...30...40...50...60...70...80...90...100 - done.
Creating output file that is 12000P x 12000L.
Processing /spatial_data/Original_Datasets/GHSL/uncompressed/builtup/R2023A/GHS_BUILT_S_E2020_GLOBE_R2023A_4326_3ss_V1_0.tif [1/1] : 0...10...20...30...40...50...60...70...80...90...100 - done.
Creating output file that is 12000P x 12000L.
Processing /spatial_data/Original_Datasets/GHSL/uncompressed/builtup/R2023A/GHS_BUILT_S_E2020_GLOBE_R2023A_4326_3ss_V1_0.tif [1/1] : 0...10...20...30...40...50...60...70...80...90...100 - done.
Creating output file that is 12000P x 12000L.
Processing /spatial_data/Original_Datasets/GHSL/uncompressed/builtup/R2023A/GHS_BUILT_S_E2020_GLOBE_R2023A_4326_3ss_V1_0.tif [1/1] : 0...10...20...30...40...50...60...70...80...90...100 - done.
Creating output file that is 12000P x 12000L.
Processing /spatial_data/Original_Datasets/GHSL/uncompressed/builtup/R2023A/GHS_BUILT_S_E2020_GLOBE_R2023A_4326_3ss_V1_0.tif [1/1] : 0...10...20...30...40...50...60...70...80...90...100 - done.
Creating output file that is 12000P x 12000L.
Processing /spatial_data/Original_Datasets/GHSL/uncompressed/builtup/R2023A/GHS_BUILT_S_E2020_GLOBE_R2023A_4326_3ss_V1_0.tif [1/1] : 0...10...20...30...40...50...60...70...80...90...100 - done.
Creating output file that is 12000P x 12000L.
Processing /spatial_data/Original_Datasets/GHSL/uncompressed/builtup/R2023A/GHS_BUILT_S_E2020_GLOBE_R2023A_4326_3ss_V1_0.tif [1/1] : 0...10...20...30...40...50...60...70...80...90...100 - done.
Creating output file that is 12000P x 12000L.
Processing /spatial_data/Original_Datasets/GHSL/uncompressed/builtup/R2023A/GHS_BUILT_S_E2020_GLOBE_R2023A_4326_3ss_V1_0.tif [1/1] : 0...10...20...30...40...50...60...70...80...90...100 - done.
Creating output file that is 12000P x 12000L.
Processing /spatial_data/Original_Datasets/GHSL/uncompressed/builtup/R2023A/GHS_BUILT_S_E2020_GLOBE_R2023A_4326_3ss_V1_0.tif [1/1] : 0...10...20...30...40...50...60...70...80...90...100 - done.
Creating output file that is 12000P x 12000L.
Processing /spatial_data/Original_Datasets/GHSL/uncompressed/builtup/R2023A/GHS_BUILT_S_E2020_GLOBE_R2023A_4326_3ss_V1_0.tif [1/1] : 0...10...20...30...40...50...60...70...80...90...100 - done.
ERROR 1: Output dataset /spatial_data/Derived_Datasets/RASTER/GHSL/R2023A/builtup/tiles_2020/builtup_tile_357.tif exists,
but some command line options were provided indicating a new dataset
should be created.  Please delete existing dataset and run again.

Creating output file that is 12000P x 12000L.
Processing /spatial_data/Original_Datasets/GHSL/uncompressed/builtup/R2023A/GHS_BUILT_S_E2020_GLOBE_R2023A_4326_3ss_V1_0.tif [1/1] : 0...10...20...30...40...50...60...70...80...90...100 - done.
Creating output file that is 12000P x 12000L.
Processing /spatial_data/Original_Datasets/GHSL/uncompressed/builtup/R2023A/GHS_BUILT_S_E2020_GLOBE_R2023A_4326_3ss_V1_0.tif [1/1] : 0...10...20...30...40...50...60...70...80...90...100 - done.
ERROR 1: Output dataset /spatial_data/Derived_Datasets/RASTER/GHSL/R2023A/builtup/tiles_2020/builtup_tile_359.tif exists,
but some command line options were provided indicating a new dataset
should be created.  Please delete existing dataset and run again.

Creating output file that is 12000P x 12000L.
Processing /spatial_data/Original_Datasets/GHSL/uncompressed/builtup/R2023A/GHS_BUILT_S_E2020_GLOBE_R2023A_4326_3ss_V1_0.tif [1/1] : 0...10...20...30...40...50...60...70...80...90...100 - done.
Creating output file that is 12000P x 12000L.
Processing /spatial_data/Original_Datasets/GHSL/uncompressed/builtup/R2023A/GHS_BUILT_S_E2020_GLOBE_R2023A_4326_3ss_V1_0.tif [1/1] : 0...10...20...30...40...50...60...70...80...90...100 - done.
ERROR 1: Output dataset /spatial_data/Derived_Datasets/RASTER/GHSL/R2023A/builtup/tiles_2020/builtup_tile_360.tif exists, but cannot be opened in update mode

Creating output file that is 12000P x 12000L.
Processing /spatial_data/Original_Datasets/GHSL/uncompressed/builtup/R2023A/GHS_BUILT_S_E2020_GLOBE_R2023A_4326_3ss_V1_0.tif [1/1] : 0...10...20...30...40...50...60...70...80...90...100 - done.
Creating output file that is 12000P x 12000L.
Processing /spatial_data/Original_Datasets/GHSL/uncompressed/builtup/R2023A/GHS_BUILT_S_E2020_GLOBE_R2023A_4326_3ss_V1_0.tif [1/1] : 0...10...20...30...40...50...60...70...80...90...100 - done.
Creating output file that is 12000P x 12000L.
Processing /spatial_data/Original_Datasets/GHSL/uncompressed/builtup/R2023A/GHS_BUILT_S_E2020_GLOBE_R2023A_4326_3ss_V1_0.tif [1/1] : 0...10...20...30...40...50...60...70...80...90...100 - done.
Creating output file that is 12000P x 12000L.
Processing /spatial_data/Original_Datasets/GHSL/uncompressed/builtup/R2023A/GHS_BUILT_S_E2020_GLOBE_R2023A_4326_3ss_V1_0.tif [1/1] : 0...10...20...30...40...50...60...70...80...90...100 - done.
Creating output file that is 12000P x 12000L.
Processing /spatial_data/Original_Datasets/GHSL/uncompressed/builtup/R2023A/GHS_BUILT_S_E2020_GLOBE_R2023A_4326_3ss_V1_0.tif [1/1] : 0...10...20...30...40...50...60...70...80...90...100 - done.
Creating output file that is 12000P x 12000L.
Processing /spatial_data/Original_Datasets/GHSL/uncompressed/builtup/R2023A/GHS_BUILT_S_E2020_GLOBE_R2023A_4326_3ss_V1_0.tif [1/1] : 0...10...20...30...40...50...60...70...80...90...100 - done.
Creating output file that is 12000P x 12000L.
Processing /spatial_data/Original_Datasets/GHSL/uncompressed/builtup/R2023A/GHS_BUILT_S_E2020_GLOBE_R2023A_4326_3ss_V1_0.tif [1/1] : 0...10...20...30...40...50...60...70...80...90...100 - done.
Creating output file that is 12000P x 12000L.
Processing /spatial_data/Original_Datasets/GHSL/uncompressed/builtup/R2023A/GHS_BUILT_S_E2020_GLOBE_R2023A_4326_3ss_V1_0.tif [1/1] : 0...10...20...30...40...50...60...70...80...90...100 - done.
Creating output file that is 12000P x 12000L.
Processing /spatial_data/Original_Datasets/GHSL/uncompressed/builtup/R2023A/GHS_BUILT_S_E2020_GLOBE_R2023A_4326_3ss_V1_0.tif [1/1] : 0...10...20...30...40...50...60...70...80...90...100 - done.
Creating output file that is 12000P x 12000L.
Processing /spatial_data/Original_Datasets/GHSL/uncompressed/builtup/R2023A/GHS_BUILT_S_E2020_GLOBE_R2023A_4326_3ss_V1_0.tif [1/1] : 0...10...20...30...40...50...60...70...80...90...100 - done.
Creating output file that is 12000P x 12000L.
Processing /spatial_data/Original_Datasets/GHSL/uncompressed/builtup/R2023A/GHS_BUILT_S_E2020_GLOBE_R2023A_4326_3ss_V1_0.tif [1/1] : 0...10...20...30...40...50...60...70...80...90...100 - done.
Creating output file that is 12000P x 12000L.
Processing /spatial_data/Original_Datasets/GHSL/uncompressed/builtup/R2023A/GHS_BUILT_S_E2020_GLOBE_R2023A_4326_3ss_V1_0.tif [1/1] : 0...10...20...30...40...50...60...70...80...90...100 - done.
Creating output file that is 12000P x 12000L.
Processing /spatial_data/Original_Datasets/GHSL/uncompressed/builtup/R2023A/GHS_BUILT_S_E2020_GLOBE_R2023A_4326_3ss_V1_0.tif [1/1] : 0...10...20...30...40...50...60...70...80...90...100 - done.
Creating output file that is 12000P x 12000L.
Processing /spatial_data/Original_Datasets/GHSL/uncompressed/builtup/R2023A/GHS_BUILT_S_E2020_GLOBE_R2023A_4326_3ss_V1_0.tif [1/1] : 0...10...20...30...40...50...60...70...80...90...100 - done.
ERROR 1: Output dataset /spatial_data/Derived_Datasets/RASTER/GHSL/R2023A/builtup/tiles_2020/builtup_tile_368.tif exists,
but some command line options were provided indicating a new dataset
should be created.  Please delete existing dataset and run again.

Creating output file that is 12000P x 12000L.
Processing /spatial_data/Original_Datasets/GHSL/uncompressed/builtup/R2023A/GHS_BUILT_S_E2020_GLOBE_R2023A_4326_3ss_V1_0.tif [1/1] : 0...10...20...30...40...50...60...70...80...90...100 - done.
Creating output file that is 12000P x 12000L.
Processing /spatial_data/Original_Datasets/GHSL/uncompressed/builtup/R2023A/GHS_BUILT_S_E2020_GLOBE_R2023A_4326_3ss_V1_0.tif [1/1] : 0...10...20...30...40...50...60...70...80...90...100 - done.
Creating output file that is 12000P x 12000L.
Processing /spatial_data/Original_Datasets/GHSL/uncompressed/builtup/R2023A/GHS_BUILT_S_E2020_GLOBE_R2023A_4326_3ss_V1_0.tif [1/1] : 0...10...20...30...40...50...60...70...80...90...100 - done.
Creating output file that is 12000P x 12000L.
Processing /spatial_data/Original_Datasets/GHSL/uncompressed/builtup/R2023A/GHS_BUILT_S_E2020_GLOBE_R2023A_4326_3ss_V1_0.tif [1/1] : 0...10...20...30...40...50...60...70...80...90...100 - done.
Creating output file that is 12000P x 12000L.
Processing /spatial_data/Original_Datasets/GHSL/uncompressed/builtup/R2023A/GHS_BUILT_S_E2020_GLOBE_R2023A_4326_3ss_V1_0.tif [1/1] : 0...10...20...30...40...50...60...70...80...90...100 - done.
Creating output file that is 12000P x 12000L.
Processing /spatial_data/Original_Datasets/GHSL/uncompressed/builtup/R2023A/GHS_BUILT_S_E2020_GLOBE_R2023A_4326_3ss_V1_0.tif [1/1] : 0...10...20...30...40...50...60...70...80...90...100 - done.
Creating output file that is 12000P x 12000L.
Processing /spatial_data/Original_Datasets/GHSL/uncompressed/builtup/R2023A/GHS_BUILT_S_E2020_GLOBE_R2023A_4326_3ss_V1_0.tif [1/1] : 0...10...20...30...40...50...60...70...80...90...100 - done.
Creating output file that is 12000P x 12000L.
Processing /spatial_data/Original_Datasets/GHSL/uncompressed/builtup/R2023A/GHS_BUILT_S_E2020_GLOBE_R2023A_4326_3ss_V1_0.tif [1/1] : 0...10...20...30...40...50...60...70...80...90...100 - done.
Creating output file that is 12000P x 12000L.
Processing /spatial_data/Original_Datasets/GHSL/uncompressed/builtup/R2023A/GHS_BUILT_S_E2020_GLOBE_R2023A_4326_3ss_V1_0.tif [1/1] : 0...10...20...30...40...50...60...70...80...90...100 - done.
Creating output file that is 12000P x 12000L.
Processing /spatial_data/Original_Datasets/GHSL/uncompressed/builtup/R2023A/GHS_BUILT_S_E2020_GLOBE_R2023A_4326_3ss_V1_0.tif [1/1] : 0...10...20...30...40...50...60...70...80...90...100 - done.
Creating output file that is 12000P x 12000L.
Processing /spatial_data/Original_Datasets/GHSL/uncompressed/builtup/R2023A/GHS_BUILT_S_E2020_GLOBE_R2023A_4326_3ss_V1_0.tif [1/1] : 0...10...20...30...40...50...60...70...80...90...100 - done.
Creating output file that is 12000P x 12000L.
Processing /spatial_data/Original_Datasets/GHSL/uncompressed/builtup/R2023A/GHS_BUILT_S_E2020_GLOBE_R2023A_4326_3ss_V1_0.tif [1/1] : 0...10...20...30...40...50...60...70...80...90...100 - done.
Creating output file that is 12000P x 12000L.
Processing /spatial_data/Original_Datasets/GHSL/uncompressed/builtup/R2023A/GHS_BUILT_S_E2020_GLOBE_R2023A_4326_3ss_V1_0.tif [1/1] : 0...10...20...30...40...50...60...70...80...90...100 - done.
Creating output file that is 12000P x 12000L.
Processing /spatial_data/Original_Datasets/GHSL/uncompressed/builtup/R2023A/GHS_BUILT_S_E2020_GLOBE_R2023A_4326_3ss_V1_0.tif [1/1] : 0...10...20...30...40...50...60...70...80...90...100 - done.
ERROR 1: Output dataset /spatial_data/Derived_Datasets/RASTER/GHSL/R2023A/builtup/tiles_2020/builtup_tile_375.tif exists,
but some command line options were provided indicating a new dataset
should be created.  Please delete existing dataset and run again.

Creating output file that is 12000P x 12000L.
Processing /spatial_data/Original_Datasets/GHSL/uncompressed/builtup/R2023A/GHS_BUILT_S_E2020_GLOBE_R2023A_4326_3ss_V1_0.tif [1/1] : 0...10...20...30...40...50...60...70...80...90...100 - done.
Creating output file that is 12000P x 12000L.
Processing /spatial_data/Original_Datasets/GHSL/uncompressed/builtup/R2023A/GHS_BUILT_S_E2020_GLOBE_R2023A_4326_3ss_V1_0.tif [1/1] : 0...10...20...30...40...50...60...70...80...90...100 - done.
Creating output file that is 12000P x 12000L.
Processing /spatial_data/Original_Datasets/GHSL/uncompressed/builtup/R2023A/GHS_BUILT_S_E2020_GLOBE_R2023A_4326_3ss_V1_0.tif [1/1] : 0...10...20...30...40...50...60...70...80...90...100 - done.
ERROR 1: Output dataset /spatial_data/Derived_Datasets/RASTER/GHSL/R2023A/builtup/tiles_2020/builtup_tile_377.tif exists,
but some command line options were provided indicating a new dataset
should be created.  Please delete existing dataset and run again.

Creating output file that is 12000P x 12000L.
Processing /spatial_data/Original_Datasets/GHSL/uncompressed/builtup/R2023A/GHS_BUILT_S_E2020_GLOBE_R2023A_4326_3ss_V1_0.tif [1/1] : 0...10...20...30...40...50...60...70...80...90...100 - done.
Creating output file that is 12000P x 12000L.
Processing /spatial_data/Original_Datasets/GHSL/uncompressed/builtup/R2023A/GHS_BUILT_S_E2020_GLOBE_R2023A_4326_3ss_V1_0.tif [1/1] : 0...10...20...30...40...50...60...70...80...90...100 - done.
Creating output file that is 12000P x 12000L.
Processing /spatial_data/Original_Datasets/GHSL/uncompressed/builtup/R2023A/GHS_BUILT_S_E2020_GLOBE_R2023A_4326_3ss_V1_0.tif [1/1] : 0...10...20...30...40...50...60...70...80...90...100 - done.
Creating output file that is 12000P x 12000L.
Processing /spatial_data/Original_Datasets/GHSL/uncompressed/builtup/R2023A/GHS_BUILT_S_E2020_GLOBE_R2023A_4326_3ss_V1_0.tif [1/1] : 0...10...20...30...40...50...60...70...80...90...100 - done.
Creating output file that is 12000P x 12000L.
Processing /spatial_data/Original_Datasets/GHSL/uncompressed/builtup/R2023A/GHS_BUILT_S_E2020_GLOBE_R2023A_4326_3ss_V1_0.tif [1/1] : 0...10...20...30...40...50...60...70...80...90...100 - done.
Creating output file that is 12000P x 12000L.
Processing /spatial_data/Original_Datasets/GHSL/uncompressed/builtup/R2023A/GHS_BUILT_S_E2020_GLOBE_R2023A_4326_3ss_V1_0.tif [1/1] : 0...10...20...30...40...50...60...70...80...90...100 - done.
Creating output file that is 12000P x 12000L.
Processing /spatial_data/Original_Datasets/GHSL/uncompressed/builtup/R2023A/GHS_BUILT_S_E2020_GLOBE_R2023A_4326_3ss_V1_0.tif [1/1] : 0...10...20...30...40...50...60...70...80...90...100 - done.
Creating output file that is 12000P x 12000L.
Processing /spatial_data/Original_Datasets/GHSL/uncompressed/builtup/R2023A/GHS_BUILT_S_E2020_GLOBE_R2023A_4326_3ss_V1_0.tif [1/1] : 0...10...20...30...40...50...60...70...80...90...100 - done.
ERROR 1: Output dataset /spatial_data/Derived_Datasets/RASTER/GHSL/R2023A/builtup/tiles_2020/builtup_tile_381.tif exists,
but some command line options were provided indicating a new dataset
should be created.  Please delete existing dataset and run again.

Creating output file that is 12000P x 12000L.
Processing /spatial_data/Original_Datasets/GHSL/uncompressed/builtup/R2023A/GHS_BUILT_S_E2020_GLOBE_R2023A_4326_3ss_V1_0.tif [1/1] : 0...10...20...30...40...50...60...70...80...90...100 - done.
Creating output file that is 12000P x 12000L.
Processing /spatial_data/Original_Datasets/GHSL/uncompressed/builtup/R2023A/GHS_BUILT_S_E2020_GLOBE_R2023A_4326_3ss_V1_0.tif [1/1] : 0...10...20...30...40...50...60...70...80...90...100 - done.
Creating output file that is 12000P x 12000L.
Processing /spatial_data/Original_Datasets/GHSL/uncompressed/builtup/R2023A/GHS_BUILT_S_E2020_GLOBE_R2023A_4326_3ss_V1_0.tif [1/1] : 0...10...20...30...40...50...60...70...80...90...100 - done.
ERROR 1: Output dataset /spatial_data/Derived_Datasets/RASTER/GHSL/R2023A/builtup/tiles_2020/builtup_tile_384.tif exists,
but some command line options were provided indicating a new dataset
should be created.  Please delete existing dataset and run again.

Creating output file that is 12000P x 12000L.
Processing /spatial_data/Original_Datasets/GHSL/uncompressed/builtup/R2023A/GHS_BUILT_S_E2020_GLOBE_R2023A_4326_3ss_V1_0.tif [1/1] : 0...10...20...30...40...50...60...70...80...90...100 - done.
Creating output file that is 12000P x 12000L.
Processing /spatial_data/Original_Datasets/GHSL/uncompressed/builtup/R2023A/GHS_BUILT_S_E2020_GLOBE_R2023A_4326_3ss_V1_0.tif [1/1] : 0...10...20...30...40...50...60...70...80...90...100 - done.
Creating output file that is 12000P x 12000L.
Processing /spatial_data/Original_Datasets/GHSL/uncompressed/builtup/R2023A/GHS_BUILT_S_E2020_GLOBE_R2023A_4326_3ss_V1_0.tif [1/1] : 0...10...20...30...40...50...60...70...80...90...100 - done.
Creating output file that is 12000P x 12000L.
Processing /spatial_data/Original_Datasets/GHSL/uncompressed/builtup/R2023A/GHS_BUILT_S_E2020_GLOBE_R2023A_4326_3ss_V1_0.tif [1/1] : 0...10...20...30...40...50...60...70...80...90...100 - done.
Creating output file that is 12000P x 12000L.
Processing /spatial_data/Original_Datasets/GHSL/uncompressed/builtup/R2023A/GHS_BUILT_S_E2020_GLOBE_R2023A_4326_3ss_V1_0.tif [1/1] : 0...10...20...30...40...50...60...70...80...90...100 - done.
Creating output file that is 12000P x 12000L.
Processing /spatial_data/Original_Datasets/GHSL/uncompressed/builtup/R2023A/GHS_BUILT_S_E2020_GLOBE_R2023A_4326_3ss_V1_0.tif [1/1] : 0...10...20...30...40...50...60...70...80...90...100 - done.
Creating output file that is 12000P x 12000L.
Processing /spatial_data/Original_Datasets/GHSL/uncompressed/builtup/R2023A/GHS_BUILT_S_E2020_GLOBE_R2023A_4326_3ss_V1_0.tif [1/1] : 0...10...20...30...40...50...60...70...80...90...100 - done.
ERROR 1: Output dataset /spatial_data/Derived_Datasets/RASTER/GHSL/R2023A/builtup/tiles_2020/builtup_tile_387.tif exists,
but some command line options were provided indicating a new dataset
should be created.  Please delete existing dataset and run again.

Creating output file that is 12000P x 12000L.
Processing /spatial_data/Original_Datasets/GHSL/uncompressed/builtup/R2023A/GHS_BUILT_S_E2020_GLOBE_R2023A_4326_3ss_V1_0.tif [1/1] : 0...10...20...30...40...50...60...70...80...90...100 - done.
Creating output file that is 12000P x 12000L.
Processing /spatial_data/Original_Datasets/GHSL/uncompressed/builtup/R2023A/GHS_BUILT_S_E2020_GLOBE_R2023A_4326_3ss_V1_0.tif [1/1] : 0...10...20...30...40...50...60...70...80...90...100 - done.
Creating output file that is 12000P x 12000L.
Processing /spatial_data/Original_Datasets/GHSL/uncompressed/builtup/R2023A/GHS_BUILT_S_E2020_GLOBE_R2023A_4326_3ss_V1_0.tif [1/1] : 0...10...20...30...40...50...60...70...80...90...100 - done.
Creating output file that is 12000P x 12000L.
Processing /spatial_data/Original_Datasets/GHSL/uncompressed/builtup/R2023A/GHS_BUILT_S_E2020_GLOBE_R2023A_4326_3ss_V1_0.tif [1/1] : 0...10...20...30...40...50...60...70...80...90...100 - done.
Creating output file that is 12000P x 12000L.
Processing /spatial_data/Original_Datasets/GHSL/uncompressed/builtup/R2023A/GHS_BUILT_S_E2020_GLOBE_R2023A_4326_3ss_V1_0.tif [1/1] : 0...10...20...30...40...50...60...70...80...90...100 - done.
Creating output file that is 12000P x 12000L.
Processing /spatial_data/Original_Datasets/GHSL/uncompressed/builtup/R2023A/GHS_BUILT_S_E2020_GLOBE_R2023A_4326_3ss_V1_0.tif [1/1] : 0...10...20...30...40...50...60...70...80...90...100 - done.
Creating output file that is 12000P x 12000L.
Processing /spatial_data/Original_Datasets/GHSL/uncompressed/builtup/R2023A/GHS_BUILT_S_E2020_GLOBE_R2023A_4326_3ss_V1_0.tif [1/1] : 0...10...20...30...40...50...60...70...80...90...100 - done.
Creating output file that is 12000P x 12000L.
Processing /spatial_data/Original_Datasets/GHSL/uncompressed/builtup/R2023A/GHS_BUILT_S_E2020_GLOBE_R2023A_4326_3ss_V1_0.tif [1/1] : 0...10...20...30...40...50...60...70...80...90...100 - done.
Creating output file that is 12000P x 12000L.
Processing /spatial_data/Original_Datasets/GHSL/uncompressed/builtup/R2023A/GHS_BUILT_S_E2020_GLOBE_R2023A_4326_3ss_V1_0.tif [1/1] : 0...10...20...30...40...50...60...70...80...90...100 - done.
Creating output file that is 12000P x 12000L.
Processing /spatial_data/Original_Datasets/GHSL/uncompressed/builtup/R2023A/GHS_BUILT_S_E2020_GLOBE_R2023A_4326_3ss_V1_0.tif [1/1] : 0...10...20...30...40...50...60...70...80...90...100 - done.
Creating output file that is 12000P x 12000L.
Processing /spatial_data/Original_Datasets/GHSL/uncompressed/builtup/R2023A/GHS_BUILT_S_E2020_GLOBE_R2023A_4326_3ss_V1_0.tif [1/1] : 0...10...20...30...40...50...60...70...80...90...100 - done.
ERROR 1: Output dataset /spatial_data/Derived_Datasets/RASTER/GHSL/R2023A/builtup/tiles_2020/builtup_tile_394.tif exists, but cannot be opened in update mode

Creating output file that is 12000P x 12000L.
Processing /spatial_data/Original_Datasets/GHSL/uncompressed/builtup/R2023A/GHS_BUILT_S_E2020_GLOBE_R2023A_4326_3ss_V1_0.tif [1/1] : 0...10...20...30...40...50...60...70...80...90...100 - done.
ERROR 1: Output dataset /spatial_data/Derived_Datasets/RASTER/GHSL/R2023A/builtup/tiles_2020/builtup_tile_395.tif exists,
but some command line options were provided indicating a new dataset
should be created.  Please delete existing dataset and run again.

Creating output file that is 12000P x 12000L.
Processing /spatial_data/Original_Datasets/GHSL/uncompressed/builtup/R2023A/GHS_BUILT_S_E2020_GLOBE_R2023A_4326_3ss_V1_0.tif [1/1] : 0...10...20...30...40...50...60...70...80...90...100 - done.
ERROR 1: Output dataset /spatial_data/Derived_Datasets/RASTER/GHSL/R2023A/builtup/tiles_2020/builtup_tile_396.tif exists,
but some command line options were provided indicating a new dataset
should be created.  Please delete existing dataset and run again.

Creating output file that is 12000P x 12000L.
Processing /spatial_data/Original_Datasets/GHSL/uncompressed/builtup/R2023A/GHS_BUILT_S_E2020_GLOBE_R2023A_4326_3ss_V1_0.tif [1/1] : 0...10...20...30...40...50...60...70...80...90...100 - done.
Creating output file that is 12000P x 12000L.
Processing /spatial_data/Original_Datasets/GHSL/uncompressed/builtup/R2023A/GHS_BUILT_S_E2020_GLOBE_R2023A_4326_3ss_V1_0.tif [1/1] : 0...10...20...30...40...50...60...70...80...90...100 - done.
Creating output file that is 12000P x 12000L.
Processing /spatial_data/Original_Datasets/GHSL/uncompressed/builtup/R2023A/GHS_BUILT_S_E2020_GLOBE_R2023A_4326_3ss_V1_0.tif [1/1] : 0...10...20...30...40...50...60...70...80...90...100 - done.
Creating output file that is 12000P x 12000L.
Processing /spatial_data/Original_Datasets/GHSL/uncompressed/builtup/R2023A/GHS_BUILT_S_E2020_GLOBE_R2023A_4326_3ss_V1_0.tif [1/1] : 0...10...20...30...40...50...60...70...80...90...100 - done.
Creating output file that is 12000P x 12000L.
Processing /spatial_data/Original_Datasets/GHSL/uncompressed/builtup/R2023A/GHS_BUILT_S_E2020_GLOBE_R2023A_4326_3ss_V1_0.tif [1/1] : 0...10...20...30...40...50...60...70...80...90...100 - done.
Creating output file that is 12000P x 12000L.
Processing /spatial_data/Original_Datasets/GHSL/uncompressed/builtup/R2023A/GHS_BUILT_S_E2020_GLOBE_R2023A_4326_3ss_V1_0.tif [1/1] : 0...10...20...30...40...50...60...70...80...90...100 - done.
Creating output file that is 12000P x 12000L.
Processing /spatial_data/Original_Datasets/GHSL/uncompressed/builtup/R2023A/GHS_BUILT_S_E2020_GLOBE_R2023A_4326_3ss_V1_0.tif [1/1] : 0...10...20...30...40...50...60...70...80...90...100 - done.
Creating output file that is 12000P x 12000L.
Processing /spatial_data/Original_Datasets/GHSL/uncompressed/builtup/R2023A/GHS_BUILT_S_E2020_GLOBE_R2023A_4326_3ss_V1_0.tif [1/1] : 0...10...20...30...40...50...60...70...80...90...100 - done.
ERROR 1: Output dataset /spatial_data/Derived_Datasets/RASTER/GHSL/R2023A/builtup/tiles_2020/builtup_tile_399.tif exists,
but some command line options were provided indicating a new dataset
should be created.  Please delete existing dataset and run again.

Creating output file that is 12000P x 12000L.
Processing /spatial_data/Original_Datasets/GHSL/uncompressed/builtup/R2023A/GHS_BUILT_S_E2020_GLOBE_R2023A_4326_3ss_V1_0.tif [1/1] : 0...10...20...30...40...50...60...70...80...90...100 - done.
Creating output file that is 12000P x 12000L.
Processing /spatial_data/Original_Datasets/GHSL/uncompressed/builtup/R2023A/GHS_BUILT_S_E2020_GLOBE_R2023A_4326_3ss_V1_0.tif [1/1] : 0...10...20...30...40...50...60...70...80...90...100 - done.
Creating output file that is 12000P x 12000L.
Processing /spatial_data/Original_Datasets/GHSL/uncompressed/builtup/R2023A/GHS_BUILT_S_E2020_GLOBE_R2023A_4326_3ss_V1_0.tif [1/1] : 0...10...20...30...40...50...60...70...80...90...100 - done.
ERROR 1: Output dataset /spatial_data/Derived_Datasets/RASTER/GHSL/R2023A/builtup/tiles_2020/builtup_tile_402.tif exists,
but some command line options were provided indicating a new dataset
should be created.  Please delete existing dataset and run again.

Creating output file that is 12000P x 12000L.
Processing /spatial_data/Original_Datasets/GHSL/uncompressed/builtup/R2023A/GHS_BUILT_S_E2020_GLOBE_R2023A_4326_3ss_V1_0.tif [1/1] : 0...10...20...30...40...50...60...70...80...90...100 - done.
Creating output file that is 12000P x 12000L.
Processing /spatial_data/Original_Datasets/GHSL/uncompressed/builtup/R2023A/GHS_BUILT_S_E2020_GLOBE_R2023A_4326_3ss_V1_0.tif [1/1] : 0...10...20...30...40...50...60...70...80...90...100 - done.
Creating output file that is 12000P x 12000L.
Processing /spatial_data/Original_Datasets/GHSL/uncompressed/builtup/R2023A/GHS_BUILT_S_E2020_GLOBE_R2023A_4326_3ss_V1_0.tif [1/1] : 0...10...20...30...40...50...60...70...80...90...100 - done.
Creating output file that is 12000P x 12000L.
Processing /spatial_data/Original_Datasets/GHSL/uncompressed/builtup/R2023A/GHS_BUILT_S_E2020_GLOBE_R2023A_4326_3ss_V1_0.tif [1/1] : 0...10...20...30...40...50...60...70...80...90...100 - done.
Creating output file that is 12000P x 12000L.
Processing /spatial_data/Original_Datasets/GHSL/uncompressed/builtup/R2023A/GHS_BUILT_S_E2020_GLOBE_R2023A_4326_3ss_V1_0.tif [1/1] : 0...10...20...30...40...50...60...70...80...90...100 - done.
Creating output file that is 12000P x 12000L.
Processing /spatial_data/Original_Datasets/GHSL/uncompressed/builtup/R2023A/GHS_BUILT_S_E2020_GLOBE_R2023A_4326_3ss_V1_0.tif [1/1] : 0...10...20...30...40...50...60...70...80...90...100 - done.
Creating output file that is 12000P x 12000L.
Processing /spatial_data/Original_Datasets/GHSL/uncompressed/builtup/R2023A/GHS_BUILT_S_E2020_GLOBE_R2023A_4326_3ss_V1_0.tif [1/1] : 0...10...20...30...40...50...60...70...80...90...100 - done.
Creating output file that is 12000P x 12000L.
Processing /spatial_data/Original_Datasets/GHSL/uncompressed/builtup/R2023A/GHS_BUILT_S_E2020_GLOBE_R2023A_4326_3ss_V1_0.tif [1/1] : 0...10...20...30...40...50...60...70...80...90...100 - done.
Creating output file that is 12000P x 12000L.
Processing /spatial_data/Original_Datasets/GHSL/uncompressed/builtup/R2023A/GHS_BUILT_S_E2020_GLOBE_R2023A_4326_3ss_V1_0.tif [1/1] : 0...10...20...30...40...50...60...70...80...90...100 - done.
Creating output file that is 12000P x 12000L.
Processing /spatial_data/Original_Datasets/GHSL/uncompressed/builtup/R2023A/GHS_BUILT_S_E2020_GLOBE_R2023A_4326_3ss_V1_0.tif [1/1] : 0...10...20...30...40...50...60...70...80...90...100 - done.
Creating output file that is 12000P x 12000L.
Processing /spatial_data/Original_Datasets/GHSL/uncompressed/builtup/R2023A/GHS_BUILT_S_E2020_GLOBE_R2023A_4326_3ss_V1_0.tif [1/1] : 0...10...20...30...40...50...60...70...80...90...100 - done.
Creating output file that is 12000P x 12000L.
Processing /spatial_data/Original_Datasets/GHSL/uncompressed/builtup/R2023A/GHS_BUILT_S_E2020_GLOBE_R2023A_4326_3ss_V1_0.tif [1/1] : 0...10...20...30...40...50...60...70...80...90...100 - done.
ERROR 1: Output dataset /spatial_data/Derived_Datasets/RASTER/GHSL/R2023A/builtup/tiles_2020/builtup_tile_409.tif exists,
but some command line options were provided indicating a new dataset
should be created.  Please delete existing dataset and run again.

Creating output file that is 12000P x 12000L.
Processing /spatial_data/Original_Datasets/GHSL/uncompressed/builtup/R2023A/GHS_BUILT_S_E2020_GLOBE_R2023A_4326_3ss_V1_0.tif [1/1] : 0...10...20...30...40...50...60...70...80...90...100 - done.
Creating output file that is 12000P x 12000L.
Processing /spatial_data/Original_Datasets/GHSL/uncompressed/builtup/R2023A/GHS_BUILT_S_E2020_GLOBE_R2023A_4326_3ss_V1_0.tif [1/1] : 0...10...20...30...40...50...60...70...80...90...100 - done.
Creating output file that is 12000P x 12000L.
Processing /spatial_data/Original_Datasets/GHSL/uncompressed/builtup/R2023A/GHS_BUILT_S_E2020_GLOBE_R2023A_4326_3ss_V1_0.tif [1/1] : 0...10...20...30...40...50...60...70...80...90...100 - done.
Creating output file that is 12000P x 12000L.
Processing /spatial_data/Original_Datasets/GHSL/uncompressed/builtup/R2023A/GHS_BUILT_S_E2020_GLOBE_R2023A_4326_3ss_V1_0.tif [1/1] : 0...10...20...30...40...50...60...70...80...90...100 - done.
Creating output file that is 12000P x 12000L.
Processing /spatial_data/Original_Datasets/GHSL/uncompressed/builtup/R2023A/GHS_BUILT_S_E2020_GLOBE_R2023A_4326_3ss_V1_0.tif [1/1] : 0...10...20...30...40...50...60...70...80...90...100 - done.
Creating output file that is 12000P x 12000L.
Processing /spatial_data/Original_Datasets/GHSL/uncompressed/builtup/R2023A/GHS_BUILT_S_E2020_GLOBE_R2023A_4326_3ss_V1_0.tif [1/1] : 0...10...20...30...40...50...60...70...80...90...100 - done.
Creating output file that is 12000P x 12000L.
Processing /spatial_data/Original_Datasets/GHSL/uncompressed/builtup/R2023A/GHS_BUILT_S_E2020_GLOBE_R2023A_4326_3ss_V1_0.tif [1/1] : 0...10...20...30...40...50...60...70...80...90...100 - done.
Creating output file that is 12000P x 12000L.
Processing /spatial_data/Original_Datasets/GHSL/uncompressed/builtup/R2023A/GHS_BUILT_S_E2020_GLOBE_R2023A_4326_3ss_V1_0.tif [1/1] : 0...10...20...30...40...50...60...70...80...90...100 - done.
ERROR 1: Output dataset /spatial_data/Derived_Datasets/RASTER/GHSL/R2023A/builtup/tiles_2020/builtup_tile_413.tif exists,
but some command line options were provided indicating a new dataset
should be created.  Please delete existing dataset and run again.

Creating output file that is 12000P x 12000L.
Processing /spatial_data/Original_Datasets/GHSL/uncompressed/builtup/R2023A/GHS_BUILT_S_E2020_GLOBE_R2023A_4326_3ss_V1_0.tif [1/1] : 0...10...20...30...40...50...60...70...80...90...100 - done.
Creating output file that is 12000P x 12000L.
Processing /spatial_data/Original_Datasets/GHSL/uncompressed/builtup/R2023A/GHS_BUILT_S_E2020_GLOBE_R2023A_4326_3ss_V1_0.tif [1/1] : 0...10...20...30...40...50...60...70...80...90...100 - done.
Creating output file that is 12000P x 12000L.
Processing /spatial_data/Original_Datasets/GHSL/uncompressed/builtup/R2023A/GHS_BUILT_S_E2020_GLOBE_R2023A_4326_3ss_V1_0.tif [1/1] : 0...10...20...30...40...50...60...70...80...90...100 - done.
Creating output file that is 12000P x 12000L.
Processing /spatial_data/Original_Datasets/GHSL/uncompressed/builtup/R2023A/GHS_BUILT_S_E2020_GLOBE_R2023A_4326_3ss_V1_0.tif [1/1] : 0...10...20...30...40...50...60...70...80...90...100 - done.
Creating output file that is 12000P x 12000L.
Processing /spatial_data/Original_Datasets/GHSL/uncompressed/builtup/R2023A/GHS_BUILT_S_E2020_GLOBE_R2023A_4326_3ss_V1_0.tif [1/1] : 0...10...20...30...40...50...60...70...80...90...100 - done.
Creating output file that is 12000P x 12000L.
Processing /spatial_data/Original_Datasets/GHSL/uncompressed/builtup/R2023A/GHS_BUILT_S_E2020_GLOBE_R2023A_4326_3ss_V1_0.tif [1/1] : 0...10...20...30...40...50...60...70...80...90...100 - done.
Creating output file that is 12000P x 12000L.
Processing /spatial_data/Original_Datasets/GHSL/uncompressed/builtup/R2023A/GHS_BUILT_S_E2020_GLOBE_R2023A_4326_3ss_V1_0.tif [1/1] : 0...10...20...30...40...50...60...70...80...90...100 - done.
ERROR 1: Output dataset /spatial_data/Derived_Datasets/RASTER/GHSL/R2023A/builtup/tiles_2020/builtup_tile_416.tif exists,
but some command line options were provided indicating a new dataset
should be created.  Please delete existing dataset and run again.

Creating output file that is 12000P x 12000L.
Processing /spatial_data/Original_Datasets/GHSL/uncompressed/builtup/R2023A/GHS_BUILT_S_E2020_GLOBE_R2023A_4326_3ss_V1_0.tif [1/1] : 0...10...20...30...40...50...60...70...80...90...100 - done.
Creating output file that is 12000P x 12000L.
Processing /spatial_data/Original_Datasets/GHSL/uncompressed/builtup/R2023A/GHS_BUILT_S_E2020_GLOBE_R2023A_4326_3ss_V1_0.tif [1/1] : 0...10...20...30...40...50...60...70...80...90...100 - done.
ERROR 1: Output dataset /spatial_data/Derived_Datasets/RASTER/GHSL/R2023A/builtup/tiles_2020/builtup_tile_419.tif exists,
but some command line options were provided indicating a new dataset
should be created.  Please delete existing dataset and run again.

Creating output file that is 12000P x 12000L.
Processing /spatial_data/Original_Datasets/GHSL/uncompressed/builtup/R2023A/GHS_BUILT_S_E2020_GLOBE_R2023A_4326_3ss_V1_0.tif [1/1] : 0...10...20...30...40...50...60...70...80...90...100 - done.
Creating output file that is 12000P x 12000L.
Processing /spatial_data/Original_Datasets/GHSL/uncompressed/builtup/R2023A/GHS_BUILT_S_E2020_GLOBE_R2023A_4326_3ss_V1_0.tif [1/1] : 0...10...20...30...40...50...60...70...80...90...100 - done.
Creating output file that is 12000P x 12000L.
Processing /spatial_data/Original_Datasets/GHSL/uncompressed/builtup/R2023A/GHS_BUILT_S_E2020_GLOBE_R2023A_4326_3ss_V1_0.tif [1/1] : 0...10...20...30...40...50...60...70...80...90...100 - done.
Creating output file that is 12000P x 12000L.
Processing /spatial_data/Original_Datasets/GHSL/uncompressed/builtup/R2023A/GHS_BUILT_S_E2020_GLOBE_R2023A_4326_3ss_V1_0.tif [1/1] : 0...10...20...30...40...50...60...70...80...90...100 - done.
Creating output file that is 12000P x 12000L.
Processing /spatial_data/Original_Datasets/GHSL/uncompressed/builtup/R2023A/GHS_BUILT_S_E2020_GLOBE_R2023A_4326_3ss_V1_0.tif [1/1] : 0...10...20...30...40...50...60...70...80...90...100 - done.
Creating output file that is 12000P x 12000L.
Processing /spatial_data/Original_Datasets/GHSL/uncompressed/builtup/R2023A/GHS_BUILT_S_E2020_GLOBE_R2023A_4326_3ss_V1_0.tif [1/1] : 0...10...20...30...40...50...60...70...80...90...100 - done.
Creating output file that is 12000P x 12000L.
Processing /spatial_data/Original_Datasets/GHSL/uncompressed/builtup/R2023A/GHS_BUILT_S_E2020_GLOBE_R2023A_4326_3ss_V1_0.tif [1/1] : 0...10...20...30...40...50...60...70...80...90...100 - done.
Creating output file that is 12000P x 12000L.
Processing /spatial_data/Original_Datasets/GHSL/uncompressed/builtup/R2023A/GHS_BUILT_S_E2020_GLOBE_R2023A_4326_3ss_V1_0.tif [1/1] : 0...10...20...30...40...50...60...70...80...90...100 - done.
Creating output file that is 12000P x 12000L.
Processing /spatial_data/Original_Datasets/GHSL/uncompressed/builtup/R2023A/GHS_BUILT_S_E2020_GLOBE_R2023A_4326_3ss_V1_0.tif [1/1] : 0...10...20...30...40...50...60...70...80...90...100 - done.
Creating output file that is 12000P x 12000L.
Processing /spatial_data/Original_Datasets/GHSL/uncompressed/builtup/R2023A/GHS_BUILT_S_E2020_GLOBE_R2023A_4326_3ss_V1_0.tif [1/1] : 0...10...20...30...40...50...60...70...80...90...100 - done.
Creating output file that is 12000P x 12000L.
Processing /spatial_data/Original_Datasets/GHSL/uncompressed/builtup/R2023A/GHS_BUILT_S_E2020_GLOBE_R2023A_4326_3ss_V1_0.tif [1/1] : 0...10...20...30...40...50...60...70...80...90...100 - done.
Creating output file that is 12000P x 12000L.
Processing /spatial_data/Original_Datasets/GHSL/uncompressed/builtup/R2023A/GHS_BUILT_S_E2020_GLOBE_R2023A_4326_3ss_V1_0.tif [1/1] : 0...10...20...30...40...50...60...70...80...90...100 - done.
Creating output file that is 12000P x 12000L.
Processing /spatial_data/Original_Datasets/GHSL/uncompressed/builtup/R2023A/GHS_BUILT_S_E2020_GLOBE_R2023A_4326_3ss_V1_0.tif [1/1] : 0...10...20...30...40...50...60...70...80...90...100 - done.
Creating output file that is 12000P x 12000L.
Processing /spatial_data/Original_Datasets/GHSL/uncompressed/builtup/R2023A/GHS_BUILT_S_E2020_GLOBE_R2023A_4326_3ss_V1_0.tif [1/1] : 0...10...20...30...40...50...60...70...80...90...100 - done.
Creating output file that is 12000P x 12000L.
Processing /spatial_data/Original_Datasets/GHSL/uncompressed/builtup/R2023A/GHS_BUILT_S_E2020_GLOBE_R2023A_4326_3ss_V1_0.tif [1/1] : 0...10...20...30...40...50...60...70...80...90...100 - done.
Creating output file that is 12000P x 12000L.
Processing /spatial_data/Original_Datasets/GHSL/uncompressed/builtup/R2023A/GHS_BUILT_S_E2020_GLOBE_R2023A_4326_3ss_V1_0.tif [1/1] : 0...10...20...30...40...50...60...70...80...90...100 - done.
Creating output file that is 12000P x 12000L.
Processing /spatial_data/Original_Datasets/GHSL/uncompressed/builtup/R2023A/GHS_BUILT_S_E2020_GLOBE_R2023A_4326_3ss_V1_0.tif [1/1] : 0...10...20...30...40...50...60...70...80...90...100 - done.
ERROR 1: Output dataset /spatial_data/Derived_Datasets/RASTER/GHSL/R2023A/builtup/tiles_2020/builtup_tile_428.tif exists,
but some command line options were provided indicating a new dataset
should be created.  Please delete existing dataset and run again.

Creating output file that is 12000P x 12000L.
Processing /spatial_data/Original_Datasets/GHSL/uncompressed/builtup/R2023A/GHS_BUILT_S_E2020_GLOBE_R2023A_4326_3ss_V1_0.tif [1/1] : 0...10...20...30...40...50...60...70...80...90...100 - done.
Creating output file that is 12000P x 12000L.
Processing /spatial_data/Original_Datasets/GHSL/uncompressed/builtup/R2023A/GHS_BUILT_S_E2020_GLOBE_R2023A_4326_3ss_V1_0.tif [1/1] : 0...10...20...30...40...50...60...70...80...90...100 - done.
Creating output file that is 12000P x 12000L.
Processing /spatial_data/Original_Datasets/GHSL/uncompressed/builtup/R2023A/GHS_BUILT_S_E2020_GLOBE_R2023A_4326_3ss_V1_0.tif [1/1] : 0...10...20...30...40...50...60...70...80...90...100 - done.
Creating output file that is 12000P x 12000L.
Processing /spatial_data/Original_Datasets/GHSL/uncompressed/builtup/R2023A/GHS_BUILT_S_E2020_GLOBE_R2023A_4326_3ss_V1_0.tif [1/1] : 0...10...20...30...40...50...60...70...80...90...100 - done.
Creating output file that is 12000P x 12000L.
Processing /spatial_data/Original_Datasets/GHSL/uncompressed/builtup/R2023A/GHS_BUILT_S_E2020_GLOBE_R2023A_4326_3ss_V1_0.tif [1/1] : 0...10...20...30...40...50...60...70...80...90...100 - done.
ERROR 1: Output dataset /spatial_data/Derived_Datasets/RASTER/GHSL/R2023A/builtup/tiles_2020/builtup_tile_431.tif exists,
but some command line options were provided indicating a new dataset
should be created.  Please delete existing dataset and run again.

Creating output file that is 12000P x 12000L.
Processing /spatial_data/Original_Datasets/GHSL/uncompressed/builtup/R2023A/GHS_BUILT_S_E2020_GLOBE_R2023A_4326_3ss_V1_0.tif [1/1] : 0...10...20...30...40...50...60...70...80...90...100 - done.
Creating output file that is 12000P x 12000L.
Processing /spatial_data/Original_Datasets/GHSL/uncompressed/builtup/R2023A/GHS_BUILT_S_E2020_GLOBE_R2023A_4326_3ss_V1_0.tif [1/1] : 0...10...20...30...40...50...60...70...80...90...100 - done.
Creating output file that is 12000P x 12000L.
Processing /spatial_data/Original_Datasets/GHSL/uncompressed/builtup/R2023A/GHS_BUILT_S_E2020_GLOBE_R2023A_4326_3ss_V1_0.tif [1/1] : 0...10...20...30...40...50...60...70...80...90...100 - done.
Creating output file that is 12000P x 12000L.
Processing /spatial_data/Original_Datasets/GHSL/uncompressed/builtup/R2023A/GHS_BUILT_S_E2020_GLOBE_R2023A_4326_3ss_V1_0.tif [1/1] : 0...10...20...30...40...50...60...70...80...90...100 - done.
Creating output file that is 12000P x 12000L.
Processing /spatial_data/Original_Datasets/GHSL/uncompressed/builtup/R2023A/GHS_BUILT_S_E2020_GLOBE_R2023A_4326_3ss_V1_0.tif [1/1] : 0...10...20...30...40...50...60...70...80...90...100 - done.
Creating output file that is 12000P x 12000L.
Processing /spatial_data/Original_Datasets/GHSL/uncompressed/builtup/R2023A/GHS_BUILT_S_E2020_GLOBE_R2023A_4326_3ss_V1_0.tif [1/1] : 0...10...20...30...40...50...60...70...80...90...100 - done.
ERROR 1: Output dataset /spatial_data/Derived_Datasets/RASTER/GHSL/R2023A/builtup/tiles_2020/builtup_tile_434.tif exists,
but some command line options were provided indicating a new dataset
should be created.  Please delete existing dataset and run again.

Creating output file that is 12000P x 12000L.
Processing /spatial_data/Original_Datasets/GHSL/uncompressed/builtup/R2023A/GHS_BUILT_S_E2020_GLOBE_R2023A_4326_3ss_V1_0.tif [1/1] : 0...10...20...30...40...50...60...70...80...90...100 - done.
Creating output file that is 12000P x 12000L.
Processing /spatial_data/Original_Datasets/GHSL/uncompressed/builtup/R2023A/GHS_BUILT_S_E2020_GLOBE_R2023A_4326_3ss_V1_0.tif [1/1] : 0...10...20...30...40...50...60...70...80...90...100 - done.
Creating output file that is 12000P x 12000L.
Processing /spatial_data/Original_Datasets/GHSL/uncompressed/builtup/R2023A/GHS_BUILT_S_E2020_GLOBE_R2023A_4326_3ss_V1_0.tif [1/1] : 0...10...20...30...40...50...60...70...80...90...100 - done.
ERROR 1: Output dataset /spatial_data/Derived_Datasets/RASTER/GHSL/R2023A/builtup/tiles_2020/builtup_tile_436.tif exists,
but some command line options were provided indicating a new dataset
should be created.  Please delete existing dataset and run again.

Creating output file that is 12000P x 12000L.
Processing /spatial_data/Original_Datasets/GHSL/uncompressed/builtup/R2023A/GHS_BUILT_S_E2020_GLOBE_R2023A_4326_3ss_V1_0.tif [1/1] : 0...10...20...30...40...50...60...70...80...90...100 - done.
Creating output file that is 12000P x 12000L.
Processing /spatial_data/Original_Datasets/GHSL/uncompressed/builtup/R2023A/GHS_BUILT_S_E2020_GLOBE_R2023A_4326_3ss_V1_0.tif [1/1] : 0...10...20...30...40...50...60...70...80...90...100 - done.
Creating output file that is 12000P x 12000L.
Processing /spatial_data/Original_Datasets/GHSL/uncompressed/builtup/R2023A/GHS_BUILT_S_E2020_GLOBE_R2023A_4326_3ss_V1_0.tif [1/1] : 0...10...20...30...40...50...60...70...80...90...100 - done.
Creating output file that is 12000P x 12000L.
Processing /spatial_data/Original_Datasets/GHSL/uncompressed/builtup/R2023A/GHS_BUILT_S_E2020_GLOBE_R2023A_4326_3ss_V1_0.tif [1/1] : 0...10...20...30...40...50...60...70...80...90...100 - done.
ERROR 1: Output dataset /spatial_data/Derived_Datasets/RASTER/GHSL/R2023A/builtup/tiles_2020/builtup_tile_439.tif exists,
but some command line options were provided indicating a new dataset
should be created.  Please delete existing dataset and run again.

Creating output file that is 12000P x 12000L.
Processing /spatial_data/Original_Datasets/GHSL/uncompressed/builtup/R2023A/GHS_BUILT_S_E2020_GLOBE_R2023A_4326_3ss_V1_0.tif [1/1] : 0...10...20...30...40...50...60...70...80...90...100 - done.
Creating output file that is 12000P x 12000L.
Processing /spatial_data/Original_Datasets/GHSL/uncompressed/builtup/R2023A/GHS_BUILT_S_E2020_GLOBE_R2023A_4326_3ss_V1_0.tif [1/1] : 0...10...20...30...40...50...60...70...80...90...100 - done.
Creating output file that is 12000P x 12000L.
Processing /spatial_data/Original_Datasets/GHSL/uncompressed/builtup/R2023A/GHS_BUILT_S_E2020_GLOBE_R2023A_4326_3ss_V1_0.tif [1/1] : 0...10...20...30...40...50...60...70...80...90...100 - done.
Creating output file that is 12000P x 12000L.
Processing /spatial_data/Original_Datasets/GHSL/uncompressed/builtup/R2023A/GHS_BUILT_S_E2020_GLOBE_R2023A_4326_3ss_V1_0.tif [1/1] : 0...10...20...30...40...50...60...70...80...90...100 - done.
ERROR 1: Output dataset /spatial_data/Derived_Datasets/RASTER/GHSL/R2023A/builtup/tiles_2020/builtup_tile_441.tif exists,
but some command line options were provided indicating a new dataset
should be created.  Please delete existing dataset and run again.

Creating output file that is 12000P x 12000L.
Processing /spatial_data/Original_Datasets/GHSL/uncompressed/builtup/R2023A/GHS_BUILT_S_E2020_GLOBE_R2023A_4326_3ss_V1_0.tif [1/1] : 0...10...20...30...40...50...60...70...80...90...100 - done.
Creating output file that is 12000P x 12000L.
Processing /spatial_data/Original_Datasets/GHSL/uncompressed/builtup/R2023A/GHS_BUILT_S_E2020_GLOBE_R2023A_4326_3ss_V1_0.tif [1/1] : 0...10...20...30...40...50...60...70...80...90...100 - done.
Creating output file that is 12000P x 12000L.
Processing /spatial_data/Original_Datasets/GHSL/uncompressed/builtup/R2023A/GHS_BUILT_S_E2020_GLOBE_R2023A_4326_3ss_V1_0.tif [1/1] : 0...10...20...30...40...50...60...70...80...90...100 - done.
Creating output file that is 12000P x 12000L.
Processing /spatial_data/Original_Datasets/GHSL/uncompressed/builtup/R2023A/GHS_BUILT_S_E2020_GLOBE_R2023A_4326_3ss_V1_0.tif [1/1] : 0...10...20...30...40...50...60...70...80...90...100 - done.
Creating output file that is 12000P x 12000L.
Processing /spatial_data/Original_Datasets/GHSL/uncompressed/builtup/R2023A/GHS_BUILT_S_E2020_GLOBE_R2023A_4326_3ss_V1_0.tif [1/1] : 0...10...20...30...40...50...60...70...80...90...100 - done.
Creating output file that is 12000P x 12000L.
Processing /spatial_data/Original_Datasets/GHSL/uncompressed/builtup/R2023A/GHS_BUILT_S_E2020_GLOBE_R2023A_4326_3ss_V1_0.tif [1/1] : 0...10...20...30...40...50...60...70...80...90...100 - done.
Creating output file that is 12000P x 12000L.
Processing /spatial_data/Original_Datasets/GHSL/uncompressed/builtup/R2023A/GHS_BUILT_S_E2020_GLOBE_R2023A_4326_3ss_V1_0.tif [1/1] : 0...10...20...30...40...50...60...70...80...90...100 - done.
Creating output file that is 12000P x 12000L.
Processing /spatial_data/Original_Datasets/GHSL/uncompressed/builtup/R2023A/GHS_BUILT_S_E2020_GLOBE_R2023A_4326_3ss_V1_0.tif [1/1] : 0...10...20...30...40...50...60...70...80...90...100 - done.
Creating output file that is 12000P x 12000L.
Processing /spatial_data/Original_Datasets/GHSL/uncompressed/builtup/R2023A/GHS_BUILT_S_E2020_GLOBE_R2023A_4326_3ss_V1_0.tif [1/1] : 0...10...20...30...40...50...60...70...80...90...100 - done.
ERROR 1: Output dataset /spatial_data/Derived_Datasets/RASTER/GHSL/R2023A/builtup/tiles_2020/builtup_tile_445.tif exists,
but some command line options were provided indicating a new dataset
should be created.  Please delete existing dataset and run again.

Creating output file that is 12000P x 12000L.
Processing /spatial_data/Original_Datasets/GHSL/uncompressed/builtup/R2023A/GHS_BUILT_S_E2020_GLOBE_R2023A_4326_3ss_V1_0.tif [1/1] : 0...10...20...30...40...50...60...70...80...90...100 - done.
Creating output file that is 12000P x 12000L.
Processing /spatial_data/Original_Datasets/GHSL/uncompressed/builtup/R2023A/GHS_BUILT_S_E2020_GLOBE_R2023A_4326_3ss_V1_0.tif [1/1] : 0...10...20...30...40...50...60...70...80...90...100 - done.
Creating output file that is 12000P x 12000L.
Processing /spatial_data/Original_Datasets/GHSL/uncompressed/builtup/R2023A/GHS_BUILT_S_E2020_GLOBE_R2023A_4326_3ss_V1_0.tif [1/1] : 0...10...20...30...40...50...60...70...80...90...100 - done.
Creating output file that is 12000P x 12000L.
Processing /spatial_data/Original_Datasets/GHSL/uncompressed/builtup/R2023A/GHS_BUILT_S_E2020_GLOBE_R2023A_4326_3ss_V1_0.tif [1/1] : 0...10...20...30...40...50...60...70...80...90...100 - done.
Creating output file that is 12000P x 12000L.
Processing /spatial_data/Original_Datasets/GHSL/uncompressed/builtup/R2023A/GHS_BUILT_S_E2020_GLOBE_R2023A_4326_3ss_V1_0.tif [1/1] : 0...10...20...30...40...50...60...70...80...90...100 - done.
Creating output file that is 12000P x 12000L.
Processing /spatial_data/Original_Datasets/GHSL/uncompressed/builtup/R2023A/GHS_BUILT_S_E2020_GLOBE_R2023A_4326_3ss_V1_0.tif [1/1] : 0...10...20...30...40...50...60...70...80...90...100 - done.
Creating output file that is 12000P x 12000L.
Processing /spatial_data/Original_Datasets/GHSL/uncompressed/builtup/R2023A/GHS_BUILT_S_E2020_GLOBE_R2023A_4326_3ss_V1_0.tif [1/1] : 0...10...20...30...40...50...60...70...80...90...100 - done.
Creating output file that is 12000P x 12000L.
Processing /spatial_data/Original_Datasets/GHSL/uncompressed/builtup/R2023A/GHS_BUILT_S_E2020_GLOBE_R2023A_4326_3ss_V1_0.tif [1/1] : 0...10...20...30...40...50...60...70...80...90...100 - done.
Creating output file that is 12000P x 12000L.
Processing /spatial_data/Original_Datasets/GHSL/uncompressed/builtup/R2023A/GHS_BUILT_S_E2020_GLOBE_R2023A_4326_3ss_V1_0.tif [1/1] : 0...10...20...30...40...50...60...70...80...90...100 - done.
Creating output file that is 12000P x 12000L.
Processing /spatial_data/Original_Datasets/GHSL/uncompressed/builtup/R2023A/GHS_BUILT_S_E2020_GLOBE_R2023A_4326_3ss_V1_0.tif [1/1] : 0...10...20...30...40...50...60...70...80...90...100 - done.
Creating output file that is 12000P x 12000L.
Processing /spatial_data/Original_Datasets/GHSL/uncompressed/builtup/R2023A/GHS_BUILT_S_E2020_GLOBE_R2023A_4326_3ss_V1_0.tif [1/1] : 0...10...20...30...40...50...60...70...80...90...100 - done.
Creating output file that is 12000P x 12000L.
Processing /spatial_data/Original_Datasets/GHSL/uncompressed/builtup/R2023A/GHS_BUILT_S_E2020_GLOBE_R2023A_4326_3ss_V1_0.tif [1/1] : 0...10...20...30...40...50...60...70...80...90...100 - done.
Creating output file that is 12000P x 12000L.
Processing /spatial_data/Original_Datasets/GHSL/uncompressed/builtup/R2023A/GHS_BUILT_S_E2020_GLOBE_R2023A_4326_3ss_V1_0.tif [1/1] : 0...10...20...30...40...50...60...70...80...90...100 - done.
Creating output file that is 12000P x 12000L.
Processing /spatial_data/Original_Datasets/GHSL/uncompressed/builtup/R2023A/GHS_BUILT_S_E2020_GLOBE_R2023A_4326_3ss_V1_0.tif [1/1] : 0...10...20...30...40...50...60...70...80...90...100 - done.
Creating output file that is 12000P x 12000L.
Processing /spatial_data/Original_Datasets/GHSL/uncompressed/builtup/R2023A/GHS_BUILT_S_E2020_GLOBE_R2023A_4326_3ss_V1_0.tif [1/1] : 0...10...20...30...40...50...60...70...80...90...100 - done.
Creating output file that is 12000P x 12000L.
Processing /spatial_data/Original_Datasets/GHSL/uncompressed/builtup/R2023A/GHS_BUILT_S_E2020_GLOBE_R2023A_4326_3ss_V1_0.tif [1/1] : 0...10...20...30...40...50...60...70...80...90...100 - done.
ERROR 1: Output dataset /spatial_data/Derived_Datasets/RASTER/GHSL/R2023A/builtup/tiles_2020/builtup_tile_455.tif exists,
but some command line options were provided indicating a new dataset
should be created.  Please delete existing dataset and run again.

Creating output file that is 12000P x 12000L.
Processing /spatial_data/Original_Datasets/GHSL/uncompressed/builtup/R2023A/GHS_BUILT_S_E2020_GLOBE_R2023A_4326_3ss_V1_0.tif [1/1] : 0...10...20...30...40...50...60...70...80...90...100 - done.
ERROR 1: Output dataset /spatial_data/Derived_Datasets/RASTER/GHSL/R2023A/builtup/tiles_2020/builtup_tile_456.tif exists,
but some command line options were provided indicating a new dataset
should be created.  Please delete existing dataset and run again.

Creating output file that is 12000P x 12000L.
Processing /spatial_data/Original_Datasets/GHSL/uncompressed/builtup/R2023A/GHS_BUILT_S_E2020_GLOBE_R2023A_4326_3ss_V1_0.tif [1/1] : 0...10...20...30...40...50...60...70...80...90...100 - done.
Creating output file that is 12000P x 12000L.
Processing /spatial_data/Original_Datasets/GHSL/uncompressed/builtup/R2023A/GHS_BUILT_S_E2020_GLOBE_R2023A_4326_3ss_V1_0.tif [1/1] : 0...10...20...30...40...50...60...70...80...90...100 - done.
Creating output file that is 12000P x 12000L.
Processing /spatial_data/Original_Datasets/GHSL/uncompressed/builtup/R2023A/GHS_BUILT_S_E2020_GLOBE_R2023A_4326_3ss_V1_0.tif [1/1] : 0...10...20...30...40...50...60...70...80...90...100 - done.
Creating output file that is 12000P x 12000L.
Processing /spatial_data/Original_Datasets/GHSL/uncompressed/builtup/R2023A/GHS_BUILT_S_E2020_GLOBE_R2023A_4326_3ss_V1_0.tif [1/1] : 0...10...20...30...40...50...60...70...80...90...100 - done.
Creating output file that is 12000P x 12000L.
Processing /spatial_data/Original_Datasets/GHSL/uncompressed/builtup/R2023A/GHS_BUILT_S_E2020_GLOBE_R2023A_4326_3ss_V1_0.tif [1/1] : 0...10...20...30...40...50...60...70...80...90...100 - done.
Creating output file that is 12000P x 12000L.
Processing /spatial_data/Original_Datasets/GHSL/uncompressed/builtup/R2023A/GHS_BUILT_S_E2020_GLOBE_R2023A_4326_3ss_V1_0.tif [1/1] : 0...10...20...30...40...50...60...70...80...90...100 - done.
Creating output file that is 12000P x 12000L.
Processing /spatial_data/Original_Datasets/GHSL/uncompressed/builtup/R2023A/GHS_BUILT_S_E2020_GLOBE_R2023A_4326_3ss_V1_0.tif [1/1] : 0...10...20...30...40...50...60...70...80...90...100 - done.
Creating output file that is 12000P x 12000L.
Processing /spatial_data/Original_Datasets/GHSL/uncompressed/builtup/R2023A/GHS_BUILT_S_E2020_GLOBE_R2023A_4326_3ss_V1_0.tif [1/1] : 0...10...20...30...40...50...60...70...80...90...100 - done.
Creating output file that is 12000P x 12000L.
Processing /spatial_data/Original_Datasets/GHSL/uncompressed/builtup/R2023A/GHS_BUILT_S_E2020_GLOBE_R2023A_4326_3ss_V1_0.tif [1/1] : 0...10...20...30...40...50...60...70...80...90...100 - done.
Creating output file that is 12000P x 12000L.
Processing /spatial_data/Original_Datasets/GHSL/uncompressed/builtup/R2023A/GHS_BUILT_S_E2020_GLOBE_R2023A_4326_3ss_V1_0.tif [1/1] : 0...10...20...30...40...50...60...70...80...90...100 - done.
Creating output file that is 12000P x 12000L.
Processing /spatial_data/Original_Datasets/GHSL/uncompressed/builtup/R2023A/GHS_BUILT_S_E2020_GLOBE_R2023A_4326_3ss_V1_0.tif [1/1] : 0...10...20...30...40...50...60...70...80...90...100 - done.
Creating output file that is 12000P x 12000L.
Processing /spatial_data/Original_Datasets/GHSL/uncompressed/builtup/R2023A/GHS_BUILT_S_E2020_GLOBE_R2023A_4326_3ss_V1_0.tif [1/1] : 0...10...20...30...40...50...60...70...80...90...100 - done.
Creating output file that is 12000P x 12000L.
Processing /spatial_data/Original_Datasets/GHSL/uncompressed/builtup/R2023A/GHS_BUILT_S_E2020_GLOBE_R2023A_4326_3ss_V1_0.tif [1/1] : 0...10...20...30...40...50...60...70...80...90...100 - done.
Creating output file that is 12000P x 12000L.
Processing /spatial_data/Original_Datasets/GHSL/uncompressed/builtup/R2023A/GHS_BUILT_S_E2020_GLOBE_R2023A_4326_3ss_V1_0.tif [1/1] : 0...10...20...30...40...50...60...70...80...90...100 - done.
Creating output file that is 12000P x 12000L.
Processing /spatial_data/Original_Datasets/GHSL/uncompressed/builtup/R2023A/GHS_BUILT_S_E2020_GLOBE_R2023A_4326_3ss_V1_0.tif [1/1] : 0...10...20...30...40...50...60...70...80...90...100 - done.
Creating output file that is 12000P x 12000L.
Processing /spatial_data/Original_Datasets/GHSL/uncompressed/builtup/R2023A/GHS_BUILT_S_E2020_GLOBE_R2023A_4326_3ss_V1_0.tif [1/1] : 0...10...20...30...40...50...60...70...80...90...100 - done.
Creating output file that is 12000P x 12000L.
Processing /spatial_data/Original_Datasets/GHSL/uncompressed/builtup/R2023A/GHS_BUILT_S_E2020_GLOBE_R2023A_4326_3ss_V1_0.tif [1/1] : 0...10...20...30...40...50...60...70...80...90...100 - done.
Creating output file that is 12000P x 12000L.
Processing /spatial_data/Original_Datasets/GHSL/uncompressed/builtup/R2023A/GHS_BUILT_S_E2020_GLOBE_R2023A_4326_3ss_V1_0.tif [1/1] : 0...10...20...30...40...50...60...70...80...90...100 - done.
ERROR 1: Output dataset /spatial_data/Derived_Datasets/RASTER/GHSL/R2023A/builtup/tiles_2020/builtup_tile_465.tif exists,
but some command line options were provided indicating a new dataset
should be created.  Please delete existing dataset and run again.

Creating output file that is 12000P x 12000L.
Processing /spatial_data/Original_Datasets/GHSL/uncompressed/builtup/R2023A/GHS_BUILT_S_E2020_GLOBE_R2023A_4326_3ss_V1_0.tif [1/1] : 0...10...20...30...40...50...60...70...80...90...100 - done.
Creating output file that is 12000P x 12000L.
Processing /spatial_data/Original_Datasets/GHSL/uncompressed/builtup/R2023A/GHS_BUILT_S_E2020_GLOBE_R2023A_4326_3ss_V1_0.tif [1/1] : 0...10...20...30...40...50...60...70...80...90...100 - done.
Creating output file that is 12000P x 12000L.
Processing /spatial_data/Original_Datasets/GHSL/uncompressed/builtup/R2023A/GHS_BUILT_S_E2020_GLOBE_R2023A_4326_3ss_V1_0.tif [1/1] : 0...10...20...30...40...50...60...70...80...90...100 - done.
Creating output file that is 12000P x 12000L.
Processing /spatial_data/Original_Datasets/GHSL/uncompressed/builtup/R2023A/GHS_BUILT_S_E2020_GLOBE_R2023A_4326_3ss_V1_0.tif [1/1] : 0...10...20...30...40...50...60...70...80...90...100 - done.
Creating output file that is 12000P x 12000L.
Processing /spatial_data/Original_Datasets/GHSL/uncompressed/builtup/R2023A/GHS_BUILT_S_E2020_GLOBE_R2023A_4326_3ss_V1_0.tif [1/1] : 0...10...20...30...40...50...60...70...80...90...100 - done.
Creating output file that is 12000P x 12000L.
Processing /spatial_data/Original_Datasets/GHSL/uncompressed/builtup/R2023A/GHS_BUILT_S_E2020_GLOBE_R2023A_4326_3ss_V1_0.tif [1/1] : 0...10...20...30...40...50...60...70...80...90...100 - done.
Creating output file that is 12000P x 12000L.
Processing /spatial_data/Original_Datasets/GHSL/uncompressed/builtup/R2023A/GHS_BUILT_S_E2020_GLOBE_R2023A_4326_3ss_V1_0.tif [1/1] : 0...10...20...30...40...50...60...70...80...90...100 - done.
Creating output file that is 12000P x 12000L.
Processing /spatial_data/Original_Datasets/GHSL/uncompressed/builtup/R2023A/GHS_BUILT_S_E2020_GLOBE_R2023A_4326_3ss_V1_0.tif [1/1] : 0...10...20...30...40...50...60...70...80...90...100 - done.
Creating output file that is 12000P x 12000L.
Processing /spatial_data/Original_Datasets/GHSL/uncompressed/builtup/R2023A/GHS_BUILT_S_E2020_GLOBE_R2023A_4326_3ss_V1_0.tif [1/1] : 0...10...20...30...40...50...60...70...80...90...100 - done.
Creating output file that is 12000P x 12000L.
Processing /spatial_data/Original_Datasets/GHSL/uncompressed/builtup/R2023A/GHS_BUILT_S_E2020_GLOBE_R2023A_4326_3ss_V1_0.tif [1/1] : 0...10...20...30...40...50...60...70...80...90...100 - done.
Creating output file that is 12000P x 12000L.
Processing /spatial_data/Original_Datasets/GHSL/uncompressed/builtup/R2023A/GHS_BUILT_S_E2020_GLOBE_R2023A_4326_3ss_V1_0.tif [1/1] : 0...10...20...30...40...50...60...70...80...90...100 - done.
Creating output file that is 12000P x 12000L.
Processing /spatial_data/Original_Datasets/GHSL/uncompressed/builtup/R2023A/GHS_BUILT_S_E2020_GLOBE_R2023A_4326_3ss_V1_0.tif [1/1] : 0...10...20...30...40...50...60...70...80...90...100 - done.
ERROR 1: Output dataset /spatial_data/Derived_Datasets/RASTER/GHSL/R2023A/builtup/tiles_2020/builtup_tile_471.tif exists,
but some command line options were provided indicating a new dataset
should be created.  Please delete existing dataset and run again.

Creating output file that is 12000P x 12000L.
Processing /spatial_data/Original_Datasets/GHSL/uncompressed/builtup/R2023A/GHS_BUILT_S_E2020_GLOBE_R2023A_4326_3ss_V1_0.tif [1/1] : 0...10...20...30...40...50...60...70...80...90...100 - done.
ERROR 1: Output dataset /spatial_data/Derived_Datasets/RASTER/GHSL/R2023A/builtup/tiles_2020/builtup_tile_473.tif exists,
but some command line options were provided indicating a new dataset
should be created.  Please delete existing dataset and run again.

Creating output file that is 12000P x 12000L.
Processing /spatial_data/Original_Datasets/GHSL/uncompressed/builtup/R2023A/GHS_BUILT_S_E2020_GLOBE_R2023A_4326_3ss_V1_0.tif [1/1] : 0...10...20...30...40...50...60...70...80...90...100 - done.
Creating output file that is 12000P x 12000L.
Processing /spatial_data/Original_Datasets/GHSL/uncompressed/builtup/R2023A/GHS_BUILT_S_E2020_GLOBE_R2023A_4326_3ss_V1_0.tif [1/1] : 0...10...20...30...40...50...60...70...80...90...100 - done.
Creating output file that is 12000P x 12000L.
Processing /spatial_data/Original_Datasets/GHSL/uncompressed/builtup/R2023A/GHS_BUILT_S_E2020_GLOBE_R2023A_4326_3ss_V1_0.tif [1/1] : 0...10...20...30...40...50...60...70...80...90...100 - done.
ERROR 1: Output dataset /spatial_data/Derived_Datasets/RASTER/GHSL/R2023A/builtup/tiles_2020/builtup_tile_474.tif exists, but cannot be opened in update mode

Creating output file that is 12000P x 12000L.
Processing /spatial_data/Original_Datasets/GHSL/uncompressed/builtup/R2023A/GHS_BUILT_S_E2020_GLOBE_R2023A_4326_3ss_V1_0.tif [1/1] : 0...10...20...30...40...50...60...70...80...90...100 - done.
Creating output file that is 12000P x 12000L.
Processing /spatial_data/Original_Datasets/GHSL/uncompressed/builtup/R2023A/GHS_BUILT_S_E2020_GLOBE_R2023A_4326_3ss_V1_0.tif [1/1] : 0...10...20...30...40...50...60...70...80...90...100 - done.
Creating output file that is 12000P x 12000L.
Processing /spatial_data/Original_Datasets/GHSL/uncompressed/builtup/R2023A/GHS_BUILT_S_E2020_GLOBE_R2023A_4326_3ss_V1_0.tif [1/1] : 0...10...20...30...40...50...60...70...80...90...100 - done.
ERROR 1: Output dataset /spatial_data/Derived_Datasets/RASTER/GHSL/R2023A/builtup/tiles_2020/builtup_tile_477.tif exists,
but some command line options were provided indicating a new dataset
should be created.  Please delete existing dataset and run again.

Creating output file that is 12000P x 12000L.
Processing /spatial_data/Original_Datasets/GHSL/uncompressed/builtup/R2023A/GHS_BUILT_S_E2020_GLOBE_R2023A_4326_3ss_V1_0.tif [1/1] : 0...10...20...30...40...50...60...70...80...90...100 - done.
Creating output file that is 12000P x 12000L.
Processing /spatial_data/Original_Datasets/GHSL/uncompressed/builtup/R2023A/GHS_BUILT_S_E2020_GLOBE_R2023A_4326_3ss_V1_0.tif [1/1] : 0...10...20...30...40...50...60...70...80...90...100 - done.
Creating output file that is 12000P x 12000L.
Processing /spatial_data/Original_Datasets/GHSL/uncompressed/builtup/R2023A/GHS_BUILT_S_E2020_GLOBE_R2023A_4326_3ss_V1_0.tif [1/1] : 0...10...20...30...40...50...60...70...80...90...100 - done.
Creating output file that is 12000P x 12000L.
Processing /spatial_data/Original_Datasets/GHSL/uncompressed/builtup/R2023A/GHS_BUILT_S_E2020_GLOBE_R2023A_4326_3ss_V1_0.tif [1/1] : 0...10...20...30...40...50...60...70...80...90...100 - done.
Creating output file that is 12000P x 12000L.
Processing /spatial_data/Original_Datasets/GHSL/uncompressed/builtup/R2023A/GHS_BUILT_S_E2020_GLOBE_R2023A_4326_3ss_V1_0.tif [1/1] : 0...10...20...30...40...50...60...70...80...90...100 - done.
Creating output file that is 12000P x 12000L.
Processing /spatial_data/Original_Datasets/GHSL/uncompressed/builtup/R2023A/GHS_BUILT_S_E2020_GLOBE_R2023A_4326_3ss_V1_0.tif [1/1] : 0...10...20...30...40...50...60...70...80...90...100 - done.
ERROR 1: Output dataset /spatial_data/Derived_Datasets/RASTER/GHSL/R2023A/builtup/tiles_2020/builtup_tile_478.tif exists,
but some command line options were provided indicating a new dataset
should be created.  Please delete existing dataset and run again.

Creating output file that is 12000P x 12000L.
Processing /spatial_data/Original_Datasets/GHSL/uncompressed/builtup/R2023A/GHS_BUILT_S_E2020_GLOBE_R2023A_4326_3ss_V1_0.tif [1/1] : 0...10...20...30...40...50...60...70...80...90...100 - done.
Creating output file that is 12000P x 12000L.
Processing /spatial_data/Original_Datasets/GHSL/uncompressed/builtup/R2023A/GHS_BUILT_S_E2020_GLOBE_R2023A_4326_3ss_V1_0.tif [1/1] : 0...10...20...30...40...50...60...70...80...90...100 - done.
ERROR 1: Output dataset /spatial_data/Derived_Datasets/RASTER/GHSL/R2023A/builtup/tiles_2020/builtup_tile_482.tif exists,
but some command line options were provided indicating a new dataset
should be created.  Please delete existing dataset and run again.

Creating output file that is 12000P x 12000L.
Processing /spatial_data/Original_Datasets/GHSL/uncompressed/builtup/R2023A/GHS_BUILT_S_E2020_GLOBE_R2023A_4326_3ss_V1_0.tif [1/1] : 0...10...20...30...40...50...60...70...80...90...100 - done.
Creating output file that is 12000P x 12000L.
Processing /spatial_data/Original_Datasets/GHSL/uncompressed/builtup/R2023A/GHS_BUILT_S_E2020_GLOBE_R2023A_4326_3ss_V1_0.tif [1/1] : 0...10...20...30...40...50...60...70...80...90...100 - done.
Creating output file that is 12000P x 12000L.
Processing /spatial_data/Original_Datasets/GHSL/uncompressed/builtup/R2023A/GHS_BUILT_S_E2020_GLOBE_R2023A_4326_3ss_V1_0.tif [1/1] : 0...10...20...30...40...50...60...70...80...90...100 - done.
Creating output file that is 12000P x 12000L.
Processing /spatial_data/Original_Datasets/GHSL/uncompressed/builtup/R2023A/GHS_BUILT_S_E2020_GLOBE_R2023A_4326_3ss_V1_0.tif [1/1] : 0...10...20...30...40...50...60...70...80...90...100 - done.
Creating output file that is 12000P x 12000L.
Processing /spatial_data/Original_Datasets/GHSL/uncompressed/builtup/R2023A/GHS_BUILT_S_E2020_GLOBE_R2023A_4326_3ss_V1_0.tif [1/1] : 0...10...20...30...40...50...60...70...80...90...100 - done.
Creating output file that is 12000P x 12000L.
Processing /spatial_data/Original_Datasets/GHSL/uncompressed/builtup/R2023A/GHS_BUILT_S_E2020_GLOBE_R2023A_4326_3ss_V1_0.tif [1/1] : 0...10...20...30...40...50...60...70...80...90...100 - done.
Creating output file that is 12000P x 12000L.
Processing /spatial_data/Original_Datasets/GHSL/uncompressed/builtup/R2023A/GHS_BUILT_S_E2020_GLOBE_R2023A_4326_3ss_V1_0.tif [1/1] : 0...10...20...30...40...50...60...70...80...90...100 - done.
Creating output file that is 12000P x 12000L.
Processing /spatial_data/Original_Datasets/GHSL/uncompressed/builtup/R2023A/GHS_BUILT_S_E2020_GLOBE_R2023A_4326_3ss_V1_0.tif [1/1] : 0...10...20...30...40...50...60...70...80...90...100 - done.
Creating output file that is 12000P x 12000L.
Processing /spatial_data/Original_Datasets/GHSL/uncompressed/builtup/R2023A/GHS_BUILT_S_E2020_GLOBE_R2023A_4326_3ss_V1_0.tif [1/1] : 0...10...20...30...40...50...60...70...80...90...100 - done.
Creating output file that is 12000P x 12000L.
Processing /spatial_data/Original_Datasets/GHSL/uncompressed/builtup/R2023A/GHS_BUILT_S_E2020_GLOBE_R2023A_4326_3ss_V1_0.tif [1/1] : 0...10...20...30...40...50...60...70...80...90...100 - done.
Creating output file that is 12000P x 12000L.
Processing /spatial_data/Original_Datasets/GHSL/uncompressed/builtup/R2023A/GHS_BUILT_S_E2020_GLOBE_R2023A_4326_3ss_V1_0.tif [1/1] : 0...10...20...30...40...50...60...70...80...90...100 - done.
Creating output file that is 12000P x 12000L.
Processing /spatial_data/Original_Datasets/GHSL/uncompressed/builtup/R2023A/GHS_BUILT_S_E2020_GLOBE_R2023A_4326_3ss_V1_0.tif [1/1] : 0...10...20...30...40...50...60...70...80...90...100 - done.
ERROR 1: Output dataset /spatial_data/Derived_Datasets/RASTER/GHSL/R2023A/builtup/tiles_2020/builtup_tile_488.tif exists,
but some command line options were provided indicating a new dataset
should be created.  Please delete existing dataset and run again.

Creating output file that is 12000P x 12000L.
Processing /spatial_data/Original_Datasets/GHSL/uncompressed/builtup/R2023A/GHS_BUILT_S_E2020_GLOBE_R2023A_4326_3ss_V1_0.tif [1/1] : 0...10...20...30...40...50...60...70...80...90...100 - done.
Creating output file that is 12000P x 12000L.
Processing /spatial_data/Original_Datasets/GHSL/uncompressed/builtup/R2023A/GHS_BUILT_S_E2020_GLOBE_R2023A_4326_3ss_V1_0.tif [1/1] : 0...10...20...30...40...50...60...70...80...90...100 - done.
Creating output file that is 12000P x 12000L.
Processing /spatial_data/Original_Datasets/GHSL/uncompressed/builtup/R2023A/GHS_BUILT_S_E2020_GLOBE_R2023A_4326_3ss_V1_0.tif [1/1] : 0...10...20...30...40...50...60...70...80...90...100 - done.
Creating output file that is 12000P x 12000L.
Processing /spatial_data/Original_Datasets/GHSL/uncompressed/builtup/R2023A/GHS_BUILT_S_E2020_GLOBE_R2023A_4326_3ss_V1_0.tif [1/1] : 0...10...20...30...40...50...60...70...80...90...100 - done.
Creating output file that is 12000P x 12000L.
Processing /spatial_data/Original_Datasets/GHSL/uncompressed/builtup/R2023A/GHS_BUILT_S_E2020_GLOBE_R2023A_4326_3ss_V1_0.tif [1/1] : 0...10...20...30...40...50...60...70...80...90...100 - done.
Creating output file that is 12000P x 12000L.
Processing /spatial_data/Original_Datasets/GHSL/uncompressed/builtup/R2023A/GHS_BUILT_S_E2020_GLOBE_R2023A_4326_3ss_V1_0.tif [1/1] : 0...10...20...30...40...50...60...70...80...90...100 - done.
ERROR 1: Output dataset /spatial_data/Derived_Datasets/RASTER/GHSL/R2023A/builtup/tiles_2020/builtup_tile_492.tif exists,
but some command line options were provided indicating a new dataset
should be created.  Please delete existing dataset and run again.

Creating output file that is 12000P x 12000L.
Processing /spatial_data/Original_Datasets/GHSL/uncompressed/builtup/R2023A/GHS_BUILT_S_E2020_GLOBE_R2023A_4326_3ss_V1_0.tif [1/1] : 0...10...20...30...40...50...60...70...80...90...100 - done.
Creating output file that is 12000P x 12000L.
Processing /spatial_data/Original_Datasets/GHSL/uncompressed/builtup/R2023A/GHS_BUILT_S_E2020_GLOBE_R2023A_4326_3ss_V1_0.tif [1/1] : 0...10...20...30...40...50...60...70...80...90...100 - done.
Creating output file that is 12000P x 12000L.
Processing /spatial_data/Original_Datasets/GHSL/uncompressed/builtup/R2023A/GHS_BUILT_S_E2020_GLOBE_R2023A_4326_3ss_V1_0.tif [1/1] : 0...10...20...30...40...50...60...70...80...90...100 - done.
ERROR 1: Output dataset /spatial_data/Derived_Datasets/RASTER/GHSL/R2023A/builtup/tiles_2020/builtup_tile_493.tif exists,
but some command line options were provided indicating a new dataset
should be created.  Please delete existing dataset and run again.

Creating output file that is 12000P x 12000L.
Processing /spatial_data/Original_Datasets/GHSL/uncompressed/builtup/R2023A/GHS_BUILT_S_E2020_GLOBE_R2023A_4326_3ss_V1_0.tif [1/1] : 0...10...20...30...40...50...60...70...80...90...100 - done.
Creating output file that is 12000P x 12000L.
Processing /spatial_data/Original_Datasets/GHSL/uncompressed/builtup/R2023A/GHS_BUILT_S_E2020_GLOBE_R2023A_4326_3ss_V1_0.tif [1/1] : 0...10...20...30...40...50...60...70...80...90...100 - done.
Creating output file that is 12000P x 12000L.
Processing /spatial_data/Original_Datasets/GHSL/uncompressed/builtup/R2023A/GHS_BUILT_S_E2020_GLOBE_R2023A_4326_3ss_V1_0.tif [1/1] : 0...10...20...30...40...50...60...70...80...90...100 - done.
Creating output file that is 12000P x 12000L.
Processing /spatial_data/Original_Datasets/GHSL/uncompressed/builtup/R2023A/GHS_BUILT_S_E2020_GLOBE_R2023A_4326_3ss_V1_0.tif [1/1] : 0...10...20...30...40...50...60...70...80...90...100 - done.
Creating output file that is 12000P x 12000L.
Processing /spatial_data/Original_Datasets/GHSL/uncompressed/builtup/R2023A/GHS_BUILT_S_E2020_GLOBE_R2023A_4326_3ss_V1_0.tif [1/1] : 0...10...20...30...40...50...60...70...80...90...100 - done.
Creating output file that is 12000P x 12000L.
Processing /spatial_data/Original_Datasets/GHSL/uncompressed/builtup/R2023A/GHS_BUILT_S_E2020_GLOBE_R2023A_4326_3ss_V1_0.tif [1/1] : 0...10...20...30...40...50...60...70...80...90...100 - done.
Creating output file that is 12000P x 12000L.
Processing /spatial_data/Original_Datasets/GHSL/uncompressed/builtup/R2023A/GHS_BUILT_S_E2020_GLOBE_R2023A_4326_3ss_V1_0.tif [1/1] : 0...10...20...30...40...50...60...70...80...90...100 - done.
Creating output file that is 12000P x 12000L.
Processing /spatial_data/Original_Datasets/GHSL/uncompressed/builtup/R2023A/GHS_BUILT_S_E2020_GLOBE_R2023A_4326_3ss_V1_0.tif [1/1] : 0...10...20...30...40...50...60...70...80...90...100 - done.
Creating output file that is 12000P x 12000L.
Processing /spatial_data/Original_Datasets/GHSL/uncompressed/builtup/R2023A/GHS_BUILT_S_E2020_GLOBE_R2023A_4326_3ss_V1_0.tif [1/1] : 0...10...20...30...40...50...60...70...80...90...100 - done.
Creating output file that is 12000P x 12000L.
Processing /spatial_data/Original_Datasets/GHSL/uncompressed/builtup/R2023A/GHS_BUILT_S_E2020_GLOBE_R2023A_4326_3ss_V1_0.tif [1/1] : 0...10...20...30...40...50...60...70...80...90...100 - done.
Creating output file that is 12000P x 12000L.
Processing /spatial_data/Original_Datasets/GHSL/uncompressed/builtup/R2023A/GHS_BUILT_S_E2020_GLOBE_R2023A_4326_3ss_V1_0.tif [1/1] : 0...10...20...30...40...50...60...70...80...90...100 - done.
Creating output file that is 12000P x 12000L.
Processing /spatial_data/Original_Datasets/GHSL/uncompressed/builtup/R2023A/GHS_BUILT_S_E2020_GLOBE_R2023A_4326_3ss_V1_0.tif [1/1] : 0...10...20...30...40...50...60...70...80...90...100 - done.
ERROR 1: Output dataset /spatial_data/Derived_Datasets/RASTER/GHSL/R2023A/builtup/tiles_2020/builtup_tile_500.tif exists,
but some command line options were provided indicating a new dataset
should be created.  Please delete existing dataset and run again.

Creating output file that is 12000P x 12000L.
Processing /spatial_data/Original_Datasets/GHSL/uncompressed/builtup/R2023A/GHS_BUILT_S_E2020_GLOBE_R2023A_4326_3ss_V1_0.tif [1/1] : 0...10...20...30...40...50...60...70...80...90...100 - done.
Creating output file that is 12000P x 12000L.
Processing /spatial_data/Original_Datasets/GHSL/uncompressed/builtup/R2023A/GHS_BUILT_S_E2020_GLOBE_R2023A_4326_3ss_V1_0.tif [1/1] : 0...10...20...30...40...50...60...70...80...90...100 - done.
ERROR 1: Output dataset /spatial_data/Derived_Datasets/RASTER/GHSL/R2023A/builtup/tiles_2020/builtup_tile_502.tif exists,
but some command line options were provided indicating a new dataset
should be created.  Please delete existing dataset and run again.

Creating output file that is 12000P x 12000L.
Processing /spatial_data/Original_Datasets/GHSL/uncompressed/builtup/R2023A/GHS_BUILT_S_E2020_GLOBE_R2023A_4326_3ss_V1_0.tif [1/1] : 0...10...20...30...40...50...60...70...80...90...100 - done.
Creating output file that is 12000P x 12000L.
Processing /spatial_data/Original_Datasets/GHSL/uncompressed/builtup/R2023A/GHS_BUILT_S_E2020_GLOBE_R2023A_4326_3ss_V1_0.tif [1/1] : 0...10...20...30...40...50...60...70...80...90...100 - done.
Creating output file that is 12000P x 12000L.
Processing /spatial_data/Original_Datasets/GHSL/uncompressed/builtup/R2023A/GHS_BUILT_S_E2020_GLOBE_R2023A_4326_3ss_V1_0.tif [1/1] : 0...10...20...30...40...50...60...70...80...90...100 - done.
Creating output file that is 12000P x 12000L.
Processing /spatial_data/Original_Datasets/GHSL/uncompressed/builtup/R2023A/GHS_BUILT_S_E2020_GLOBE_R2023A_4326_3ss_V1_0.tif [1/1] : 0...10...20...30...40...50...60...70...80...90...100 - done.
Creating output file that is 12000P x 12000L.
Processing /spatial_data/Original_Datasets/GHSL/uncompressed/builtup/R2023A/GHS_BUILT_S_E2020_GLOBE_R2023A_4326_3ss_V1_0.tif [1/1] : 0...10...20...30...40...50...60...70...80...90...100 - done.
Creating output file that is 12000P x 12000L.
Processing /spatial_data/Original_Datasets/GHSL/uncompressed/builtup/R2023A/GHS_BUILT_S_E2020_GLOBE_R2023A_4326_3ss_V1_0.tif [1/1] : 0...10...20...30...40...50...60...70...80...90...100 - done.
Creating output file that is 12000P x 12000L.
Processing /spatial_data/Original_Datasets/GHSL/uncompressed/builtup/R2023A/GHS_BUILT_S_E2020_GLOBE_R2023A_4326_3ss_V1_0.tif [1/1] : 0...10...20...30...40...50...60...70...80...90...100 - done.
Creating output file that is 12000P x 12000L.
Processing /spatial_data/Original_Datasets/GHSL/uncompressed/builtup/R2023A/GHS_BUILT_S_E2020_GLOBE_R2023A_4326_3ss_V1_0.tif [1/1] : 0...10...20...30...40...50...60...70...80...90...100 - done.
Creating output file that is 12000P x 12000L.
Processing /spatial_data/Original_Datasets/GHSL/uncompressed/builtup/R2023A/GHS_BUILT_S_E2020_GLOBE_R2023A_4326_3ss_V1_0.tif [1/1] : 0...10...20...30...40...50...60...70...80...90...100 - done.
Creating output file that is 12000P x 12000L.
Processing /spatial_data/Original_Datasets/GHSL/uncompressed/builtup/R2023A/GHS_BUILT_S_E2020_GLOBE_R2023A_4326_3ss_V1_0.tif [1/1] : 0...10...20...30...40...50...60...70...80...90...100 - done.
Creating output file that is 12000P x 12000L.
Processing /spatial_data/Original_Datasets/GHSL/uncompressed/builtup/R2023A/GHS_BUILT_S_E2020_GLOBE_R2023A_4326_3ss_V1_0.tif [1/1] : 0...10...20...30...40...50...60...70...80...90...100 - done.
Creating output file that is 12000P x 12000L.
Processing /spatial_data/Original_Datasets/GHSL/uncompressed/builtup/R2023A/GHS_BUILT_S_E2020_GLOBE_R2023A_4326_3ss_V1_0.tif [1/1] : 0...10...20...30...40...50...60...70...80...90...100 - done.
Creating output file that is 12000P x 12000L.
Processing /spatial_data/Original_Datasets/GHSL/uncompressed/builtup/R2023A/GHS_BUILT_S_E2020_GLOBE_R2023A_4326_3ss_V1_0.tif [1/1] : 0...10...20...30...40...50...60...70...80...90...100 - done.
Creating output file that is 12000P x 12000L.
Processing /spatial_data/Original_Datasets/GHSL/uncompressed/builtup/R2023A/GHS_BUILT_S_E2020_GLOBE_R2023A_4326_3ss_V1_0.tif [1/1] : 0...10...20...30...40...50...60...70...80...90...100 - done.
Creating output file that is 12000P x 12000L.
Processing /spatial_data/Original_Datasets/GHSL/uncompressed/builtup/R2023A/GHS_BUILT_S_E2020_GLOBE_R2023A_4326_3ss_V1_0.tif [1/1] : 0...10...20...30...40...50...60...70...80...90...100 - done.
Creating output file that is 12000P x 12000L.
Processing /spatial_data/Original_Datasets/GHSL/uncompressed/builtup/R2023A/GHS_BUILT_S_E2020_GLOBE_R2023A_4326_3ss_V1_0.tif [1/1] : 0...10...20...30...40...50...60...70...80...90...100 - done.
Creating output file that is 12000P x 12000L.
Processing /spatial_data/Original_Datasets/GHSL/uncompressed/builtup/R2023A/GHS_BUILT_S_E2020_GLOBE_R2023A_4326_3ss_V1_0.tif [1/1] : 0...10...20...30...40...50...60...70...80...90...100 - done.
Creating output file that is 12000P x 12000L.
Processing /spatial_data/Original_Datasets/GHSL/uncompressed/builtup/R2023A/GHS_BUILT_S_E2020_GLOBE_R2023A_4326_3ss_V1_0.tif [1/1] : 0...10...20...30...40...50...60...70...80...90...100 - done.
Creating output file that is 12000P x 12000L.
Processing /spatial_data/Original_Datasets/GHSL/uncompressed/builtup/R2023A/GHS_BUILT_S_E2020_GLOBE_R2023A_4326_3ss_V1_0.tif [1/1] : 0...10...20...30...40...50...60...70...80...90...100 - done.
Creating output file that is 12000P x 12000L.
Processing /spatial_data/Original_Datasets/GHSL/uncompressed/builtup/R2023A/GHS_BUILT_S_E2020_GLOBE_R2023A_4326_3ss_V1_0.tif [1/1] : 0...10...20...30...40...50...60...70...80...90...100 - done.
Creating output file that is 12000P x 12000L.
Processing /spatial_data/Original_Datasets/GHSL/uncompressed/builtup/R2023A/GHS_BUILT_S_E2020_GLOBE_R2023A_4326_3ss_V1_0.tif [1/1] : 0...10...20...30...40...50...60...70...80...90...100 - done.
Creating output file that is 12000P x 12000L.
Processing /spatial_data/Original_Datasets/GHSL/uncompressed/builtup/R2023A/GHS_BUILT_S_E2020_GLOBE_R2023A_4326_3ss_V1_0.tif [1/1] : 0...10...20...30...40...50...60...70...80...90...100 - done.
Creating output file that is 12000P x 12000L.
Processing /spatial_data/Original_Datasets/GHSL/uncompressed/builtup/R2023A/GHS_BUILT_S_E2020_GLOBE_R2023A_4326_3ss_V1_0.tif [1/1] : 0...10...20...30...40...50...60...70...80...90...100 - done.
Creating output file that is 12000P x 12000L.
Processing /spatial_data/Original_Datasets/GHSL/uncompressed/builtup/R2023A/GHS_BUILT_S_E2020_GLOBE_R2023A_4326_3ss_V1_0.tif [1/1] : 0...10...20...30...40...50...60...70...80...90...100 - done.
Creating output file that is 12000P x 12000L.
Processing /spatial_data/Original_Datasets/GHSL/uncompressed/builtup/R2023A/GHS_BUILT_S_E2020_GLOBE_R2023A_4326_3ss_V1_0.tif [1/1] : 0...10...20...30...40...50...60...70...80...90...100 - done.
Creating output file that is 12000P x 12000L.
Processing /spatial_data/Original_Datasets/GHSL/uncompressed/builtup/R2023A/GHS_BUILT_S_E2020_GLOBE_R2023A_4326_3ss_V1_0.tif [1/1] : 0...10...20...30...40...50...60...70...80...90...100 - done.
Creating output file that is 12000P x 12000L.
Processing /spatial_data/Original_Datasets/GHSL/uncompressed/builtup/R2023A/GHS_BUILT_S_E2020_GLOBE_R2023A_4326_3ss_V1_0.tif [1/1] : 0...10...20...30...40...50...60...70...80...90...100 - done.
Creating output file that is 12000P x 12000L.
Processing /spatial_data/Original_Datasets/GHSL/uncompressed/builtup/R2023A/GHS_BUILT_S_E2020_GLOBE_R2023A_4326_3ss_V1_0.tif [1/1] : 0...10...20...30...40...50...60...70...80...90...100 - done.
Creating output file that is 12000P x 12000L.
Processing /spatial_data/Original_Datasets/GHSL/uncompressed/builtup/R2023A/GHS_BUILT_S_E2020_GLOBE_R2023A_4326_3ss_V1_0.tif [1/1] : 0...10...20...30...40...50...60...70...80...90...100 - done.
Creating output file that is 12000P x 12000L.
Processing /spatial_data/Original_Datasets/GHSL/uncompressed/builtup/R2023A/GHS_BUILT_S_E2020_GLOBE_R2023A_4326_3ss_V1_0.tif [1/1] : 0...10...20...30...40...50...60...70...80...90...100 - done.
Creating output file that is 12000P x 12000L.
Processing /spatial_data/Original_Datasets/GHSL/uncompressed/builtup/R2023A/GHS_BUILT_S_E2020_GLOBE_R2023A_4326_3ss_V1_0.tif [1/1] : 0...10...20...30...40...50...60...70...80...90...100 - done.
Creating output file that is 12000P x 12000L.
Processing /spatial_data/Original_Datasets/GHSL/uncompressed/builtup/R2023A/GHS_BUILT_S_E2020_GLOBE_R2023A_4326_3ss_V1_0.tif [1/1] : 0...10...20...30...40...50...60...70...80...90...100 - done.
Creating output file that is 12000P x 12000L.
Processing /spatial_data/Original_Datasets/GHSL/uncompressed/builtup/R2023A/GHS_BUILT_S_E2020_GLOBE_R2023A_4326_3ss_V1_0.tif [1/1] : 0...10...20...30...40...50...60...70...80...90...100 - done.
Creating output file that is 12000P x 12000L.
Processing /spatial_data/Original_Datasets/GHSL/uncompressed/builtup/R2023A/GHS_BUILT_S_E2020_GLOBE_R2023A_4326_3ss_V1_0.tif [1/1] : 0...10...20...30...40...50...60...70...80...90...100 - done.
Creating output file that is 12000P x 12000L.
Processing /spatial_data/Original_Datasets/GHSL/uncompressed/builtup/R2023A/GHS_BUILT_S_E2020_GLOBE_R2023A_4326_3ss_V1_0.tif [1/1] : 0...10...20...30...40...50...60...70...80...90...100 - done.
ERROR 1: Output dataset /spatial_data/Derived_Datasets/RASTER/GHSL/R2023A/builtup/tiles_2020/builtup_tile_520.tif exists,
but some command line options were provided indicating a new dataset
should be created.  Please delete existing dataset and run again.

Creating output file that is 12000P x 12000L.
Processing /spatial_data/Original_Datasets/GHSL/uncompressed/builtup/R2023A/GHS_BUILT_S_E2020_GLOBE_R2023A_4326_3ss_V1_0.tif [1/1] : 0...10...20...30...40...50...60...70...80...90...100 - done.
Creating output file that is 12000P x 12000L.
Processing /spatial_data/Original_Datasets/GHSL/uncompressed/builtup/R2023A/GHS_BUILT_S_E2020_GLOBE_R2023A_4326_3ss_V1_0.tif [1/1] : 0...10...20...30...40...50...60...70...80...90...100 - done.
ERROR 1: Output dataset /spatial_data/Derived_Datasets/RASTER/GHSL/R2023A/builtup/tiles_2020/builtup_tile_521.tif exists,
but some command line options were provided indicating a new dataset
should be created.  Please delete existing dataset and run again.

Creating output file that is 12000P x 12000L.
Processing /spatial_data/Original_Datasets/GHSL/uncompressed/builtup/R2023A/GHS_BUILT_S_E2020_GLOBE_R2023A_4326_3ss_V1_0.tif [1/1] : 0...10...20...30...40...50...60...70...80...90...100 - done.
Creating output file that is 12000P x 12000L.
Processing /spatial_data/Original_Datasets/GHSL/uncompressed/builtup/R2023A/GHS_BUILT_S_E2020_GLOBE_R2023A_4326_3ss_V1_0.tif [1/1] : 0...10...20...30...40...50...60...70...80...90...100 - done.
Creating output file that is 12000P x 12000L.
Processing /spatial_data/Original_Datasets/GHSL/uncompressed/builtup/R2023A/GHS_BUILT_S_E2020_GLOBE_R2023A_4326_3ss_V1_0.tif [1/1] : 0...10...20...30...40...50...60...70...80...90...100 - done.
Warning 1: TIFFFetchNormalTag:ASCII value for tag "GeoASCIIParams" contains null byte in value; value incorrectly truncated during reading due to implementation limitations
Creating output file that is 12000P x 12000L.
Processing /spatial_data/Original_Datasets/GHSL/uncompressed/builtup/R2023A/GHS_BUILT_S_E2020_GLOBE_R2023A_4326_3ss_V1_0.tif [1/1] : 0...10...20...30...40...50...60...70...80...90...100 - done.
Creating output file that is 12000P x 12000L.
Processing /spatial_data/Original_Datasets/GHSL/uncompressed/builtup/R2023A/GHS_BUILT_S_E2020_GLOBE_R2023A_4326_3ss_V1_0.tif [1/1] : 0...10...20...30...40...50...60...70...80...90...100 - done.
Creating output file that is 12000P x 12000L.
Processing /spatial_data/Original_Datasets/GHSL/uncompressed/builtup/R2023A/GHS_BUILT_S_E2020_GLOBE_R2023A_4326_3ss_V1_0.tif [1/1] : 0...10...20...30...40...50...60...70...80...90...100 - done.
ERROR 1: TIFFResetField:/spatial_data/Derived_Datasets/RASTER/GHSL/R2023A/builtup/tiles_2020/builtup_tile_508.tif: Can not read TIFF directory entry.
Creating output file that is 12000P x 12000L.
Processing /spatial_data/Original_Datasets/GHSL/uncompressed/builtup/R2023A/GHS_BUILT_S_E2020_GLOBE_R2023A_4326_3ss_V1_0.tif [1/1] : 0...10...20...30...40...50...60...70...80...90...100 - done.
Creating output file that is 12000P x 12000L.
Processing /spatial_data/Original_Datasets/GHSL/uncompressed/builtup/R2023A/GHS_BUILT_S_E2020_GLOBE_R2023A_4326_3ss_V1_0.tif [1/1] : 0...10...20...30...40...50...60...70...80...90...100 - done.
Creating output file that is 12000P x 12000L.
Processing /spatial_data/Original_Datasets/GHSL/uncompressed/builtup/R2023A/GHS_BUILT_S_E2020_GLOBE_R2023A_4326_3ss_V1_0.tif [1/1] : 0...10...20...30...40...50...60...70...80...90...100 - done.
Creating output file that is 12000P x 12000L.
Processing /spatial_data/Original_Datasets/GHSL/uncompressed/builtup/R2023A/GHS_BUILT_S_E2020_GLOBE_R2023A_4326_3ss_V1_0.tif [1/1] : 0...10...20...30...40...50...60...70...80...90...100 - done.
ERROR 1: Output dataset /spatial_data/Derived_Datasets/RASTER/GHSL/R2023A/builtup/tiles_2020/builtup_tile_527.tif exists,
but some command line options were provided indicating a new dataset
should be created.  Please delete existing dataset and run again.

Creating output file that is 12000P x 12000L.
Processing /spatial_data/Original_Datasets/GHSL/uncompressed/builtup/R2023A/GHS_BUILT_S_E2020_GLOBE_R2023A_4326_3ss_V1_0.tif [1/1] : 0...10...20...30...40...50...60...70...80...90...100 - done.
Creating output file that is 12000P x 12000L.
Processing /spatial_data/Original_Datasets/GHSL/uncompressed/builtup/R2023A/GHS_BUILT_S_E2020_GLOBE_R2023A_4326_3ss_V1_0.tif [1/1] : 0...10...20...30...40...50...60...70...80...90...100 - done.
Creating output file that is 12000P x 12000L.
Processing /spatial_data/Original_Datasets/GHSL/uncompressed/builtup/R2023A/GHS_BUILT_S_E2020_GLOBE_R2023A_4326_3ss_V1_0.tif [1/1] : 0...10...20...30...40...50...60...70...80...90...100 - done.
Creating output file that is 12000P x 12000L.
Processing /spatial_data/Original_Datasets/GHSL/uncompressed/builtup/R2023A/GHS_BUILT_S_E2020_GLOBE_R2023A_4326_3ss_V1_0.tif [1/1] : 0...10...20...30...40...50...60...70...80...90...100 - done.
Creating output file that is 12000P x 12000L.
Processing /spatial_data/Original_Datasets/GHSL/uncompressed/builtup/R2023A/GHS_BUILT_S_E2020_GLOBE_R2023A_4326_3ss_V1_0.tif [1/1] : 0...10...20...30...40...50...60...70...80...90...100 - done.
Creating output file that is 12000P x 12000L.
Processing /spatial_data/Original_Datasets/GHSL/uncompressed/builtup/R2023A/GHS_BUILT_S_E2020_GLOBE_R2023A_4326_3ss_V1_0.tif [1/1] : 0...10...20...30...40...50...60...70...80...90...100 - done.
Creating output file that is 12000P x 12000L.
Processing /spatial_data/Original_Datasets/GHSL/uncompressed/builtup/R2023A/GHS_BUILT_S_E2020_GLOBE_R2023A_4326_3ss_V1_0.tif [1/1] : 0...10...20...30...40...50...60...70...80...90...100 - done.
Creating output file that is 12000P x 12000L.
Processing /spatial_data/Original_Datasets/GHSL/uncompressed/builtup/R2023A/GHS_BUILT_S_E2020_GLOBE_R2023A_4326_3ss_V1_0.tif [1/1] : 0...10...20...30...40...50...60...70...80...90...100 - done.
ERROR 1: Output dataset /spatial_data/Derived_Datasets/RASTER/GHSL/R2023A/builtup/tiles_2020/builtup_tile_531.tif exists,
but some command line options were provided indicating a new dataset
should be created.  Please delete existing dataset and run again.

Creating output file that is 12000P x 12000L.
Processing /spatial_data/Original_Datasets/GHSL/uncompressed/builtup/R2023A/GHS_BUILT_S_E2020_GLOBE_R2023A_4326_3ss_V1_0.tif [1/1] : 0...10...20...30...40...50...60...70...80...90...100 - done.
Creating output file that is 12000P x 12000L.
Processing /spatial_data/Original_Datasets/GHSL/uncompressed/builtup/R2023A/GHS_BUILT_S_E2020_GLOBE_R2023A_4326_3ss_V1_0.tif [1/1] : 0...10...20...30...40...50...60...70...80...90...100 - done.
Creating output file that is 12000P x 12000L.
Processing /spatial_data/Original_Datasets/GHSL/uncompressed/builtup/R2023A/GHS_BUILT_S_E2020_GLOBE_R2023A_4326_3ss_V1_0.tif [1/1] : 0...10...20...30...40...50...60...70...80...90...100 - done.
Creating output file that is 12000P x 12000L.
Processing /spatial_data/Original_Datasets/GHSL/uncompressed/builtup/R2023A/GHS_BUILT_S_E2020_GLOBE_R2023A_4326_3ss_V1_0.tif [1/1] : 0...10...20...30...40...50...60...70...80...90...100 - done.
Creating output file that is 12000P x 12000L.
Processing /spatial_data/Original_Datasets/GHSL/uncompressed/builtup/R2023A/GHS_BUILT_S_E2020_GLOBE_R2023A_4326_3ss_V1_0.tif [1/1] : 0...10...20...30...40...50...60...70...80...90...100 - done.
Creating output file that is 12000P x 12000L.
Processing /spatial_data/Original_Datasets/GHSL/uncompressed/builtup/R2023A/GHS_BUILT_S_E2020_GLOBE_R2023A_4326_3ss_V1_0.tif [1/1] : 0...10...20...30...40...50...60...70...80...90...100 - done.
Creating output file that is 12000P x 12000L.
Processing /spatial_data/Original_Datasets/GHSL/uncompressed/builtup/R2023A/GHS_BUILT_S_E2020_GLOBE_R2023A_4326_3ss_V1_0.tif [1/1] : 0...10...20...30...40...50...60...70...80...90...100 - done.
Creating output file that is 12000P x 12000L.
Processing /spatial_data/Original_Datasets/GHSL/uncompressed/builtup/R2023A/GHS_BUILT_S_E2020_GLOBE_R2023A_4326_3ss_V1_0.tif [1/1] : 0...10...20...30...40...50...60...70...80...90...100 - done.
ERROR 1: Output dataset /spatial_data/Derived_Datasets/RASTER/GHSL/R2023A/builtup/tiles_2020/builtup_tile_535.tif exists,
but some command line options were provided indicating a new dataset
should be created.  Please delete existing dataset and run again.

Creating output file that is 12000P x 12000L.
Processing /spatial_data/Original_Datasets/GHSL/uncompressed/builtup/R2023A/GHS_BUILT_S_E2020_GLOBE_R2023A_4326_3ss_V1_0.tif [1/1] : 0...10...20...30...40...50...60...70...80...90...100 - done.
Creating output file that is 12000P x 12000L.
Processing /spatial_data/Original_Datasets/GHSL/uncompressed/builtup/R2023A/GHS_BUILT_S_E2020_GLOBE_R2023A_4326_3ss_V1_0.tif [1/1] : 0...10...20...30...40...50...60...70...80...90...100 - done.
Creating output file that is 12000P x 12000L.
Processing /spatial_data/Original_Datasets/GHSL/uncompressed/builtup/R2023A/GHS_BUILT_S_E2020_GLOBE_R2023A_4326_3ss_V1_0.tif [1/1] : 0...10...20...30...40...50...60...70...80...90...100 - done.
Creating output file that is 12000P x 12000L.
Processing /spatial_data/Original_Datasets/GHSL/uncompressed/builtup/R2023A/GHS_BUILT_S_E2020_GLOBE_R2023A_4326_3ss_V1_0.tif [1/1] : 0...10...20...30...40...50...60...70...80...90...100 - done.
Creating output file that is 12000P x 12000L.
Processing /spatial_data/Original_Datasets/GHSL/uncompressed/builtup/R2023A/GHS_BUILT_S_E2020_GLOBE_R2023A_4326_3ss_V1_0.tif [1/1] : 0...10...20...30...40...50...60...70...80...90...100 - done.
Creating output file that is 12000P x 12000L.
Processing /spatial_data/Original_Datasets/GHSL/uncompressed/builtup/R2023A/GHS_BUILT_S_E2020_GLOBE_R2023A_4326_3ss_V1_0.tif [1/1] : 0...10...20...30...40...50...60...70...80...90...100 - done.
ERROR 1: Output dataset /spatial_data/Derived_Datasets/RASTER/GHSL/R2023A/builtup/tiles_2020/builtup_tile_539.tif exists,
but some command line options were provided indicating a new dataset
should be created.  Please delete existing dataset and run again.

Creating output file that is 12000P x 12000L.
Processing /spatial_data/Original_Datasets/GHSL/uncompressed/builtup/R2023A/GHS_BUILT_S_E2020_GLOBE_R2023A_4326_3ss_V1_0.tif [1/1] : 0...10...20...30...40...50...60...70...80...90...100 - done.
Creating output file that is 12000P x 12000L.
Processing /spatial_data/Original_Datasets/GHSL/uncompressed/builtup/R2023A/GHS_BUILT_S_E2020_GLOBE_R2023A_4326_3ss_V1_0.tif [1/1] : 0...10...20...30...40...50...60...70...80...90...100 - done.
Creating output file that is 12000P x 12000L.
Processing /spatial_data/Original_Datasets/GHSL/uncompressed/builtup/R2023A/GHS_BUILT_S_E2020_GLOBE_R2023A_4326_3ss_V1_0.tif [1/1] : 0...10...20...30...40...50...60...70...80...90...100 - done.
Creating output file that is 12000P x 12000L.
Processing /spatial_data/Original_Datasets/GHSL/uncompressed/builtup/R2023A/GHS_BUILT_S_E2020_GLOBE_R2023A_4326_3ss_V1_0.tif [1/1] : 0...10...20...30...40...50...60...70...80...90...100 - done.
Creating output file that is 12000P x 12000L.
Processing /spatial_data/Original_Datasets/GHSL/uncompressed/builtup/R2023A/GHS_BUILT_S_E2020_GLOBE_R2023A_4326_3ss_V1_0.tif [1/1] : 0...10...20...30...40...50...60...70...80...90...100 - done.
Creating output file that is 12000P x 12000L.
Processing /spatial_data/Original_Datasets/GHSL/uncompressed/builtup/R2023A/GHS_BUILT_S_E2020_GLOBE_R2023A_4326_3ss_V1_0.tif [1/1] : 0...10...20...30...40...50...60...70...80...90...100 - done.
Creating output file that is 12000P x 12000L.
Processing /spatial_data/Original_Datasets/GHSL/uncompressed/builtup/R2023A/GHS_BUILT_S_E2020_GLOBE_R2023A_4326_3ss_V1_0.tif [1/1] : 0...10...20...30...40...50...60...70...80...90...100 - done.
Creating output file that is 12000P x 12000L.
Processing /spatial_data/Original_Datasets/GHSL/uncompressed/builtup/R2023A/GHS_BUILT_S_E2020_GLOBE_R2023A_4326_3ss_V1_0.tif [1/1] : 0...10...20...30...40...50...60...70...80...90...100 - done.
Creating output file that is 12000P x 12000L.
Processing /spatial_data/Original_Datasets/GHSL/uncompressed/builtup/R2023A/GHS_BUILT_S_E2020_GLOBE_R2023A_4326_3ss_V1_0.tif [1/1] : 0...10...20...30...40...50...60...70...80...90...100 - done.
Creating output file that is 12000P x 12000L.
Processing /spatial_data/Original_Datasets/GHSL/uncompressed/builtup/R2023A/GHS_BUILT_S_E2020_GLOBE_R2023A_4326_3ss_V1_0.tif [1/1] : 0...10...20...30...40...50...60...70...80...90...100 - done.
Creating output file that is 12000P x 12000L.
Processing /spatial_data/Original_Datasets/GHSL/uncompressed/builtup/R2023A/GHS_BUILT_S_E2020_GLOBE_R2023A_4326_3ss_V1_0.tif [1/1] : 0...10...20...30...40...50...60...70...80...90...100 - done.
Creating output file that is 12000P x 12000L.
Processing /spatial_data/Original_Datasets/GHSL/uncompressed/builtup/R2023A/GHS_BUILT_S_E2020_GLOBE_R2023A_4326_3ss_V1_0.tif [1/1] : 0...10...20...30...40...50...60...70...80...90...100 - done.
Creating output file that is 12000P x 12000L.
Processing /spatial_data/Original_Datasets/GHSL/uncompressed/builtup/R2023A/GHS_BUILT_S_E2020_GLOBE_R2023A_4326_3ss_V1_0.tif [1/1] : 0...10...20...30...40...50...60...70...80...90...100 - done.
Creating output file that is 12000P x 12000L.
Processing /spatial_data/Original_Datasets/GHSL/uncompressed/builtup/R2023A/GHS_BUILT_S_E2020_GLOBE_R2023A_4326_3ss_V1_0.tif [1/1] : 0...10...20...30...40...50...60...70...80...90...100 - done.
Creating output file that is 12000P x 12000L.
Processing /spatial_data/Original_Datasets/GHSL/uncompressed/builtup/R2023A/GHS_BUILT_S_E2020_GLOBE_R2023A_4326_3ss_V1_0.tif [1/1] : 0...10...20...30...40...50...60...70...80...90...100 - done.
Creating output file that is 12000P x 12000L.
Processing /spatial_data/Original_Datasets/GHSL/uncompressed/builtup/R2023A/GHS_BUILT_S_E2020_GLOBE_R2023A_4326_3ss_V1_0.tif [1/1] : 0...10...20...30...40...50...60...70...80...90...100 - done.
Creating output file that is 12000P x 12000L.
Processing /spatial_data/Original_Datasets/GHSL/uncompressed/builtup/R2023A/GHS_BUILT_S_E2020_GLOBE_R2023A_4326_3ss_V1_0.tif [1/1] : 0...10...20...30...40...50...60...70...80...90...100 - done.
Creating output file that is 12000P x 12000L.
Processing /spatial_data/Original_Datasets/GHSL/uncompressed/builtup/R2023A/GHS_BUILT_S_E2020_GLOBE_R2023A_4326_3ss_V1_0.tif [1/1] : 0...10...20...30...40...50...60...70...80...90...100 - done.
Creating output file that is 12000P x 12000L.
Processing /spatial_data/Original_Datasets/GHSL/uncompressed/builtup/R2023A/GHS_BUILT_S_E2020_GLOBE_R2023A_4326_3ss_V1_0.tif [1/1] : 0...10...20...30...40...50...60...70...80...90...100 - done.
Creating output file that is 12000P x 12000L.
Processing /spatial_data/Original_Datasets/GHSL/uncompressed/builtup/R2023A/GHS_BUILT_S_E2020_GLOBE_R2023A_4326_3ss_V1_0.tif [1/1] : 0...10...20...30...40...50...60...70...80...90...100 - done.
Creating output file that is 12000P x 12000L.
Processing /spatial_data/Original_Datasets/GHSL/uncompressed/builtup/R2023A/GHS_BUILT_S_E2020_GLOBE_R2023A_4326_3ss_V1_0.tif [1/1] : 0...10...20...30...40...50...60...70...80...90...100 - done.
Creating output file that is 12000P x 12000L.
Processing /spatial_data/Original_Datasets/GHSL/uncompressed/builtup/R2023A/GHS_BUILT_S_E2020_GLOBE_R2023A_4326_3ss_V1_0.tif [1/1] : 0...10...20...30...40...50...60...70...80...90...100 - done.
ERROR 1: Output dataset /spatial_data/Derived_Datasets/RASTER/GHSL/R2023A/builtup/tiles_2020/builtup_tile_551.tif exists,
but some command line options were provided indicating a new dataset
should be created.  Please delete existing dataset and run again.

Creating output file that is 12000P x 12000L.
Processing /spatial_data/Original_Datasets/GHSL/uncompressed/builtup/R2023A/GHS_BUILT_S_E2020_GLOBE_R2023A_4326_3ss_V1_0.tif [1/1] : 0...10...20...30...40...50...60...70...80...90...100 - done.
Creating output file that is 12000P x 12000L.
Processing /spatial_data/Original_Datasets/GHSL/uncompressed/builtup/R2023A/GHS_BUILT_S_E2020_GLOBE_R2023A_4326_3ss_V1_0.tif [1/1] : 0...10...20...30...40...50...60...70...80...90...100 - done.
Creating output file that is 12000P x 12000L.
Processing /spatial_data/Original_Datasets/GHSL/uncompressed/builtup/R2023A/GHS_BUILT_S_E2020_GLOBE_R2023A_4326_3ss_V1_0.tif [1/1] : 0...10...20...30...40...50...60...70...80...90...100 - done.
Creating output file that is 12000P x 12000L.
Processing /spatial_data/Original_Datasets/GHSL/uncompressed/builtup/R2023A/GHS_BUILT_S_E2020_GLOBE_R2023A_4326_3ss_V1_0.tif [1/1] : 0...10...20...30...40...50...60...70...80...90...100 - done.
Creating output file that is 12000P x 12000L.
Processing /spatial_data/Original_Datasets/GHSL/uncompressed/builtup/R2023A/GHS_BUILT_S_E2020_GLOBE_R2023A_4326_3ss_V1_0.tif [1/1] : 0...10...20...30...40...50...60...70...80...90...100 - done.
Creating output file that is 12000P x 12000L.
Processing /spatial_data/Original_Datasets/GHSL/uncompressed/builtup/R2023A/GHS_BUILT_S_E2020_GLOBE_R2023A_4326_3ss_V1_0.tif [1/1] : 0...10...20...30...40...50...60...70...80...90...100 - done.
ERROR 1: Output dataset /spatial_data/Derived_Datasets/RASTER/GHSL/R2023A/builtup/tiles_2020/builtup_tile_554.tif exists,
but some command line options were provided indicating a new dataset
should be created.  Please delete existing dataset and run again.

Creating output file that is 12000P x 12000L.
Processing /spatial_data/Original_Datasets/GHSL/uncompressed/builtup/R2023A/GHS_BUILT_S_E2020_GLOBE_R2023A_4326_3ss_V1_0.tif [1/1] : 0...10...20...30...40...50...60...70...80...90...100 - done.
Creating output file that is 12000P x 12000L.
Processing /spatial_data/Original_Datasets/GHSL/uncompressed/builtup/R2023A/GHS_BUILT_S_E2020_GLOBE_R2023A_4326_3ss_V1_0.tif [1/1] : 0...10...20...30...40...50...60...70...80...90...100 - done.
Creating output file that is 12000P x 12000L.
Processing /spatial_data/Original_Datasets/GHSL/uncompressed/builtup/R2023A/GHS_BUILT_S_E2020_GLOBE_R2023A_4326_3ss_V1_0.tif [1/1] : 0...10...20...30...40...50...60...70...80...90...100 - done.
Creating output file that is 12000P x 12000L.
Processing /spatial_data/Original_Datasets/GHSL/uncompressed/builtup/R2023A/GHS_BUILT_S_E2020_GLOBE_R2023A_4326_3ss_V1_0.tif [1/1] : 0...10...20...30...40...50...60...70...80...90...100 - done.
Creating output file that is 12000P x 12000L.
Processing /spatial_data/Original_Datasets/GHSL/uncompressed/builtup/R2023A/GHS_BUILT_S_E2020_GLOBE_R2023A_4326_3ss_V1_0.tif [1/1] : 0...10...20...30...40...50...60...70...80...90...100 - done.
Creating output file that is 12000P x 12000L.
Processing /spatial_data/Original_Datasets/GHSL/uncompressed/builtup/R2023A/GHS_BUILT_S_E2020_GLOBE_R2023A_4326_3ss_V1_0.tif [1/1] : 0...10...20...30...40...50...60...70...80...90...100 - done.
Creating output file that is 12000P x 12000L.
Processing /spatial_data/Original_Datasets/GHSL/uncompressed/builtup/R2023A/GHS_BUILT_S_E2020_GLOBE_R2023A_4326_3ss_V1_0.tif [1/1] : 0...10...20...30...40...50...60...70...80...90...100 - done.
Creating output file that is 12000P x 12000L.
Processing /spatial_data/Original_Datasets/GHSL/uncompressed/builtup/R2023A/GHS_BUILT_S_E2020_GLOBE_R2023A_4326_3ss_V1_0.tif [1/1] : 0...10...20...30...40...50...60...70...80...90...100 - done.
Creating output file that is 12000P x 12000L.
Processing /spatial_data/Original_Datasets/GHSL/uncompressed/builtup/R2023A/GHS_BUILT_S_E2020_GLOBE_R2023A_4326_3ss_V1_0.tif [1/1] : 0...10...20...30...40...50...60...70...80...90...100 - done.
Creating output file that is 12000P x 12000L.
Processing /spatial_data/Original_Datasets/GHSL/uncompressed/builtup/R2023A/GHS_BUILT_S_E2020_GLOBE_R2023A_4326_3ss_V1_0.tif [1/1] : 0...10...20...30...40...50...60...70...80...90...100 - done.
Creating output file that is 12000P x 12000L.
Processing /spatial_data/Original_Datasets/GHSL/uncompressed/builtup/R2023A/GHS_BUILT_S_E2020_GLOBE_R2023A_4326_3ss_V1_0.tif [1/1] : 0...10...20...30...40...50...60...70...80...90...100 - done.
Creating output file that is 12000P x 12000L.
Processing /spatial_data/Original_Datasets/GHSL/uncompressed/builtup/R2023A/GHS_BUILT_S_E2020_GLOBE_R2023A_4326_3ss_V1_0.tif [1/1] : 0...10...20...30...40...50...60...70...80...90...100 - done.
Creating output file that is 12000P x 12000L.
Processing /spatial_data/Original_Datasets/GHSL/uncompressed/builtup/R2023A/GHS_BUILT_S_E2020_GLOBE_R2023A_4326_3ss_V1_0.tif [1/1] : 0...10...20...30...40...50...60...70...80...90...100 - done.
Creating output file that is 12000P x 12000L.
Processing /spatial_data/Original_Datasets/GHSL/uncompressed/builtup/R2023A/GHS_BUILT_S_E2020_GLOBE_R2023A_4326_3ss_V1_0.tif [1/1] : 0...10...20...30...40...50...60...70...80...90...100 - done.
Creating output file that is 12000P x 12000L.
Processing /spatial_data/Original_Datasets/GHSL/uncompressed/builtup/R2023A/GHS_BUILT_S_E2020_GLOBE_R2023A_4326_3ss_V1_0.tif [1/1] : 0...10...20...30...40...50...60...70...80...90...100 - done.
Creating output file that is 12000P x 12000L.
Processing /spatial_data/Original_Datasets/GHSL/uncompressed/builtup/R2023A/GHS_BUILT_S_E2020_GLOBE_R2023A_4326_3ss_V1_0.tif [1/1] : 0...10...20...30...40...50...60...70...80...90...100 - done.
Creating output file that is 12000P x 12000L.
Processing /spatial_data/Original_Datasets/GHSL/uncompressed/builtup/R2023A/GHS_BUILT_S_E2020_GLOBE_R2023A_4326_3ss_V1_0.tif [1/1] : 0...10...20...30...40...50...60...70...80...90...100 - done.
Creating output file that is 12000P x 12000L.
Processing /spatial_data/Original_Datasets/GHSL/uncompressed/builtup/R2023A/GHS_BUILT_S_E2020_GLOBE_R2023A_4326_3ss_V1_0.tif [1/1] : 0...10...20...30...40...50...60...70...80...90...100 - done.
Creating output file that is 12000P x 12000L.
Processing /spatial_data/Original_Datasets/GHSL/uncompressed/builtup/R2023A/GHS_BUILT_S_E2020_GLOBE_R2023A_4326_3ss_V1_0.tif [1/1] : 0...10...20...30...40...50...60...70...80...90...100 - done.
Creating output file that is 12000P x 12000L.
Processing /spatial_data/Original_Datasets/GHSL/uncompressed/builtup/R2023A/GHS_BUILT_S_E2020_GLOBE_R2023A_4326_3ss_V1_0.tif [1/1] : 0...10...20...30...40...50...60...70...80...90...100 - done.
Creating output file that is 12000P x 12000L.
Processing /spatial_data/Original_Datasets/GHSL/uncompressed/builtup/R2023A/GHS_BUILT_S_E2020_GLOBE_R2023A_4326_3ss_V1_0.tif [1/1] : 0...10...20...30...40...50...60...70...80...90...100 - done.
Creating output file that is 12000P x 12000L.
Processing /spatial_data/Original_Datasets/GHSL/uncompressed/builtup/R2023A/GHS_BUILT_S_E2020_GLOBE_R2023A_4326_3ss_V1_0.tif [1/1] : 0...10...20...30...40...50...60...70...80...90...100 - done.
Creating output file that is 12000P x 12000L.
Processing /spatial_data/Original_Datasets/GHSL/uncompressed/builtup/R2023A/GHS_BUILT_S_E2020_GLOBE_R2023A_4326_3ss_V1_0.tif [1/1] : 0...10...20...30...40...50...60...70...80...90...100 - done.
Creating output file that is 12000P x 12000L.
Processing /spatial_data/Original_Datasets/GHSL/uncompressed/builtup/R2023A/GHS_BUILT_S_E2020_GLOBE_R2023A_4326_3ss_V1_0.tif [1/1] : 0...10...20...30...40...50...60...70...80...90...100 - done.
Creating output file that is 12000P x 12000L.
Processing /spatial_data/Original_Datasets/GHSL/uncompressed/builtup/R2023A/GHS_BUILT_S_E2020_GLOBE_R2023A_4326_3ss_V1_0.tif [1/1] : 0...10...20...30...40...50...60...70...80...90...100 - done.
Creating output file that is 12000P x 12000L.
Processing /spatial_data/Original_Datasets/GHSL/uncompressed/builtup/R2023A/GHS_BUILT_S_E2020_GLOBE_R2023A_4326_3ss_V1_0.tif [1/1] : 0...10...20...30...40...50...60...70...80...90...100 - done.
Creating output file that is 12000P x 12000L.
Processing /spatial_data/Original_Datasets/GHSL/uncompressed/builtup/R2023A/GHS_BUILT_S_E2020_GLOBE_R2023A_4326_3ss_V1_0.tif [1/1] : 0...10...20...30...40...50...60...70...80...90...100 - done.
Creating output file that is 12000P x 12000L.
Processing /spatial_data/Original_Datasets/GHSL/uncompressed/builtup/R2023A/GHS_BUILT_S_E2020_GLOBE_R2023A_4326_3ss_V1_0.tif [1/1] : 0...10...20...30...40...50...60...70...80...90...100 - done.
Creating output file that is 12000P x 12000L.
Processing /spatial_data/Original_Datasets/GHSL/uncompressed/builtup/R2023A/GHS_BUILT_S_E2020_GLOBE_R2023A_4326_3ss_V1_0.tif [1/1] : 0...10...20...30...40...50...60...70...80...90...100 - done.
Creating output file that is 12000P x 12000L.
Processing /spatial_data/Original_Datasets/GHSL/uncompressed/builtup/R2023A/GHS_BUILT_S_E2020_GLOBE_R2023A_4326_3ss_V1_0.tif [1/1] : 0...10...20...30...40...50...60...70...80...90...100 - done.
Creating output file that is 12000P x 12000L.
Processing /spatial_data/Original_Datasets/GHSL/uncompressed/builtup/R2023A/GHS_BUILT_S_E2020_GLOBE_R2023A_4326_3ss_V1_0.tif [1/1] : 0...10...20...30...40...50...60...70...80...90...100 - done.
Creating output file that is 12000P x 12000L.
Processing /spatial_data/Original_Datasets/GHSL/uncompressed/builtup/R2023A/GHS_BUILT_S_E2020_GLOBE_R2023A_4326_3ss_V1_0.tif [1/1] : 0...10...20...30...40...50...60...70...80...90...100 - done.
Creating output file that is 12000P x 12000L.
Processing /spatial_data/Original_Datasets/GHSL/uncompressed/builtup/R2023A/GHS_BUILT_S_E2020_GLOBE_R2023A_4326_3ss_V1_0.tif [1/1] : 0...10...20...30...40...50...60...70...80...90...100 - done.
Creating output file that is 12000P x 12000L.
Processing /spatial_data/Original_Datasets/GHSL/uncompressed/builtup/R2023A/GHS_BUILT_S_E2020_GLOBE_R2023A_4326_3ss_V1_0.tif [1/1] : 0...10...20...30...40...50...60...70...80...90...100 - done.
ERROR 1: Output dataset /spatial_data/Derived_Datasets/RASTER/GHSL/R2023A/builtup/tiles_2020/builtup_tile_572.tif exists,
but some command line options were provided indicating a new dataset
should be created.  Please delete existing dataset and run again.

Creating output file that is 12000P x 12000L.
Processing /spatial_data/Original_Datasets/GHSL/uncompressed/builtup/R2023A/GHS_BUILT_S_E2020_GLOBE_R2023A_4326_3ss_V1_0.tif [1/1] : 0...10...20...30...40...50...60...70...80...90...100 - done.
Creating output file that is 12000P x 12000L.
Processing /spatial_data/Original_Datasets/GHSL/uncompressed/builtup/R2023A/GHS_BUILT_S_E2020_GLOBE_R2023A_4326_3ss_V1_0.tif [1/1] : 0...10...20...30...40...50...60...70...80...90...100 - done.
Creating output file that is 12000P x 12000L.
Processing /spatial_data/Original_Datasets/GHSL/uncompressed/builtup/R2023A/GHS_BUILT_S_E2020_GLOBE_R2023A_4326_3ss_V1_0.tif [1/1] : 0...10...20...30...40...50...60...70...80...90...100 - done.
ERROR 1: Output dataset /spatial_data/Derived_Datasets/RASTER/GHSL/R2023A/builtup/tiles_2020/builtup_tile_573.tif exists,
but some command line options were provided indicating a new dataset
should be created.  Please delete existing dataset and run again.

Creating output file that is 12000P x 12000L.
Processing /spatial_data/Original_Datasets/GHSL/uncompressed/builtup/R2023A/GHS_BUILT_S_E2020_GLOBE_R2023A_4326_3ss_V1_0.tif [1/1] : 0...10...20...30...40...50...60...70...80...90...100 - done.
Creating output file that is 12000P x 12000L.
Processing /spatial_data/Original_Datasets/GHSL/uncompressed/builtup/R2023A/GHS_BUILT_S_E2020_GLOBE_R2023A_4326_3ss_V1_0.tif [1/1] : 0...10...20...30...40...50...60...70...80...90...100 - done.
Creating output file that is 12000P x 12000L.
Processing /spatial_data/Original_Datasets/GHSL/uncompressed/builtup/R2023A/GHS_BUILT_S_E2020_GLOBE_R2023A_4326_3ss_V1_0.tif [1/1] : 0...10...20...30...40...50...60...70...80...90...100 - done.
Creating output file that is 12000P x 12000L.
Processing /spatial_data/Original_Datasets/GHSL/uncompressed/builtup/R2023A/GHS_BUILT_S_E2020_GLOBE_R2023A_4326_3ss_V1_0.tif [1/1] : 0...10...20...30...40...50...60...70...80...90...100 - done.
Creating output file that is 12000P x 12000L.
Processing /spatial_data/Original_Datasets/GHSL/uncompressed/builtup/R2023A/GHS_BUILT_S_E2020_GLOBE_R2023A_4326_3ss_V1_0.tif [1/1] : 0...10...20...30...40...50...60...70...80...90...100 - done.
Creating output file that is 12000P x 12000L.
Processing /spatial_data/Original_Datasets/GHSL/uncompressed/builtup/R2023A/GHS_BUILT_S_E2020_GLOBE_R2023A_4326_3ss_V1_0.tif [1/1] : 0...10...20...30...40...50...60...70...80...90...100 - done.
Creating output file that is 12000P x 12000L.
Processing /spatial_data/Original_Datasets/GHSL/uncompressed/builtup/R2023A/GHS_BUILT_S_E2020_GLOBE_R2023A_4326_3ss_V1_0.tif [1/1] : 0...10...20...30...40...50...60...70...80...90...100 - done.
Creating output file that is 12000P x 12000L.
Processing /spatial_data/Original_Datasets/GHSL/uncompressed/builtup/R2023A/GHS_BUILT_S_E2020_GLOBE_R2023A_4326_3ss_V1_0.tif [1/1] : 0...10...20...30...40...50...60...70...80...90...100 - done.
Creating output file that is 12000P x 12000L.
Processing /spatial_data/Original_Datasets/GHSL/uncompressed/builtup/R2023A/GHS_BUILT_S_E2020_GLOBE_R2023A_4326_3ss_V1_0.tif [1/1] : 0...10...20...30...40...50...60...70...80...90...100 - done.
Creating output file that is 12000P x 12000L.
Processing /spatial_data/Original_Datasets/GHSL/uncompressed/builtup/R2023A/GHS_BUILT_S_E2020_GLOBE_R2023A_4326_3ss_V1_0.tif [1/1] : 0...10...20...30...40...50...60...70...80...90...100 - done.
Creating output file that is 12000P x 12000L.
Processing /spatial_data/Original_Datasets/GHSL/uncompressed/builtup/R2023A/GHS_BUILT_S_E2020_GLOBE_R2023A_4326_3ss_V1_0.tif [1/1] : 0...10...20...30...40...50...60...70...80...90...100 - done.
ERROR 1: Output dataset /spatial_data/Derived_Datasets/RASTER/GHSL/R2023A/builtup/tiles_2020/builtup_tile_579.tif exists,
but some command line options were provided indicating a new dataset
should be created.  Please delete existing dataset and run again.

Creating output file that is 12000P x 12000L.
Processing /spatial_data/Original_Datasets/GHSL/uncompressed/builtup/R2023A/GHS_BUILT_S_E2020_GLOBE_R2023A_4326_3ss_V1_0.tif [1/1] : 0...10...20...30...40...50...60...70...80...90...100 - done.
Creating output file that is 12000P x 12000L.
Processing /spatial_data/Original_Datasets/GHSL/uncompressed/builtup/R2023A/GHS_BUILT_S_E2020_GLOBE_R2023A_4326_3ss_V1_0.tif [1/1] : 0...10...20...30...40...50...60...70...80...90...100 - done.
Creating output file that is 12000P x 12000L.
Processing /spatial_data/Original_Datasets/GHSL/uncompressed/builtup/R2023A/GHS_BUILT_S_E2020_GLOBE_R2023A_4326_3ss_V1_0.tif [1/1] : 0...10...20...30...40...50...60...70...80...90...100 - done.
Creating output file that is 12000P x 12000L.
Processing /spatial_data/Original_Datasets/GHSL/uncompressed/builtup/R2023A/GHS_BUILT_S_E2020_GLOBE_R2023A_4326_3ss_V1_0.tif [1/1] : 0...10...20...30...40...50...60...70...80...90...100 - done.
Creating output file that is 12000P x 12000L.
Processing /spatial_data/Original_Datasets/GHSL/uncompressed/builtup/R2023A/GHS_BUILT_S_E2020_GLOBE_R2023A_4326_3ss_V1_0.tif [1/1] : 0...10...20...30...40...50...60...70...80...90...100 - done.
Creating output file that is 12000P x 12000L.
Processing /spatial_data/Original_Datasets/GHSL/uncompressed/builtup/R2023A/GHS_BUILT_S_E2020_GLOBE_R2023A_4326_3ss_V1_0.tif [1/1] : 0...10...20...30...40...50...60...70...80...90...100 - done.
Creating output file that is 12000P x 12000L.
Processing /spatial_data/Original_Datasets/GHSL/uncompressed/builtup/R2023A/GHS_BUILT_S_E2020_GLOBE_R2023A_4326_3ss_V1_0.tif [1/1] : 0...10...20...30...40...50...60...70...80...90...100 - done.
Creating output file that is 12000P x 12000L.
Processing /spatial_data/Original_Datasets/GHSL/uncompressed/builtup/R2023A/GHS_BUILT_S_E2020_GLOBE_R2023A_4326_3ss_V1_0.tif [1/1] : 0...10...20...30...40...50...60...70...80...90...100 - done.
Creating output file that is 12000P x 12000L.
Processing /spatial_data/Original_Datasets/GHSL/uncompressed/builtup/R2023A/GHS_BUILT_S_E2020_GLOBE_R2023A_4326_3ss_V1_0.tif [1/1] : 0...10...20...30...40...50...60...70...80...90...100 - done.
Creating output file that is 12000P x 12000L.
Processing /spatial_data/Original_Datasets/GHSL/uncompressed/builtup/R2023A/GHS_BUILT_S_E2020_GLOBE_R2023A_4326_3ss_V1_0.tif [1/1] : 0...10...20...30...40...50...60...70...80...90...100 - done.
Creating output file that is 12000P x 12000L.
Processing /spatial_data/Original_Datasets/GHSL/uncompressed/builtup/R2023A/GHS_BUILT_S_E2020_GLOBE_R2023A_4326_3ss_V1_0.tif [1/1] : 0...10...20...30...40...50...60...70...80...90...100 - done.
Creating output file that is 12000P x 12000L.
Processing /spatial_data/Original_Datasets/GHSL/uncompressed/builtup/R2023A/GHS_BUILT_S_E2020_GLOBE_R2023A_4326_3ss_V1_0.tif [1/1] : 0...10...20...30...40...50...60...70...80...90...100 - done.
Creating output file that is 12000P x 12000L.
Processing /spatial_data/Original_Datasets/GHSL/uncompressed/builtup/R2023A/GHS_BUILT_S_E2020_GLOBE_R2023A_4326_3ss_V1_0.tif [1/1] : 0...10...20...30...40...50...60...70...80...90...100 - done.
Creating output file that is 12000P x 12000L.
Processing /spatial_data/Original_Datasets/GHSL/uncompressed/builtup/R2023A/GHS_BUILT_S_E2020_GLOBE_R2023A_4326_3ss_V1_0.tif [1/1] : 0...10...20...30...40...50...60...70...80...90...100 - done.
ERROR 1: Output dataset /spatial_data/Derived_Datasets/RASTER/GHSL/R2023A/builtup/tiles_2020/builtup_tile_587.tif exists,
but some command line options were provided indicating a new dataset
should be created.  Please delete existing dataset and run again.

Creating output file that is 12000P x 12000L.
Processing /spatial_data/Original_Datasets/GHSL/uncompressed/builtup/R2023A/GHS_BUILT_S_E2020_GLOBE_R2023A_4326_3ss_V1_0.tif [1/1] : 0...10...20...30...40...50...60...70...80...90...100 - done.
Creating output file that is 12000P x 12000L.
Processing /spatial_data/Original_Datasets/GHSL/uncompressed/builtup/R2023A/GHS_BUILT_S_E2020_GLOBE_R2023A_4326_3ss_V1_0.tif [1/1] : 0...10...20...30...40...50...60...70...80...90...100 - done.
Creating output file that is 12000P x 12000L.
Processing /spatial_data/Original_Datasets/GHSL/uncompressed/builtup/R2023A/GHS_BUILT_S_E2020_GLOBE_R2023A_4326_3ss_V1_0.tif [1/1] : 0...10...20...30...40...50...60...70...80...90...100 - done.
Creating output file that is 12000P x 12000L.
Processing /spatial_data/Original_Datasets/GHSL/uncompressed/builtup/R2023A/GHS_BUILT_S_E2020_GLOBE_R2023A_4326_3ss_V1_0.tif [1/1] : 0...10...20...30...40...50...60...70...80...90...100 - done.
ERROR 1: Output dataset /spatial_data/Derived_Datasets/RASTER/GHSL/R2023A/builtup/tiles_2020/builtup_tile_590.tif exists,
but some command line options were provided indicating a new dataset
should be created.  Please delete existing dataset and run again.

Creating output file that is 12000P x 12000L.
Processing /spatial_data/Original_Datasets/GHSL/uncompressed/builtup/R2023A/GHS_BUILT_S_E2020_GLOBE_R2023A_4326_3ss_V1_0.tif [1/1] : 0...10...20...30...40...50...60...70...80...90...100 - done.
Creating output file that is 12000P x 12000L.
Processing /spatial_data/Original_Datasets/GHSL/uncompressed/builtup/R2023A/GHS_BUILT_S_E2020_GLOBE_R2023A_4326_3ss_V1_0.tif [1/1] : 0...10...20...30...40...50...60...70...80...90...100 - done.
ERROR 1: Output dataset /spatial_data/Derived_Datasets/RASTER/GHSL/R2023A/builtup/tiles_2020/builtup_tile_591.tif exists,
but some command line options were provided indicating a new dataset
should be created.  Please delete existing dataset and run again.

Creating output file that is 12000P x 12000L.
Processing /spatial_data/Original_Datasets/GHSL/uncompressed/builtup/R2023A/GHS_BUILT_S_E2020_GLOBE_R2023A_4326_3ss_V1_0.tif [1/1] : 0...10...20...30...40...50...60...70...80...90...100 - done.
Creating output file that is 12000P x 12000L.
Processing /spatial_data/Original_Datasets/GHSL/uncompressed/builtup/R2023A/GHS_BUILT_S_E2020_GLOBE_R2023A_4326_3ss_V1_0.tif [1/1] : 0...10...20...30...40...50...60...70...80...90...100 - done.
Creating output file that is 12000P x 12000L.
Processing /spatial_data/Original_Datasets/GHSL/uncompressed/builtup/R2023A/GHS_BUILT_S_E2020_GLOBE_R2023A_4326_3ss_V1_0.tif [1/1] : 0...10...20...30...40...50...60...70...80...90...100 - done.
Creating output file that is 12000P x 12000L.
Processing /spatial_data/Original_Datasets/GHSL/uncompressed/builtup/R2023A/GHS_BUILT_S_E2020_GLOBE_R2023A_4326_3ss_V1_0.tif [1/1] : 0...10...20...30...40...50...60...70...80...90...100 - done.
Creating output file that is 12000P x 12000L.
Processing /spatial_data/Original_Datasets/GHSL/uncompressed/builtup/R2023A/GHS_BUILT_S_E2020_GLOBE_R2023A_4326_3ss_V1_0.tif [1/1] : 0...10...20...30...40...50...60...70...80...90...100 - done.
ERROR 1: Output dataset /spatial_data/Derived_Datasets/RASTER/GHSL/R2023A/builtup/tiles_2020/builtup_tile_593.tif exists,
but some command line options were provided indicating a new dataset
should be created.  Please delete existing dataset and run again.

Creating output file that is 12000P x 12000L.
Processing /spatial_data/Original_Datasets/GHSL/uncompressed/builtup/R2023A/GHS_BUILT_S_E2020_GLOBE_R2023A_4326_3ss_V1_0.tif [1/1] : 0...10...20...30...40...50...60...70...80...90...100 - done.
Creating output file that is 12000P x 12000L.
Processing /spatial_data/Original_Datasets/GHSL/uncompressed/builtup/R2023A/GHS_BUILT_S_E2020_GLOBE_R2023A_4326_3ss_V1_0.tif [1/1] : 0...10...20...30...40...50...60...70...80...90...100 - done.
Creating output file that is 12000P x 12000L.
Processing /spatial_data/Original_Datasets/GHSL/uncompressed/builtup/R2023A/GHS_BUILT_S_E2020_GLOBE_R2023A_4326_3ss_V1_0.tif [1/1] : 0...10...20...30...40...50...60...70...80...90...100 - done.
Creating output file that is 12000P x 12000L.
Processing /spatial_data/Original_Datasets/GHSL/uncompressed/builtup/R2023A/GHS_BUILT_S_E2020_GLOBE_R2023A_4326_3ss_V1_0.tif [1/1] : 0...10...20...30...40...50...60...70...80...90...100 - done.
Creating output file that is 12000P x 12000L.
Processing /spatial_data/Original_Datasets/GHSL/uncompressed/builtup/R2023A/GHS_BUILT_S_E2020_GLOBE_R2023A_4326_3ss_V1_0.tif [1/1] : 0...10...20...30...40...50...60...70...80...90...100 - done.
Creating output file that is 12000P x 12000L.
Processing /spatial_data/Original_Datasets/GHSL/uncompressed/builtup/R2023A/GHS_BUILT_S_E2020_GLOBE_R2023A_4326_3ss_V1_0.tif [1/1] : 0...10...20...30...40...50...60...70...80...90...100 - done.
Creating output file that is 12000P x 12000L.
Processing /spatial_data/Original_Datasets/GHSL/uncompressed/builtup/R2023A/GHS_BUILT_S_E2020_GLOBE_R2023A_4326_3ss_V1_0.tif [1/1] : 0...10...20...30...40...50...60...70...80...90...100 - done.
Creating output file that is 12000P x 12000L.
Processing /spatial_data/Original_Datasets/GHSL/uncompressed/builtup/R2023A/GHS_BUILT_S_E2020_GLOBE_R2023A_4326_3ss_V1_0.tif [1/1] : 0...10...20...30...40...50...60...70...80...90...100 - done.
Creating output file that is 12000P x 12000L.
Processing /spatial_data/Original_Datasets/GHSL/uncompressed/builtup/R2023A/GHS_BUILT_S_E2020_GLOBE_R2023A_4326_3ss_V1_0.tif [1/1] : 0...10...20...30...40...50...60...70...80...90...100 - done.
Creating output file that is 12000P x 12000L.
Processing /spatial_data/Original_Datasets/GHSL/uncompressed/builtup/R2023A/GHS_BUILT_S_E2020_GLOBE_R2023A_4326_3ss_V1_0.tif [1/1] : 0...10...20...30...40...50...60...70...80...90...100 - done.
Creating output file that is 12000P x 12000L.
Processing /spatial_data/Original_Datasets/GHSL/uncompressed/builtup/R2023A/GHS_BUILT_S_E2020_GLOBE_R2023A_4326_3ss_V1_0.tif [1/1] : 0...10...20...30...40...50...60...70...80...90...100 - done.
Creating output file that is 12000P x 12000L.
Processing /spatial_data/Original_Datasets/GHSL/uncompressed/builtup/R2023A/GHS_BUILT_S_E2020_GLOBE_R2023A_4326_3ss_V1_0.tif [1/1] : 0...10...20...30...40...50...60...70...80...90...100 - done.
Creating output file that is 12000P x 12000L.
Processing /spatial_data/Original_Datasets/GHSL/uncompressed/builtup/R2023A/GHS_BUILT_S_E2020_GLOBE_R2023A_4326_3ss_V1_0.tif [1/1] : 0...10...20...30...40...50...60...70...80...90...100 - done.
Creating output file that is 12000P x 12000L.
Processing /spatial_data/Original_Datasets/GHSL/uncompressed/builtup/R2023A/GHS_BUILT_S_E2020_GLOBE_R2023A_4326_3ss_V1_0.tif [1/1] : 0...10...20...30...40...50...60...70...80...90...100 - done.
Creating output file that is 12000P x 12000L.
Processing /spatial_data/Original_Datasets/GHSL/uncompressed/builtup/R2023A/GHS_BUILT_S_E2020_GLOBE_R2023A_4326_3ss_V1_0.tif [1/1] : 0...10...20...30...40...50...60...70...80...90...100 - done.
Creating output file that is 12000P x 12000L.
Processing /spatial_data/Original_Datasets/GHSL/uncompressed/builtup/R2023A/GHS_BUILT_S_E2020_GLOBE_R2023A_4326_3ss_V1_0.tif [1/1] : 0...10...20...30...40...50...60...70...80...90...100 - done.
Creating output file that is 12000P x 12000L.
Processing /spatial_data/Original_Datasets/GHSL/uncompressed/builtup/R2023A/GHS_BUILT_S_E2020_GLOBE_R2023A_4326_3ss_V1_0.tif [1/1] : 0...10...20...30...40...50...60...70...80...90...100 - done.
Creating output file that is 12000P x 12000L.
Processing /spatial_data/Original_Datasets/GHSL/uncompressed/builtup/R2023A/GHS_BUILT_S_E2020_GLOBE_R2023A_4326_3ss_V1_0.tif [1/1] : 0...10...20...30...40...50...60...70...80...90...100 - done.
Creating output file that is 12000P x 12000L.
Processing /spatial_data/Original_Datasets/GHSL/uncompressed/builtup/R2023A/GHS_BUILT_S_E2020_GLOBE_R2023A_4326_3ss_V1_0.tif [1/1] : 0...10...20...30...40...50...60...70...80...90...100 - done.
Creating output file that is 12000P x 12000L.
Processing /spatial_data/Original_Datasets/GHSL/uncompressed/builtup/R2023A/GHS_BUILT_S_E2020_GLOBE_R2023A_4326_3ss_V1_0.tif [1/1] : 0...10...20...30...40...50...60...70...80...90...100 - done.
Creating output file that is 12000P x 12000L.
Processing /spatial_data/Original_Datasets/GHSL/uncompressed/builtup/R2023A/GHS_BUILT_S_E2020_GLOBE_R2023A_4326_3ss_V1_0.tif [1/1] : 0...10...20...30...40...50...60...70...80...90...100 - done.
Creating output file that is 12000P x 12000L.
Processing /spatial_data/Original_Datasets/GHSL/uncompressed/builtup/R2023A/GHS_BUILT_S_E2020_GLOBE_R2023A_4326_3ss_V1_0.tif [1/1] : 0...10...20...30...40...50...60...70...80...90...100 - done.
Creating output file that is 12000P x 12000L.
Processing /spatial_data/Original_Datasets/GHSL/uncompressed/builtup/R2023A/GHS_BUILT_S_E2020_GLOBE_R2023A_4326_3ss_V1_0.tif [1/1] : 0...10...20...30...40...50...60...70...80...90...100 - done.
Creating output file that is 12000P x 12000L.
Processing /spatial_data/Original_Datasets/GHSL/uncompressed/builtup/R2023A/GHS_BUILT_S_E2020_GLOBE_R2023A_4326_3ss_V1_0.tif [1/1] : 0...10...20...30...40...50...60...70...80...90...100 - done.
Creating output file that is 12000P x 12000L.
Processing /spatial_data/Original_Datasets/GHSL/uncompressed/builtup/R2023A/GHS_BUILT_S_E2020_GLOBE_R2023A_4326_3ss_V1_0.tif [1/1] : 0...10...20...30...40...50...60...70...80...90...100 - done.
Creating output file that is 12000P x 12000L.
Processing /spatial_data/Original_Datasets/GHSL/uncompressed/builtup/R2023A/GHS_BUILT_S_E2020_GLOBE_R2023A_4326_3ss_V1_0.tif [1/1] : 0...10...20...30...40...50...60...70...80...90...100 - done.
ERROR 1: Output dataset /spatial_data/Derived_Datasets/RASTER/GHSL/R2023A/builtup/tiles_2020/builtup_tile_608.tif exists,
but some command line options were provided indicating a new dataset
should be created.  Please delete existing dataset and run again.

Creating output file that is 12000P x 12000L.
Processing /spatial_data/Original_Datasets/GHSL/uncompressed/builtup/R2023A/GHS_BUILT_S_E2020_GLOBE_R2023A_4326_3ss_V1_0.tif [1/1] : 0...10...20...30...40...50...60...70...80...90...100 - done.
Creating output file that is 12000P x 12000L.
Processing /spatial_data/Original_Datasets/GHSL/uncompressed/builtup/R2023A/GHS_BUILT_S_E2020_GLOBE_R2023A_4326_3ss_V1_0.tif [1/1] : 0...10...20...30...40...50...60...70...80...90...100 - done.
Creating output file that is 12000P x 12000L.
Processing /spatial_data/Original_Datasets/GHSL/uncompressed/builtup/R2023A/GHS_BUILT_S_E2020_GLOBE_R2023A_4326_3ss_V1_0.tif [1/1] : 0...10...20...30...40...50...60...70...80...90...100 - done.
Creating output file that is 12000P x 12000L.
Processing /spatial_data/Original_Datasets/GHSL/uncompressed/builtup/R2023A/GHS_BUILT_S_E2020_GLOBE_R2023A_4326_3ss_V1_0.tif [1/1] : 0...10...20...30...40...50...60...70...80...90...100 - done.
Creating output file that is 12000P x 12000L.
Processing /spatial_data/Original_Datasets/GHSL/uncompressed/builtup/R2023A/GHS_BUILT_S_E2020_GLOBE_R2023A_4326_3ss_V1_0.tif [1/1] : 0...10...20...30...40...50...60...70...80...90...100 - done.
Creating output file that is 12000P x 12000L.
Processing /spatial_data/Original_Datasets/GHSL/uncompressed/builtup/R2023A/GHS_BUILT_S_E2020_GLOBE_R2023A_4326_3ss_V1_0.tif [1/1] : 0...10...20...30...40...50...60...70...80...90...100 - done.
Creating output file that is 12000P x 12000L.
Processing /spatial_data/Original_Datasets/GHSL/uncompressed/builtup/R2023A/GHS_BUILT_S_E2020_GLOBE_R2023A_4326_3ss_V1_0.tif [1/1] : 0...10...20...30...40...50...60...70...80...90...100 - done.
Creating output file that is 12000P x 12000L.
Processing /spatial_data/Original_Datasets/GHSL/uncompressed/builtup/R2023A/GHS_BUILT_S_E2020_GLOBE_R2023A_4326_3ss_V1_0.tif [1/1] : 0...10...20...30...40...50...60...70...80...90...100 - done.
Creating output file that is 12000P x 12000L.
Processing /spatial_data/Original_Datasets/GHSL/uncompressed/builtup/R2023A/GHS_BUILT_S_E2020_GLOBE_R2023A_4326_3ss_V1_0.tif [1/1] : 0...10...20...30...40...50...60...70...80...90...100 - done.
Creating output file that is 12000P x 12000L.
Processing /spatial_data/Original_Datasets/GHSL/uncompressed/builtup/R2023A/GHS_BUILT_S_E2020_GLOBE_R2023A_4326_3ss_V1_0.tif [1/1] : 0...10...20...30...40...50...60...70...80...90...100 - done.
Creating output file that is 12000P x 12000L.
Processing /spatial_data/Original_Datasets/GHSL/uncompressed/builtup/R2023A/GHS_BUILT_S_E2020_GLOBE_R2023A_4326_3ss_V1_0.tif [1/1] : 0...10...20...30...40...50...60...70...80...90...100 - done.
Creating output file that is 12000P x 12000L.
Processing /spatial_data/Original_Datasets/GHSL/uncompressed/builtup/R2023A/GHS_BUILT_S_E2020_GLOBE_R2023A_4326_3ss_V1_0.tif [1/1] : 0...10...20...30...40...50...60...70...80...90...100 - done.
Creating output file that is 12000P x 12000L.
Processing /spatial_data/Original_Datasets/GHSL/uncompressed/builtup/R2023A/GHS_BUILT_S_E2020_GLOBE_R2023A_4326_3ss_V1_0.tif [1/1] : 0...10...20...30...40...50...60...70...80...90...100 - done.
Creating output file that is 12000P x 12000L.
Processing /spatial_data/Original_Datasets/GHSL/uncompressed/builtup/R2023A/GHS_BUILT_S_E2020_GLOBE_R2023A_4326_3ss_V1_0.tif [1/1] : 0...10...20...30...40...50...60...70...80...90...100 - done.
Creating output file that is 12000P x 12000L.
Processing /spatial_data/Original_Datasets/GHSL/uncompressed/builtup/R2023A/GHS_BUILT_S_E2020_GLOBE_R2023A_4326_3ss_V1_0.tif [1/1] : 0...10...20...30...40...50...60...70...80...90...100 - done.
Creating output file that is 12000P x 12000L.
Processing /spatial_data/Original_Datasets/GHSL/uncompressed/builtup/R2023A/GHS_BUILT_S_E2020_GLOBE_R2023A_4326_3ss_V1_0.tif [1/1] : 0...10...20...30...40...50...60...70...80...90...100 - done.
Creating output file that is 12000P x 12000L.
Processing /spatial_data/Original_Datasets/GHSL/uncompressed/builtup/R2023A/GHS_BUILT_S_E2020_GLOBE_R2023A_4326_3ss_V1_0.tif [1/1] : 0...10...20...30...40...50...60...70...80...90...100 - done.
Creating output file that is 12000P x 12000L.
Processing /spatial_data/Original_Datasets/GHSL/uncompressed/builtup/R2023A/GHS_BUILT_S_E2020_GLOBE_R2023A_4326_3ss_V1_0.tif [1/1] : 0...10...20...30...40...50...60...70...80...90...100 - done.
Creating output file that is 12000P x 12000L.
Processing /spatial_data/Original_Datasets/GHSL/uncompressed/builtup/R2023A/GHS_BUILT_S_E2020_GLOBE_R2023A_4326_3ss_V1_0.tif [1/1] : 0...10...20...30...40...50...60...70...80...90...100 - done.
Creating output file that is 12000P x 12000L.
Processing /spatial_data/Original_Datasets/GHSL/uncompressed/builtup/R2023A/GHS_BUILT_S_E2020_GLOBE_R2023A_4326_3ss_V1_0.tif [1/1] : 0...10...20...30...40...50...60...70...80...90...100 - done.
Creating output file that is 12000P x 12000L.
Processing /spatial_data/Original_Datasets/GHSL/uncompressed/builtup/R2023A/GHS_BUILT_S_E2020_GLOBE_R2023A_4326_3ss_V1_0.tif [1/1] : 0...10...20...30...40...50...60...70...80...90...100 - done.
Creating output file that is 12000P x 12000L.
Processing /spatial_data/Original_Datasets/GHSL/uncompressed/builtup/R2023A/GHS_BUILT_S_E2020_GLOBE_R2023A_4326_3ss_V1_0.tif [1/1] : 0...10...20...30...40...50...60...70...80...90...100 - done.
Creating output file that is 12000P x 12000L.
Processing /spatial_data/Original_Datasets/GHSL/uncompressed/builtup/R2023A/GHS_BUILT_S_E2020_GLOBE_R2023A_4326_3ss_V1_0.tif [1/1] : 0...10...20...30...40...50...60...70...80...90...100 - done.
Creating output file that is 12000P x 12000L.
Processing /spatial_data/Original_Datasets/GHSL/uncompressed/builtup/R2023A/GHS_BUILT_S_E2020_GLOBE_R2023A_4326_3ss_V1_0.tif [1/1] : 0...10...20...30...40...50...60...70...80...90...100 - done.
Creating output file that is 12000P x 12000L.
Processing /spatial_data/Original_Datasets/GHSL/uncompressed/builtup/R2023A/GHS_BUILT_S_E2020_GLOBE_R2023A_4326_3ss_V1_0.tif [1/1] : 0...10...20...30...40...50...60...70...80...90...100 - done.
Creating output file that is 12000P x 12000L.
Processing /spatial_data/Original_Datasets/GHSL/uncompressed/builtup/R2023A/GHS_BUILT_S_E2020_GLOBE_R2023A_4326_3ss_V1_0.tif [1/1] : 0...10...20...30...40...50...60...70...80...90...100 - done.
Creating output file that is 12000P x 12000L.
Processing /spatial_data/Original_Datasets/GHSL/uncompressed/builtup/R2023A/GHS_BUILT_S_E2020_GLOBE_R2023A_4326_3ss_V1_0.tif [1/1] : 0...10...20...30...40...50...60...70...80...90...100 - done.
Creating output file that is 12000P x 12000L.
Processing /spatial_data/Original_Datasets/GHSL/uncompressed/builtup/R2023A/GHS_BUILT_S_E2020_GLOBE_R2023A_4326_3ss_V1_0.tif [1/1] : 0...10...20...30...40...50...60...70...80...90...100 - done.
Creating output file that is 12000P x 12000L.
Processing /spatial_data/Original_Datasets/GHSL/uncompressed/builtup/R2023A/GHS_BUILT_S_E2020_GLOBE_R2023A_4326_3ss_V1_0.tif [1/1] : 0...10...20...30...40...50...60...70...80...90...100 - done.
Creating output file that is 12000P x 12000L.
Processing /spatial_data/Original_Datasets/GHSL/uncompressed/builtup/R2023A/GHS_BUILT_S_E2020_GLOBE_R2023A_4326_3ss_V1_0.tif [1/1] : 0...10...20...30...40...50...60...70...80...90...100 - done.
Creating output file that is 12000P x 12000L.
Processing /spatial_data/Original_Datasets/GHSL/uncompressed/builtup/R2023A/GHS_BUILT_S_E2020_GLOBE_R2023A_4326_3ss_V1_0.tif [1/1] : 0...10...20...30...40...50...60...70...80...90...100 - done.
ERROR 1: Output dataset /spatial_data/Derived_Datasets/RASTER/GHSL/R2023A/builtup/tiles_2020/builtup_tile_624.tif exists,
but some command line options were provided indicating a new dataset
should be created.  Please delete existing dataset and run again.

Creating output file that is 12000P x 12000L.
Processing /spatial_data/Original_Datasets/GHSL/uncompressed/builtup/R2023A/GHS_BUILT_S_E2020_GLOBE_R2023A_4326_3ss_V1_0.tif [1/1] : 0...10...20...30...40...50...60...70...80...90...100 - done.
Creating output file that is 12000P x 12000L.
Processing /spatial_data/Original_Datasets/GHSL/uncompressed/builtup/R2023A/GHS_BUILT_S_E2020_GLOBE_R2023A_4326_3ss_V1_0.tif [1/1] : 0...10...20...30...40...50...60...70...80...90...100 - done.
Creating output file that is 12000P x 12000L.
Processing /spatial_data/Original_Datasets/GHSL/uncompressed/builtup/R2023A/GHS_BUILT_S_E2020_GLOBE_R2023A_4326_3ss_V1_0.tif [1/1] : 0...10...20...30...40...50...60...70...80...90...100 - done.
ERROR 1: Output dataset /spatial_data/Derived_Datasets/RASTER/GHSL/R2023A/builtup/tiles_2020/builtup_tile_625.tif exists,
but some command line options were provided indicating a new dataset
should be created.  Please delete existing dataset and run again.

Creating output file that is 12000P x 12000L.
Processing /spatial_data/Original_Datasets/GHSL/uncompressed/builtup/R2023A/GHS_BUILT_S_E2020_GLOBE_R2023A_4326_3ss_V1_0.tif [1/1] : 0...10...20...30...40...50...60...70...80...90...100 - done.
Creating output file that is 12000P x 12000L.
Processing /spatial_data/Original_Datasets/GHSL/uncompressed/builtup/R2023A/GHS_BUILT_S_E2020_GLOBE_R2023A_4326_3ss_V1_0.tif [1/1] : 0...10...20...30...40...50...60...70...80...90...100 - done.
Creating output file that is 12000P x 12000L.
Processing /spatial_data/Original_Datasets/GHSL/uncompressed/builtup/R2023A/GHS_BUILT_S_E2020_GLOBE_R2023A_4326_3ss_V1_0.tif [1/1] : 0...10...20...30...40...50...60...70...80...90...100 - done.
Creating output file that is 12000P x 12000L.
Processing /spatial_data/Original_Datasets/GHSL/uncompressed/builtup/R2023A/GHS_BUILT_S_E2020_GLOBE_R2023A_4326_3ss_V1_0.tif [1/1] : 0...10...20...30...40...50...60...70...80...90...100 - done.
Creating output file that is 12000P x 12000L.
Processing /spatial_data/Original_Datasets/GHSL/uncompressed/builtup/R2023A/GHS_BUILT_S_E2020_GLOBE_R2023A_4326_3ss_V1_0.tif [1/1] : 0...10...20...30...40...50...60...70...80...90...100 - done.
Creating output file that is 12000P x 12000L.
Processing /spatial_data/Original_Datasets/GHSL/uncompressed/builtup/R2023A/GHS_BUILT_S_E2020_GLOBE_R2023A_4326_3ss_V1_0.tif [1/1] : 0...10...20...30...40...50...60...70...80...90...100 - done.
Creating output file that is 12000P x 12000L.
Processing /spatial_data/Original_Datasets/GHSL/uncompressed/builtup/R2023A/GHS_BUILT_S_E2020_GLOBE_R2023A_4326_3ss_V1_0.tif [1/1] : 0...10...20...30...40...50...60...70...80...90...100 - done.
Creating output file that is 12000P x 12000L.
Processing /spatial_data/Original_Datasets/GHSL/uncompressed/builtup/R2023A/GHS_BUILT_S_E2020_GLOBE_R2023A_4326_3ss_V1_0.tif [1/1] : 0...10...20...30...40...50...60...70...80...90...100 - done.
Creating output file that is 12000P x 12000L.
Processing /spatial_data/Original_Datasets/GHSL/uncompressed/builtup/R2023A/GHS_BUILT_S_E2020_GLOBE_R2023A_4326_3ss_V1_0.tif [1/1] : 0...10...20...30...40...50...60...70...80...90...100 - done.
Creating output file that is 12000P x 12000L.
Processing /spatial_data/Original_Datasets/GHSL/uncompressed/builtup/R2023A/GHS_BUILT_S_E2020_GLOBE_R2023A_4326_3ss_V1_0.tif [1/1] : 0...10...20...30...40...50...60...70...80...90...100 - done.
Creating output file that is 12000P x 12000L.
Processing /spatial_data/Original_Datasets/GHSL/uncompressed/builtup/R2023A/GHS_BUILT_S_E2020_GLOBE_R2023A_4326_3ss_V1_0.tif [1/1] : 0...10...20...30...40...50...60...70...80...90...100 - done.
Creating output file that is 12000P x 12000L.
Processing /spatial_data/Original_Datasets/GHSL/uncompressed/builtup/R2023A/GHS_BUILT_S_E2020_GLOBE_R2023A_4326_3ss_V1_0.tif [1/1] : 0...10...20...30...40...50...60...70...80...90...100 - done.
Creating output file that is 12000P x 12000L.
Processing /spatial_data/Original_Datasets/GHSL/uncompressed/builtup/R2023A/GHS_BUILT_S_E2020_GLOBE_R2023A_4326_3ss_V1_0.tif [1/1] : 0...10...20...30...40...50...60...70...80...90...100 - done.
Creating output file that is 12000P x 12000L.
Processing /spatial_data/Original_Datasets/GHSL/uncompressed/builtup/R2023A/GHS_BUILT_S_E2020_GLOBE_R2023A_4326_3ss_V1_0.tif [1/1] : 0...10...20...30...40...50...60...70...80...90...100 - done.
Creating output file that is 12000P x 12000L.
Processing /spatial_data/Original_Datasets/GHSL/uncompressed/builtup/R2023A/GHS_BUILT_S_E2020_GLOBE_R2023A_4326_3ss_V1_0.tif [1/1] : 0...10...20...30...40...50...60...70...80...90...100 - done.
Creating output file that is 12000P x 12000L.
Processing /spatial_data/Original_Datasets/GHSL/uncompressed/builtup/R2023A/GHS_BUILT_S_E2020_GLOBE_R2023A_4326_3ss_V1_0.tif [1/1] : 0...10...20...30...40...50...60...70...80...90...100 - done.
Creating output file that is 12000P x 12000L.
Processing /spatial_data/Original_Datasets/GHSL/uncompressed/builtup/R2023A/GHS_BUILT_S_E2020_GLOBE_R2023A_4326_3ss_V1_0.tif [1/1] : 0...10...20...30...40...50...60...70...80...90...100 - done.
Creating output file that is 12000P x 12000L.
Processing /spatial_data/Original_Datasets/GHSL/uncompressed/builtup/R2023A/GHS_BUILT_S_E2020_GLOBE_R2023A_4326_3ss_V1_0.tif [1/1] : 0...10...20...30...40...50...60...70...80...90...100 - done.
Creating output file that is 12000P x 12000L.
Processing /spatial_data/Original_Datasets/GHSL/uncompressed/builtup/R2023A/GHS_BUILT_S_E2020_GLOBE_R2023A_4326_3ss_V1_0.tif [1/1] : 0...10...20...30...40...50...60...70...80...90...100 - done.
Creating output file that is 12000P x 12000L.
Processing /spatial_data/Original_Datasets/GHSL/uncompressed/builtup/R2023A/GHS_BUILT_S_E2020_GLOBE_R2023A_4326_3ss_V1_0.tif [1/1] : 0...10...20...30...40...50...60...70...80...90...100 - done.
Creating output file that is 12000P x 12000L.
Processing /spatial_data/Original_Datasets/GHSL/uncompressed/builtup/R2023A/GHS_BUILT_S_E2020_GLOBE_R2023A_4326_3ss_V1_0.tif [1/1] : 0...10...20...30...40...50...60...70...80...90...100 - done.
Creating output file that is 12000P x 12000L.
Processing /spatial_data/Original_Datasets/GHSL/uncompressed/builtup/R2023A/GHS_BUILT_S_E2020_GLOBE_R2023A_4326_3ss_V1_0.tif [1/1] : 0...10...20...30...40...50...60...70...80...90...100 - done.
Creating output file that is 12000P x 12000L.
Processing /spatial_data/Original_Datasets/GHSL/uncompressed/builtup/R2023A/GHS_BUILT_S_E2020_GLOBE_R2023A_4326_3ss_V1_0.tif [1/1] : 0...10...20...30...40...50...60...70...80...90...100 - done.
Creating output file that is 12000P x 12000L.
Processing /spatial_data/Original_Datasets/GHSL/uncompressed/builtup/R2023A/GHS_BUILT_S_E2020_GLOBE_R2023A_4326_3ss_V1_0.tif [1/1] : 0...10...20...30...40...50...60...70...80...90...100 - done.
Creating output file that is 12000P x 12000L.
Processing /spatial_data/Original_Datasets/GHSL/uncompressed/builtup/R2023A/GHS_BUILT_S_E2020_GLOBE_R2023A_4326_3ss_V1_0.tif [1/1] : 0...10...20...30...40...50...60...70...80...90...100 - done.
Creating output file that is 12000P x 12000L.
Processing /spatial_data/Original_Datasets/GHSL/uncompressed/builtup/R2023A/GHS_BUILT_S_E2020_GLOBE_R2023A_4326_3ss_V1_0.tif [1/1] : 0...10...20...30...40...50...60...70...80...90...100 - done.
Creating output file that is 12000P x 12000L.
Processing /spatial_data/Original_Datasets/GHSL/uncompressed/builtup/R2023A/GHS_BUILT_S_E2020_GLOBE_R2023A_4326_3ss_V1_0.tif [1/1] : 0...10...20...30...40...50...60...70...80...90...100 - done.
Creating output file that is 12000P x 12000L.
Processing /spatial_data/Original_Datasets/GHSL/uncompressed/builtup/R2023A/GHS_BUILT_S_E2020_GLOBE_R2023A_4326_3ss_V1_0.tif [1/1] : 0...10...20...30...40...50...60...70...80...90...100 - done.
Creating output file that is 12000P x 12000L.
Processing /spatial_data/Original_Datasets/GHSL/uncompressed/builtup/R2023A/GHS_BUILT_S_E2020_GLOBE_R2023A_4326_3ss_V1_0.tif [1/1] : 0...10...20...30...40...50...60...70...80...90...100 - done.
ERROR 1: Output dataset /spatial_data/Derived_Datasets/RASTER/GHSL/R2023A/builtup/tiles_2020/builtup_tile_641.tif exists,
but some command line options were provided indicating a new dataset
should be created.  Please delete existing dataset and run again.

Creating output file that is 12000P x 12000L.
Processing /spatial_data/Original_Datasets/GHSL/uncompressed/builtup/R2023A/GHS_BUILT_S_E2020_GLOBE_R2023A_4326_3ss_V1_0.tif [1/1] : 0...10...20...30...40...50...60...70...80...90...100 - done.
Creating output file that is 12000P x 12000L.
Processing /spatial_data/Original_Datasets/GHSL/uncompressed/builtup/R2023A/GHS_BUILT_S_E2020_GLOBE_R2023A_4326_3ss_V1_0.tif [1/1] : 0...10...20...30...40...50...60...70...80...90...100 - done.
Creating output file that is 12000P x 12000L.
Processing /spatial_data/Original_Datasets/GHSL/uncompressed/builtup/R2023A/GHS_BUILT_S_E2020_GLOBE_R2023A_4326_3ss_V1_0.tif [1/1] : 0...10...20...30...40...50...60...70...80...90...100 - done.
Creating output file that is 12000P x 12000L.
Processing /spatial_data/Original_Datasets/GHSL/uncompressed/builtup/R2023A/GHS_BUILT_S_E2020_GLOBE_R2023A_4326_3ss_V1_0.tif [1/1] : 0...10...20...30...40...50...60...70...80...90...100 - done.
Creating output file that is 12000P x 12000L.
Processing /spatial_data/Original_Datasets/GHSL/uncompressed/builtup/R2023A/GHS_BUILT_S_E2020_GLOBE_R2023A_4326_3ss_V1_0.tif [1/1] : 0...10...20...30...40...50...60...70...80...90...100 - done.
Creating output file that is 12000P x 12000L.
Processing /spatial_data/Original_Datasets/GHSL/uncompressed/builtup/R2023A/GHS_BUILT_S_E2020_GLOBE_R2023A_4326_3ss_V1_0.tif [1/1] : 0...10...20...30...40...50...60...70...80...90...100 - done.
Creating output file that is 12000P x 12000L.
Processing /spatial_data/Original_Datasets/GHSL/uncompressed/builtup/R2023A/GHS_BUILT_S_E2020_GLOBE_R2023A_4326_3ss_V1_0.tif [1/1] : 0...10...20...30...40...50...60...70...80...90...100 - done.
Creating output file that is 12000P x 12000L.
Processing /spatial_data/Original_Datasets/GHSL/uncompressed/builtup/R2023A/GHS_BUILT_S_E2020_GLOBE_R2023A_4326_3ss_V1_0.tif [1/1] : 0...10...20...30...40...50...60...70...80...90...100 - done.
Creating output file that is 12000P x 12000L.
Processing /spatial_data/Original_Datasets/GHSL/uncompressed/builtup/R2023A/GHS_BUILT_S_E2020_GLOBE_R2023A_4326_3ss_V1_0.tif [1/1] : 0...10...20...30...40...50...60...70...80...90...100 - done.
Creating output file that is 12000P x 12000L.
Processing /spatial_data/Original_Datasets/GHSL/uncompressed/builtup/R2023A/GHS_BUILT_S_E2020_GLOBE_R2023A_4326_3ss_V1_0.tif [1/1] : 0...10...20...30...40...50...60...70...80...90...100 - done.
Creating output file that is 12000P x 12000L.
Processing /spatial_data/Original_Datasets/GHSL/uncompressed/builtup/R2023A/GHS_BUILT_S_E2020_GLOBE_R2023A_4326_3ss_V1_0.tif [1/1] : 0...10...20...30...40...50...60...70...80...90...100 - done.
Creating output file that is 12000P x 12000L.
Processing /spatial_data/Original_Datasets/GHSL/uncompressed/builtup/R2023A/GHS_BUILT_S_E2020_GLOBE_R2023A_4326_3ss_V1_0.tif [1/1] : 0...10...20...30...40...50...60...70...80...90...100 - done.
Creating output file that is 12000P x 12000L.
Processing /spatial_data/Original_Datasets/GHSL/uncompressed/builtup/R2023A/GHS_BUILT_S_E2020_GLOBE_R2023A_4326_3ss_V1_0.tif [1/1] : 0...10...20...30...40...50...60...70...80...90...100 - done.
Creating output file that is 12000P x 12000L.
Processing /spatial_data/Original_Datasets/GHSL/uncompressed/builtup/R2023A/GHS_BUILT_S_E2020_GLOBE_R2023A_4326_3ss_V1_0.tif [1/1] : 0...10...20...30...40...50...60...70...80...90...100 - done.
Creating output file that is 12000P x 12000L.
Processing /spatial_data/Original_Datasets/GHSL/uncompressed/builtup/R2023A/GHS_BUILT_S_E2020_GLOBE_R2023A_4326_3ss_V1_0.tif [1/1] : 0...10...20...30...40...50...60...70...80...90...100 - done.
Creating output file that is 12000P x 12000L.
Processing /spatial_data/Original_Datasets/GHSL/uncompressed/builtup/R2023A/GHS_BUILT_S_E2020_GLOBE_R2023A_4326_3ss_V1_0.tif [1/1] : 0...10...20...30...40...50...60...70...80...90...100 - done.
Creating output file that is 12000P x 12000L.
Processing /spatial_data/Original_Datasets/GHSL/uncompressed/builtup/R2023A/GHS_BUILT_S_E2020_GLOBE_R2023A_4326_3ss_V1_0.tif [1/1] : 0...10...20...30...40...50...60...70...80...90...100 - done.
Creating output file that is 12000P x 12000L.
Processing /spatial_data/Original_Datasets/GHSL/uncompressed/builtup/R2023A/GHS_BUILT_S_E2020_GLOBE_R2023A_4326_3ss_V1_0.tif [1/1] : 0...10...20...30...40...50...60...70...80...90...100 - done.
Creating output file that is 12000P x 12000L.
Processing /spatial_data/Original_Datasets/GHSL/uncompressed/builtup/R2023A/GHS_BUILT_S_E2020_GLOBE_R2023A_4326_3ss_V1_0.tif [1/1] : 0...10...20...30...40...50...60...70...80...90...100 - done.
Creating output file that is 12000P x 12000L.
Processing /spatial_data/Original_Datasets/GHSL/uncompressed/builtup/R2023A/GHS_BUILT_S_E2020_GLOBE_R2023A_4326_3ss_V1_0.tif [1/1] : 0...10...20...30...40...50...60...70...80...90...100 - done.
Creating output file that is 12000P x 12000L.
Processing /spatial_data/Original_Datasets/GHSL/uncompressed/builtup/R2023A/GHS_BUILT_S_E2020_GLOBE_R2023A_4326_3ss_V1_0.tif [1/1] : 0...10...20...30...40...50...60...70...80...90...100 - done.
Creating output file that is 12000P x 12000L.
Processing /spatial_data/Original_Datasets/GHSL/uncompressed/builtup/R2023A/GHS_BUILT_S_E2020_GLOBE_R2023A_4326_3ss_V1_0.tif [1/1] : 0...10...20...30...40...50...60...70...80...90...100 - done.
Creating output file that is 12000P x 12000L.
Processing /spatial_data/Original_Datasets/GHSL/uncompressed/builtup/R2023A/GHS_BUILT_S_E2020_GLOBE_R2023A_4326_3ss_V1_0.tif [1/1] : 0...10...20...30...40...50...60...70...80...90...100 - done.
Creating output file that is 12000P x 12000L.
Processing /spatial_data/Original_Datasets/GHSL/uncompressed/builtup/R2023A/GHS_BUILT_S_E2020_GLOBE_R2023A_4326_3ss_V1_0.tif [1/1] : 0...10...20...30...40...50...60...70...80...90...100 - done.
Creating output file that is 12000P x 12000L.
Processing /spatial_data/Original_Datasets/GHSL/uncompressed/builtup/R2023A/GHS_BUILT_S_E2020_GLOBE_R2023A_4326_3ss_V1_0.tif [1/1] : 0...10...20...30...40...50...60...70...80...90...100 - done.
Creating output file that is 12000P x 12000L.
Processing /spatial_data/Original_Datasets/GHSL/uncompressed/builtup/R2023A/GHS_BUILT_S_E2020_GLOBE_R2023A_4326_3ss_V1_0.tif [1/1] : 0...10...20...30...40...50...60...70...80...90...100 - done.
Creating output file that is 12000P x 12000L.
Processing /spatial_data/Original_Datasets/GHSL/uncompressed/builtup/R2023A/GHS_BUILT_S_E2020_GLOBE_R2023A_4326_3ss_V1_0.tif [1/1] : 0...10...20...30...40...50...60...70...80...90...100 - done.
Creating output file that is 12000P x 12000L.
Processing /spatial_data/Original_Datasets/GHSL/uncompressed/builtup/R2023A/GHS_BUILT_S_E2020_GLOBE_R2023A_4326_3ss_V1_0.tif [1/1] : 0...10...20...30...40...50...60...70...80...90...100 - done.
Creating output file that is 12000P x 12000L.
Processing /spatial_data/Original_Datasets/GHSL/uncompressed/builtup/R2023A/GHS_BUILT_S_E2020_GLOBE_R2023A_4326_3ss_V1_0.tif [1/1] : 0...10...20...30...40...50...60...70...80...90...100 - done.
Creating output file that is 12000P x 12000L.
Processing /spatial_data/Original_Datasets/GHSL/uncompressed/builtup/R2023A/GHS_BUILT_S_E2020_GLOBE_R2023A_4326_3ss_V1_0.tif [1/1] : 0...10...20...30...40...50...60...70...80...90...100 - done.
Creating output file that is 12000P x 12000L.
Processing /spatial_data/Original_Datasets/GHSL/uncompressed/builtup/R2023A/GHS_BUILT_S_E2020_GLOBE_R2023A_4326_3ss_V1_0.tif [1/1] : 0...10...20...30...40...50...60...70...80...90...100 - done.
Creating output file that is 12000P x 12000L.
Processing /spatial_data/Original_Datasets/GHSL/uncompressed/builtup/R2023A/GHS_BUILT_S_E2020_GLOBE_R2023A_4326_3ss_V1_0.tif [1/1] : 0...10...20...30...40...50...60...70...80...90...100 - done.
Creating output file that is 12000P x 12000L.
Processing /spatial_data/Original_Datasets/GHSL/uncompressed/builtup/R2023A/GHS_BUILT_S_E2020_GLOBE_R2023A_4326_3ss_V1_0.tif [1/1] : 0...10...20...30...40...50...60...70...80...90...100 - done.
Creating output file that is 12000P x 12000L.
Processing /spatial_data/Original_Datasets/GHSL/uncompressed/builtup/R2023A/GHS_BUILT_S_E2020_GLOBE_R2023A_4326_3ss_V1_0.tif [1/1] : 0...10...20...30...40...50...60...70...80...90...100 - done.
Creating output file that is 12000P x 12000L.
Processing /spatial_data/Original_Datasets/GHSL/uncompressed/builtup/R2023A/GHS_BUILT_S_E2020_GLOBE_R2023A_4326_3ss_V1_0.tif [1/1] : 0...10...20...30...40...50...60...70...80...90...100 - done.
Creating output file that is 12000P x 12000L.
Processing /spatial_data/Original_Datasets/GHSL/uncompressed/builtup/R2023A/GHS_BUILT_S_E2020_GLOBE_R2023A_4326_3ss_V1_0.tif [1/1] : 0...10...20...30...40...50...60...70...80...90...100 - done.
Creating output file that is 12000P x 12000L.
Processing /spatial_data/Original_Datasets/GHSL/uncompressed/builtup/R2023A/GHS_BUILT_S_E2020_GLOBE_R2023A_4326_3ss_V1_0.tif [1/1] : 0...10...20...30...40...50...60...70...80...90...100 - done.
Creating output file that is 12000P x 12000L.
Processing /spatial_data/Original_Datasets/GHSL/uncompressed/builtup/R2023A/GHS_BUILT_S_E2020_GLOBE_R2023A_4326_3ss_V1_0.tif [1/1] : 0...10...20...30...40...50...60...70...80...90...100 - done.
Creating output file that is 12000P x 12000L.
Processing /spatial_data/Original_Datasets/GHSL/uncompressed/builtup/R2023A/GHS_BUILT_S_E2020_GLOBE_R2023A_4326_3ss_V1_0.tif [1/1] : 0...10...20...30...40...50...60...70...80...90...100 - done.
Creating output file that is 12000P x 12000L.
Processing /spatial_data/Original_Datasets/GHSL/uncompressed/builtup/R2023A/GHS_BUILT_S_E2020_GLOBE_R2023A_4326_3ss_V1_0.tif [1/1] : 0...10...20...30...40...50...60...70...80...90...100 - done.
Creating output file that is 12000P x 12000L.
Processing /spatial_data/Original_Datasets/GHSL/uncompressed/builtup/R2023A/GHS_BUILT_S_E2020_GLOBE_R2023A_4326_3ss_V1_0.tif [1/1] : 0...10...20...30...40...50...60...70...80...90...100 - done.
Creating output file that is 12000P x 12000L.
Processing /spatial_data/Original_Datasets/GHSL/uncompressed/builtup/R2023A/GHS_BUILT_S_E2020_GLOBE_R2023A_4326_3ss_V1_0.tif [1/1] : 0...10...20...30...40...50...60...70...80...90...100 - done.
Creating output file that is 12000P x 12000L.
Processing /spatial_data/Original_Datasets/GHSL/uncompressed/builtup/R2023A/GHS_BUILT_S_E2020_GLOBE_R2023A_4326_3ss_V1_0.tif [1/1] : 0...10...20...30...40...50...60...70...80...90...100 - done.
Creating output file that is 12000P x 12000L.
Processing /spatial_data/Original_Datasets/GHSL/uncompressed/builtup/R2023A/GHS_BUILT_S_E2020_GLOBE_R2023A_4326_3ss_V1_0.tif [1/1] : 0...10...20...30...40...50...60...70...80...90...100 - done.
Creating output file that is 12000P x 12000L.
Processing /spatial_data/Original_Datasets/GHSL/uncompressed/builtup/R2023A/GHS_BUILT_S_E2020_GLOBE_R2023A_4326_3ss_V1_0.tif [1/1] : 0...10...20...30...40...50...60...70...80...90...100 - done.
---------------------------------------------------------------------------------------
Script make_eidgrid_tiles_ll_r2023a.sh ended at Thu Apr  3 03:06:40 PM CEST 2025
---------------------------------------------------------------------------------------
Tiling done in 4 minutes
---------------------------------------------------------------------------------------
