Fri Oct 31 12:37:42 PM CET 2025
Creating output file that is 12000P x 12000L.
Processing /spatial_data/Original_Datasets/GHSL/uncompressed/builtup/R2023A/GHS_BUILT_S_E2020_GLOBE_R2023A_4326_3ss_V1_0.tif [1/1] : 0...10...20...30...40...50...60...70...80...90...100 - done.
Warning 1: TIFFFetchNormalTag:ASCII value for tag "GeoASCIIParams" contains null byte in value; value incorrectly truncated during reading due to implementation limitations
Creating output file that is 12000P x 12000L.
Processing /spatial_data/Original_Datasets/GHSL/uncompressed/builtup/R2023A/GHS_BUILT_S_E2020_GLOBE_R2023A_4326_3ss_V1_0.tif [1/1] : 0...10...20...30...40...50...60...70...80...90...100 - done.
ERROR 1: TIFFResetField:/spatial_data/Derived_Datasets/RASTER/GHSL/R2023A/builtup_new/tiles_2020/builtup_tile_2.tif: Can not read TIFF directory entry.
Creating output file that is 12000P x 12000L.
Processing /spatial_data/Original_Datasets/GHSL/uncompressed/builtup/R2023A/GHS_BUILT_S_E2020_GLOBE_R2023A_4326_3ss_V1_0.tif [1/1] : 0...10...20...30...40...50...60...70...80...90...100 - done.
Creating output file that is 12000P x 12000L.
Processing /spatial_data/Original_Datasets/GHSL/uncompressed/builtup/R2023A/GHS_BUILT_S_E2020_GLOBE_R2023A_4326_3ss_V1_0.tif [1/1] : 0...10...20...30...40...50...60...70...80...90...100 - done.
Creating output file that is 12000P x 12000L.
Processing /spatial_data/Original_Datasets/GHSL/uncompressed/builtup/R2023A/GHS_BUILT_S_E2020_GLOBE_R2023A_4326_3ss_V1_0.tif [1/1] : 0...10...20...30...40...50...60...70...80...90...100 - done.
Creating output file that is 12000P x 12000L.
Processing /spatial_data/Original_Datasets/GHSL/uncompressed/builtup/R2023A/GHS_BUILT_S_E2020_GLOBE_R2023A_4326_3ss_V1_0.tif [1/1] : 0...10...20...30...40...50...60...70...80...90...100 - done.
Creating output file that is 12000P x 12000L.
Processing /spatial_data/Original_Datasets/GHSL/uncompressed/builtup/R2023A/GHS_BUILT_S_E2020_GLOBE_R2023A_4326_3ss_V1_0.tif [1/1] : 0...10...20...30...40...50...60...70...80...90...100 - done.
Creating output file that is 12000P x 12000L.
Processing /spatial_data/Original_Datasets/GHSL/uncompressed/builtup/R2023A/GHS_BUILT_S_E2020_GLOBE_R2023A_4326_3ss_V1_0.tif [1/1] : 0...10...20...30...40...50...60...70...80...90...100 - done.
Creating output file that is 12000P x 12000L.
Processing /spatial_data/Original_Datasets/GHSL/uncompressed/builtup/R2023A/GHS_BUILT_S_E2020_GLOBE_R2023A_4326_3ss_V1_0.tif [1/1] : 0...10...20...30...40...50...60...70...80...90...100 - done.
Creating output file that is 12000P x 12000L.
Processing /spatial_data/Original_Datasets/GHSL/uncompressed/builtup/R2023A/GHS_BUILT_S_E2020_GLOBE_R2023A_4326_3ss_V1_0.tif [1/1] : 0...10...20...30...40...50...60...70...80...90...100 - done.
Creating output file that is 12000P x 12000L.
Processing /spatial_data/Original_Datasets/GHSL/uncompressed/builtup/R2023A/GHS_BUILT_S_E2020_GLOBE_R2023A_4326_3ss_V1_0.tif [1/1] : 0...10...20...30...40...50...60...70...80...90...100 - done.
Creating output file that is 12000P x 12000L.
Processing /spatial_data/Original_Datasets/GHSL/uncompressed/builtup/R2023A/GHS_BUILT_S_E2020_GLOBE_R2023A_4326_3ss_V1_0.tif [1/1] : 0...10...20...30...40...50...60...70...80...90...100 - done.
Creating output file that is 12000P x 12000L.
Processing /spatial_data/Original_Datasets/GHSL/uncompressed/builtup/R2023A/GHS_BUILT_S_E2020_GLOBE_R2023A_4326_3ss_V1_0.tif [1/1] : 0...10...20...30...40...50...60...70...80...90...100 - done.
Creating output file that is 12000P x 12000L.
Processing /spatial_data/Original_Datasets/GHSL/uncompressed/builtup/R2023A/GHS_BUILT_S_E2020_GLOBE_R2023A_4326_3ss_V1_0.tif [1/1] : 0...10...20...30...40...50...60...70...80...90...100 - done.
Creating output file that is 12000P x 12000L.
Processing /spatial_data/Original_Datasets/GHSL/uncompressed/builtup/R2023A/GHS_BUILT_S_E2020_GLOBE_R2023A_4326_3ss_V1_0.tif [1/1] : 0...10...20...30...40...50...60...70...80...90...100 - done.
ERROR 1: Output dataset /spatial_data/Derived_Datasets/RASTER/GHSL/R2023A/builtup_new/tiles_2020/builtup_tile_9.tif exists,
but some command line options were provided indicating a new dataset
should be created.  Please delete existing dataset and run again.

Creating output file that is 12000P x 12000L.
Processing /spatial_data/Original_Datasets/GHSL/uncompressed/builtup/R2023A/GHS_BUILT_S_E2020_GLOBE_R2023A_4326_3ss_V1_0.tif [1/1] : 0...10...20...30...40...50...60...70...80...90...100 - done.
Creating output file that is 12000P x 12000L.
Processing /spatial_data/Original_Datasets/GHSL/uncompressed/builtup/R2023A/GHS_BUILT_S_E2020_GLOBE_R2023A_4326_3ss_V1_0.tif [1/1] : 0...10...20...30...40...50...60...70...80...90...100 - done.
ERROR 1: Output dataset /spatial_data/Derived_Datasets/RASTER/GHSL/R2023A/builtup_new/tiles_2020/builtup_tile_11.tif exists,
but some command line options were provided indicating a new dataset
should be created.  Please delete existing dataset and run again.

Creating output file that is 12000P x 12000L.
Processing /spatial_data/Original_Datasets/GHSL/uncompressed/builtup/R2023A/GHS_BUILT_S_E2020_GLOBE_R2023A_4326_3ss_V1_0.tif [1/1] : 0...10...20...30...40...50...60...70...80...90...100 - done.
Creating output file that is 12000P x 12000L.
Processing /spatial_data/Original_Datasets/GHSL/uncompressed/builtup/R2023A/GHS_BUILT_S_E2020_GLOBE_R2023A_4326_3ss_V1_0.tif [1/1] : 0...10...20...30...40...50...60...70...80...90...100 - done.
Creating output file that is 12000P x 12000L.
Processing /spatial_data/Original_Datasets/GHSL/uncompressed/builtup/R2023A/GHS_BUILT_S_E2020_GLOBE_R2023A_4326_3ss_V1_0.tif [1/1] : 0...10...20...30...40...50...60...70...80...90...100 - done.
ERROR 1: Output dataset /spatial_data/Derived_Datasets/RASTER/GHSL/R2023A/builtup_new/tiles_2020/builtup_tile_13.tif exists,
but some command line options were provided indicating a new dataset
should be created.  Please delete existing dataset and run again.

Creating output file that is 12000P x 12000L.
Processing /spatial_data/Original_Datasets/GHSL/uncompressed/builtup/R2023A/GHS_BUILT_S_E2020_GLOBE_R2023A_4326_3ss_V1_0.tif [1/1] : 0...10...20...30...40...50...60...70...80...90...100 - done.
ERROR 1: Output dataset /spatial_data/Derived_Datasets/RASTER/GHSL/R2023A/builtup_new/tiles_2020/builtup_tile_14.tif exists,
but some command line options were provided indicating a new dataset
should be created.  Please delete existing dataset and run again.

Creating output file that is 12000P x 12000L.
Processing /spatial_data/Original_Datasets/GHSL/uncompressed/builtup/R2023A/GHS_BUILT_S_E2020_GLOBE_R2023A_4326_3ss_V1_0.tif [1/1] : 0...10...20...30...40...50...60...70...80...90...100 - done.
Creating output file that is 12000P x 12000L.
Processing /spatial_data/Original_Datasets/GHSL/uncompressed/builtup/R2023A/GHS_BUILT_S_E2020_GLOBE_R2023A_4326_3ss_V1_0.tif [1/1] : 0...10...20...30...40...50...60...70...80...90...100 - done.
Creating output file that is 12000P x 12000L.
Processing /spatial_data/Original_Datasets/GHSL/uncompressed/builtup/R2023A/GHS_BUILT_S_E2020_GLOBE_R2023A_4326_3ss_V1_0.tif [1/1] : 0...10...20...30...40...50...60...70...80...90...100 - done.
ERROR 1: Output dataset /spatial_data/Derived_Datasets/RASTER/GHSL/R2023A/builtup_new/tiles_2020/builtup_tile_16.tif exists,
but some command line options were provided indicating a new dataset
should be created.  Please delete existing dataset and run again.

Creating output file that is 12000P x 12000L.
Processing /spatial_data/Original_Datasets/GHSL/uncompressed/builtup/R2023A/GHS_BUILT_S_E2020_GLOBE_R2023A_4326_3ss_V1_0.tif [1/1] : 0...10...20...30...40...50...60...70...80...90...100 - done.
ERROR 1: Output dataset /spatial_data/Derived_Datasets/RASTER/GHSL/R2023A/builtup_new/tiles_2020/builtup_tile_17.tif exists,
but some command line options were provided indicating a new dataset
should be created.  Please delete existing dataset and run again.

Creating output file that is 12000P x 12000L.
Processing /spatial_data/Original_Datasets/GHSL/uncompressed/builtup/R2023A/GHS_BUILT_S_E2020_GLOBE_R2023A_4326_3ss_V1_0.tif [1/1] : 0...10...20...30...40...50...60...70...80...90...100 - done.
Creating output file that is 12000P x 12000L.
Processing /spatial_data/Original_Datasets/GHSL/uncompressed/builtup/R2023A/GHS_BUILT_S_E2020_GLOBE_R2023A_4326_3ss_V1_0.tif [1/1] : 0...10...20...30...40...50...60...70...80...90...100 - done.
Creating output file that is 12000P x 12000L.
Processing /spatial_data/Original_Datasets/GHSL/uncompressed/builtup/R2023A/GHS_BUILT_S_E2020_GLOBE_R2023A_4326_3ss_V1_0.tif [1/1] : 0...10...20...30...40...50...60...70...80...90...100 - done.
ERROR 1: Output dataset /spatial_data/Derived_Datasets/RASTER/GHSL/R2023A/builtup_new/tiles_2020/builtup_tile_19.tif exists,
but some command line options were provided indicating a new dataset
should be created.  Please delete existing dataset and run again.

Creating output file that is 12000P x 12000L.
Processing /spatial_data/Original_Datasets/GHSL/uncompressed/builtup/R2023A/GHS_BUILT_S_E2020_GLOBE_R2023A_4326_3ss_V1_0.tif [1/1] : 0...10...20...30...40...50...60...70...80...90...100 - done.
Creating output file that is 12000P x 12000L.
Processing /spatial_data/Original_Datasets/GHSL/uncompressed/builtup/R2023A/GHS_BUILT_S_E2020_GLOBE_R2023A_4326_3ss_V1_0.tif [1/1] : 0...10...20...30...40...50...60...70...80...90...100 - done.
ERROR 1: Output dataset /spatial_data/Derived_Datasets/RASTER/GHSL/R2023A/builtup_new/tiles_2020/builtup_tile_20.tif exists,
but some command line options were provided indicating a new dataset
should be created.  Please delete existing dataset and run again.

Creating output file that is 12000P x 12000L.
Processing /spatial_data/Original_Datasets/GHSL/uncompressed/builtup/R2023A/GHS_BUILT_S_E2020_GLOBE_R2023A_4326_3ss_V1_0.tif [1/1] : 0...10...20...30...40...50...60...70...80...90...100 - done.
Creating output file that is 12000P x 12000L.
Processing /spatial_data/Original_Datasets/GHSL/uncompressed/builtup/R2023A/GHS_BUILT_S_E2020_GLOBE_R2023A_4326_3ss_V1_0.tif [1/1] : 0...10...20...30...40...50...60...70...80...90...100 - done.
ERROR 1: Output dataset /spatial_data/Derived_Datasets/RASTER/GHSL/R2023A/builtup_new/tiles_2020/builtup_tile_22.tif exists,
but some command line options were provided indicating a new dataset
should be created.  Please delete existing dataset and run again.

Creating output file that is 12000P x 12000L.
Processing /spatial_data/Original_Datasets/GHSL/uncompressed/builtup/R2023A/GHS_BUILT_S_E2020_GLOBE_R2023A_4326_3ss_V1_0.tif [1/1] : 0...10...20...30...40...50...60...70...80...90...100 - done.
Creating output file that is 12000P x 12000L.
Processing /spatial_data/Original_Datasets/GHSL/uncompressed/builtup/R2023A/GHS_BUILT_S_E2020_GLOBE_R2023A_4326_3ss_V1_0.tif [1/1] : 0...10...20...30...40...50...60...70...80...90...100 - done.
ERROR 1: Output dataset /spatial_data/Derived_Datasets/RASTER/GHSL/R2023A/builtup_new/tiles_2020/builtup_tile_23.tif exists,
but some command line options were provided indicating a new dataset
should be created.  Please delete existing dataset and run again.

Creating output file that is 12000P x 12000L.
Processing /spatial_data/Original_Datasets/GHSL/uncompressed/builtup/R2023A/GHS_BUILT_S_E2020_GLOBE_R2023A_4326_3ss_V1_0.tif [1/1] : 0...10...20...30...40...50...60...70...80...90...100 - done.
Creating output file that is 12000P x 12000L.
Processing /spatial_data/Original_Datasets/GHSL/uncompressed/builtup/R2023A/GHS_BUILT_S_E2020_GLOBE_R2023A_4326_3ss_V1_0.tif [1/1] : 0...10...20...30...40...50...60...70...80...90...100 - done.
ERROR 1: Output dataset /spatial_data/Derived_Datasets/RASTER/GHSL/R2023A/builtup_new/tiles_2020/builtup_tile_25.tif exists,
but some command line options were provided indicating a new dataset
should be created.  Please delete existing dataset and run again.

Creating output file that is 12000P x 12000L.
Processing /spatial_data/Original_Datasets/GHSL/uncompressed/builtup/R2023A/GHS_BUILT_S_E2020_GLOBE_R2023A_4326_3ss_V1_0.tif [1/1] : 0...10...20...30...40...50...60...70...80...90...100 - done.
ERROR 1: Output dataset /spatial_data/Derived_Datasets/RASTER/GHSL/R2023A/builtup_new/tiles_2020/builtup_tile_26.tif exists,
but some command line options were provided indicating a new dataset
should be created.  Please delete existing dataset and run again.

Creating output file that is 12000P x 12000L.
Processing /spatial_data/Original_Datasets/GHSL/uncompressed/builtup/R2023A/GHS_BUILT_S_E2020_GLOBE_R2023A_4326_3ss_V1_0.tif [1/1] : 0...10...20...30...40...50...60...70...80...90...100 - done.
Creating output file that is 12000P x 12000L.
Processing /spatial_data/Original_Datasets/GHSL/uncompressed/builtup/R2023A/GHS_BUILT_S_E2020_GLOBE_R2023A_4326_3ss_V1_0.tif [1/1] : 0...10...20...30...40...50...60...70...80...90...100 - done.
Creating output file that is 12000P x 12000L.
Processing /spatial_data/Original_Datasets/GHSL/uncompressed/builtup/R2023A/GHS_BUILT_S_E2020_GLOBE_R2023A_4326_3ss_V1_0.tif [1/1] : 0...10...20...30...40...50...60...70...80...90...100 - done.
ERROR 1: Output dataset /spatial_data/Derived_Datasets/RASTER/GHSL/R2023A/builtup_new/tiles_2020/builtup_tile_28.tif exists,
but some command line options were provided indicating a new dataset
should be created.  Please delete existing dataset and run again.

Creating output file that is 12000P x 12000L.
Processing /spatial_data/Original_Datasets/GHSL/uncompressed/builtup/R2023A/GHS_BUILT_S_E2020_GLOBE_R2023A_4326_3ss_V1_0.tif [1/1] : 0...10...20...30...40...50...60...70...80...90...100 - done.
ERROR 1: Output dataset /spatial_data/Derived_Datasets/RASTER/GHSL/R2023A/builtup_new/tiles_2020/builtup_tile_29.tif exists,
but some command line options were provided indicating a new dataset
should be created.  Please delete existing dataset and run again.

Creating output file that is 12000P x 12000L.
Processing /spatial_data/Original_Datasets/GHSL/uncompressed/builtup/R2023A/GHS_BUILT_S_E2020_GLOBE_R2023A_4326_3ss_V1_0.tif [1/1] : 0...10...20...30...40...50...60...70...80...90...100 - done.
Creating output file that is 12000P x 12000L.
Processing /spatial_data/Original_Datasets/GHSL/uncompressed/builtup/R2023A/GHS_BUILT_S_E2020_GLOBE_R2023A_4326_3ss_V1_0.tif [1/1] : 0...10...20...30...40...50...60...70...80...90...100 - done.
Creating output file that is 12000P x 12000L.
Processing /spatial_data/Original_Datasets/GHSL/uncompressed/builtup/R2023A/GHS_BUILT_S_E2020_GLOBE_R2023A_4326_3ss_V1_0.tif [1/1] : 0...10...20...30...40...50...60...70...80...90...100 - done.
ERROR 1: Output dataset /spatial_data/Derived_Datasets/RASTER/GHSL/R2023A/builtup_new/tiles_2020/builtup_tile_31.tif exists,
but some command line options were provided indicating a new dataset
should be created.  Please delete existing dataset and run again.

Creating output file that is 12000P x 12000L.
Processing /spatial_data/Original_Datasets/GHSL/uncompressed/builtup/R2023A/GHS_BUILT_S_E2020_GLOBE_R2023A_4326_3ss_V1_0.tif [1/1] : 0...10...20...30...40...50...60...70...80...90...100 - done.
Creating output file that is 12000P x 12000L.
Processing /spatial_data/Original_Datasets/GHSL/uncompressed/builtup/R2023A/GHS_BUILT_S_E2020_GLOBE_R2023A_4326_3ss_V1_0.tif [1/1] : 0...10...20...30...40...50...60...70...80...90...100 - done.
ERROR 1: Output dataset /spatial_data/Derived_Datasets/RASTER/GHSL/R2023A/builtup_new/tiles_2020/builtup_tile_32.tif exists,
but some command line options were provided indicating a new dataset
should be created.  Please delete existing dataset and run again.

Creating output file that is 12000P x 12000L.
Processing /spatial_data/Original_Datasets/GHSL/uncompressed/builtup/R2023A/GHS_BUILT_S_E2020_GLOBE_R2023A_4326_3ss_V1_0.tif [1/1] : 0...10...20...30...40...50...60...70...80...90...100 - done.
Creating output file that is 12000P x 12000L.
Processing /spatial_data/Original_Datasets/GHSL/uncompressed/builtup/R2023A/GHS_BUILT_S_E2020_GLOBE_R2023A_4326_3ss_V1_0.tif [1/1] : 0...10...20...30...40...50...60...70...80...90...100 - done.
ERROR 1: Output dataset /spatial_data/Derived_Datasets/RASTER/GHSL/R2023A/builtup_new/tiles_2020/builtup_tile_34.tif exists,
but some command line options were provided indicating a new dataset
should be created.  Please delete existing dataset and run again.

Creating output file that is 12000P x 12000L.
Processing /spatial_data/Original_Datasets/GHSL/uncompressed/builtup/R2023A/GHS_BUILT_S_E2020_GLOBE_R2023A_4326_3ss_V1_0.tif [1/1] : 0...10...20...30...40...50...60...70...80...90...100 - done.
ERROR 1: Output dataset /spatial_data/Derived_Datasets/RASTER/GHSL/R2023A/builtup_new/tiles_2020/builtup_tile_35.tif exists,
but some command line options were provided indicating a new dataset
should be created.  Please delete existing dataset and run again.

Creating output file that is 12000P x 12000L.
Processing /spatial_data/Original_Datasets/GHSL/uncompressed/builtup/R2023A/GHS_BUILT_S_E2020_GLOBE_R2023A_4326_3ss_V1_0.tif [1/1] : 0...10...20...30...40...50...60...70...80...90...100 - done.
Creating output file that is 12000P x 12000L.
Processing /spatial_data/Original_Datasets/GHSL/uncompressed/builtup/R2023A/GHS_BUILT_S_E2020_GLOBE_R2023A_4326_3ss_V1_0.tif [1/1] : 0...10...20...30...40...50...60...70...80...90...100 - done.
Creating output file that is 12000P x 12000L.
Processing /spatial_data/Original_Datasets/GHSL/uncompressed/builtup/R2023A/GHS_BUILT_S_E2020_GLOBE_R2023A_4326_3ss_V1_0.tif [1/1] : 0...10...20...30...40...50...60...70...80...90...100 - done.
ERROR 1: Output dataset /spatial_data/Derived_Datasets/RASTER/GHSL/R2023A/builtup_new/tiles_2020/builtup_tile_37.tif exists,
but some command line options were provided indicating a new dataset
should be created.  Please delete existing dataset and run again.

Creating output file that is 12000P x 12000L.
Processing /spatial_data/Original_Datasets/GHSL/uncompressed/builtup/R2023A/GHS_BUILT_S_E2020_GLOBE_R2023A_4326_3ss_V1_0.tif [1/1] : 0...10...20...30...40...50...60...70...80...90...100 - done.
Creating output file that is 12000P x 12000L.
Processing /spatial_data/Original_Datasets/GHSL/uncompressed/builtup/R2023A/GHS_BUILT_S_E2020_GLOBE_R2023A_4326_3ss_V1_0.tif [1/1] : 0...10...20...30...40...50...60...70...80...90...100 - done.
ERROR 1: Output dataset /spatial_data/Derived_Datasets/RASTER/GHSL/R2023A/builtup_new/tiles_2020/builtup_tile_38.tif exists,
but some command line options were provided indicating a new dataset
should be created.  Please delete existing dataset and run again.

Creating output file that is 12000P x 12000L.
Processing /spatial_data/Original_Datasets/GHSL/uncompressed/builtup/R2023A/GHS_BUILT_S_E2020_GLOBE_R2023A_4326_3ss_V1_0.tif [1/1] : 0...10...20...30...40...50...60...70...80...90...100 - done.
Creating output file that is 12000P x 12000L.
Processing /spatial_data/Original_Datasets/GHSL/uncompressed/builtup/R2023A/GHS_BUILT_S_E2020_GLOBE_R2023A_4326_3ss_V1_0.tif [1/1] : 0...10...20...30...40...50...60...70...80...90...100 - done.
ERROR 1: Output dataset /spatial_data/Derived_Datasets/RASTER/GHSL/R2023A/builtup_new/tiles_2020/builtup_tile_40.tif exists,
but some command line options were provided indicating a new dataset
should be created.  Please delete existing dataset and run again.

Creating output file that is 12000P x 12000L.
Processing /spatial_data/Original_Datasets/GHSL/uncompressed/builtup/R2023A/GHS_BUILT_S_E2020_GLOBE_R2023A_4326_3ss_V1_0.tif [1/1] : 0...10...20...30...40...50...60...70...80...90...100 - done.
Creating output file that is 12000P x 12000L.
Processing /spatial_data/Original_Datasets/GHSL/uncompressed/builtup/R2023A/GHS_BUILT_S_E2020_GLOBE_R2023A_4326_3ss_V1_0.tif [1/1] : 0...10...20...30...40...50...60...70...80...90...100 - done.
Creating output file that is 12000P x 12000L.
Processing /spatial_data/Original_Datasets/GHSL/uncompressed/builtup/R2023A/GHS_BUILT_S_E2020_GLOBE_R2023A_4326_3ss_V1_0.tif [1/1] : 0...10...20...30...40...50...60...70...80...90...100 - done.
ERROR 1: Output dataset /spatial_data/Derived_Datasets/RASTER/GHSL/R2023A/builtup_new/tiles_2020/builtup_tile_41.tif exists,
but some command line options were provided indicating a new dataset
should be created.  Please delete existing dataset and run again.

Creating output file that is 12000P x 12000L.
Processing /spatial_data/Original_Datasets/GHSL/uncompressed/builtup/R2023A/GHS_BUILT_S_E2020_GLOBE_R2023A_4326_3ss_V1_0.tif [1/1] : 0...10...20...30...40...50...60...70...80...90...100 - done.
ERROR 1: Output dataset /spatial_data/Derived_Datasets/RASTER/GHSL/R2023A/builtup_new/tiles_2020/builtup_tile_43.tif exists,
but some command line options were provided indicating a new dataset
should be created.  Please delete existing dataset and run again.

Creating output file that is 12000P x 12000L.
Processing /spatial_data/Original_Datasets/GHSL/uncompressed/builtup/R2023A/GHS_BUILT_S_E2020_GLOBE_R2023A_4326_3ss_V1_0.tif [1/1] : 0...10...20...30...40...50...60...70...80...90...100 - done.
Creating output file that is 12000P x 12000L.
Processing /spatial_data/Original_Datasets/GHSL/uncompressed/builtup/R2023A/GHS_BUILT_S_E2020_GLOBE_R2023A_4326_3ss_V1_0.tif [1/1] : 0...10...20...30...40...50...60...70...80...90...100 - done.
Creating output file that is 12000P x 12000L.
Processing /spatial_data/Original_Datasets/GHSL/uncompressed/builtup/R2023A/GHS_BUILT_S_E2020_GLOBE_R2023A_4326_3ss_V1_0.tif [1/1] : 0...10...20...30...40...50...60...70...80...90...100 - done.
ERROR 1: Output dataset /spatial_data/Derived_Datasets/RASTER/GHSL/R2023A/builtup_new/tiles_2020/builtup_tile_44.tif exists,
but some command line options were provided indicating a new dataset
should be created.  Please delete existing dataset and run again.

Creating output file that is 12000P x 12000L.
Processing /spatial_data/Original_Datasets/GHSL/uncompressed/builtup/R2023A/GHS_BUILT_S_E2020_GLOBE_R2023A_4326_3ss_V1_0.tif [1/1] : 0...10...20...30...40...50...60...70...80...90...100 - done.
ERROR 1: Output dataset /spatial_data/Derived_Datasets/RASTER/GHSL/R2023A/builtup_new/tiles_2020/builtup_tile_46.tif exists,
but some command line options were provided indicating a new dataset
should be created.  Please delete existing dataset and run again.

Creating output file that is 12000P x 12000L.
Processing /spatial_data/Original_Datasets/GHSL/uncompressed/builtup/R2023A/GHS_BUILT_S_E2020_GLOBE_R2023A_4326_3ss_V1_0.tif [1/1] : 0...10...20...30...40...50...60...70...80...90...100 - done.
Creating output file that is 12000P x 12000L.
Processing /spatial_data/Original_Datasets/GHSL/uncompressed/builtup/R2023A/GHS_BUILT_S_E2020_GLOBE_R2023A_4326_3ss_V1_0.tif [1/1] : 0...10...20...30...40...50...60...70...80...90...100 - done.
ERROR 1: Output dataset /spatial_data/Derived_Datasets/RASTER/GHSL/R2023A/builtup_new/tiles_2020/builtup_tile_47.tif exists,
but some command line options were provided indicating a new dataset
should be created.  Please delete existing dataset and run again.

Creating output file that is 12000P x 12000L.
Processing /spatial_data/Original_Datasets/GHSL/uncompressed/builtup/R2023A/GHS_BUILT_S_E2020_GLOBE_R2023A_4326_3ss_V1_0.tif [1/1] : 0...10...20...30...40...50...60...70...80...90...100 - done.
Creating output file that is 12000P x 12000L.
Processing /spatial_data/Original_Datasets/GHSL/uncompressed/builtup/R2023A/GHS_BUILT_S_E2020_GLOBE_R2023A_4326_3ss_V1_0.tif [1/1] : 0...10...20...30...40...50...60...70...80...90...100 - done.
ERROR 1: Output dataset /spatial_data/Derived_Datasets/RASTER/GHSL/R2023A/builtup_new/tiles_2020/builtup_tile_49.tif exists,
but some command line options were provided indicating a new dataset
should be created.  Please delete existing dataset and run again.

Creating output file that is 12000P x 12000L.
Processing /spatial_data/Original_Datasets/GHSL/uncompressed/builtup/R2023A/GHS_BUILT_S_E2020_GLOBE_R2023A_4326_3ss_V1_0.tif [1/1] : 0...10...20...30...40...50...60...70...80...90...100 - done.
ERROR 1: Output dataset /spatial_data/Derived_Datasets/RASTER/GHSL/R2023A/builtup_new/tiles_2020/builtup_tile_50.tif exists,
but some command line options were provided indicating a new dataset
should be created.  Please delete existing dataset and run again.

Creating output file that is 12000P x 12000L.
Processing /spatial_data/Original_Datasets/GHSL/uncompressed/builtup/R2023A/GHS_BUILT_S_E2020_GLOBE_R2023A_4326_3ss_V1_0.tif [1/1] : 0...10...20...30...40...50...60...70...80...90...100 - done.
Creating output file that is 12000P x 12000L.
Processing /spatial_data/Original_Datasets/GHSL/uncompressed/builtup/R2023A/GHS_BUILT_S_E2020_GLOBE_R2023A_4326_3ss_V1_0.tif [1/1] : 0...10...20...30...40...50...60...70...80...90...100 - done.
Creating output file that is 12000P x 12000L.
Processing /spatial_data/Original_Datasets/GHSL/uncompressed/builtup/R2023A/GHS_BUILT_S_E2020_GLOBE_R2023A_4326_3ss_V1_0.tif [1/1] : 0...10...20...30...40...50...60...70...80...90...100 - done.
ERROR 1: Output dataset /spatial_data/Derived_Datasets/RASTER/GHSL/R2023A/builtup_new/tiles_2020/builtup_tile_52.tif exists,
but some command line options were provided indicating a new dataset
should be created.  Please delete existing dataset and run again.

Creating output file that is 12000P x 12000L.
Processing /spatial_data/Original_Datasets/GHSL/uncompressed/builtup/R2023A/GHS_BUILT_S_E2020_GLOBE_R2023A_4326_3ss_V1_0.tif [1/1] : 0...10...20...30...40...50...60...70...80...90...100 - done.
Creating output file that is 12000P x 12000L.
Processing /spatial_data/Original_Datasets/GHSL/uncompressed/builtup/R2023A/GHS_BUILT_S_E2020_GLOBE_R2023A_4326_3ss_V1_0.tif [1/1] : 0...10...20...30...40...50...60...70...80...90...100 - done.
ERROR 1: Output dataset /spatial_data/Derived_Datasets/RASTER/GHSL/R2023A/builtup_new/tiles_2020/builtup_tile_106.tif exists,
but some command line options were provided indicating a new dataset
should be created.  Please delete existing dataset and run again.

Creating output file that is 12000P x 12000L.
Processing /spatial_data/Original_Datasets/GHSL/uncompressed/builtup/R2023A/GHS_BUILT_S_E2020_GLOBE_R2023A_4326_3ss_V1_0.tif [1/1] : 0...10...20...30...40...50...60...70...80...90...100 - done.
Creating output file that is 12000P x 12000L.
Processing /spatial_data/Original_Datasets/GHSL/uncompressed/builtup/R2023A/GHS_BUILT_S_E2020_GLOBE_R2023A_4326_3ss_V1_0.tif [1/1] : 0...10...20...30...40...50...60...70...80...90...100 - done.
ERROR 1: Output dataset /spatial_data/Derived_Datasets/RASTER/GHSL/R2023A/builtup_new/tiles_2020/builtup_tile_108.tif exists,
but some command line options were provided indicating a new dataset
should be created.  Please delete existing dataset and run again.

Creating output file that is 12000P x 12000L.
Processing /spatial_data/Original_Datasets/GHSL/uncompressed/builtup/R2023A/GHS_BUILT_S_E2020_GLOBE_R2023A_4326_3ss_V1_0.tif [1/1] : 0...10...20...30...40...50...60...70...80...90...100 - done.
Creating output file that is 12000P x 12000L.
Processing /spatial_data/Original_Datasets/GHSL/uncompressed/builtup/R2023A/GHS_BUILT_S_E2020_GLOBE_R2023A_4326_3ss_V1_0.tif [1/1] : 0...10...20...30...40...50...60...70...80...90...100 - done.
Creating output file that is 12000P x 12000L.
Processing /spatial_data/Original_Datasets/GHSL/uncompressed/builtup/R2023A/GHS_BUILT_S_E2020_GLOBE_R2023A_4326_3ss_V1_0.tif [1/1] : 0...10...20...30...40...50...60...70...80...90...100 - done.
ERROR 1: Output dataset /spatial_data/Derived_Datasets/RASTER/GHSL/R2023A/builtup_new/tiles_2020/builtup_tile_109.tif exists,
but some command line options were provided indicating a new dataset
should be created.  Please delete existing dataset and run again.

Creating output file that is 12000P x 12000L.
Processing /spatial_data/Original_Datasets/GHSL/uncompressed/builtup/R2023A/GHS_BUILT_S_E2020_GLOBE_R2023A_4326_3ss_V1_0.tif [1/1] : 0...10...20...30...40...50...60...70...80...90...100 - done.
ERROR 1: Output dataset /spatial_data/Derived_Datasets/RASTER/GHSL/R2023A/builtup_new/tiles_2020/builtup_tile_111.tif exists,
but some command line options were provided indicating a new dataset
should be created.  Please delete existing dataset and run again.

Creating output file that is 12000P x 12000L.
Processing /spatial_data/Original_Datasets/GHSL/uncompressed/builtup/R2023A/GHS_BUILT_S_E2020_GLOBE_R2023A_4326_3ss_V1_0.tif [1/1] : 0...10...20...30...40...50...60...70...80...90...100 - done.
Creating output file that is 12000P x 12000L.
Processing /spatial_data/Original_Datasets/GHSL/uncompressed/builtup/R2023A/GHS_BUILT_S_E2020_GLOBE_R2023A_4326_3ss_V1_0.tif [1/1] : 0...10...20...30...40...50...60...70...80...90...100 - done.
ERROR 1: Output dataset /spatial_data/Derived_Datasets/RASTER/GHSL/R2023A/builtup_new/tiles_2020/builtup_tile_112.tif exists,
but some command line options were provided indicating a new dataset
should be created.  Please delete existing dataset and run again.

Creating output file that is 12000P x 12000L.
Processing /spatial_data/Original_Datasets/GHSL/uncompressed/builtup/R2023A/GHS_BUILT_S_E2020_GLOBE_R2023A_4326_3ss_V1_0.tif [1/1] : 0...10...20...30...40...50...60...70...80...90...100 - done.
Creating output file that is 12000P x 12000L.
Processing /spatial_data/Original_Datasets/GHSL/uncompressed/builtup/R2023A/GHS_BUILT_S_E2020_GLOBE_R2023A_4326_3ss_V1_0.tif [1/1] : 0...10...20...30...40...50...60...70...80...90...100 - done.
ERROR 1: Output dataset /spatial_data/Derived_Datasets/RASTER/GHSL/R2023A/builtup_new/tiles_2020/builtup_tile_114.tif exists,
but some command line options were provided indicating a new dataset
should be created.  Please delete existing dataset and run again.

Creating output file that is 12000P x 12000L.
Processing /spatial_data/Original_Datasets/GHSL/uncompressed/builtup/R2023A/GHS_BUILT_S_E2020_GLOBE_R2023A_4326_3ss_V1_0.tif [1/1] : 0...10...20...30...40...50...60...70...80...90...100 - done.
ERROR 1: Output dataset /spatial_data/Derived_Datasets/RASTER/GHSL/R2023A/builtup_new/tiles_2020/builtup_tile_115.tif exists,
but some command line options were provided indicating a new dataset
should be created.  Please delete existing dataset and run again.

Creating output file that is 12000P x 12000L.
Processing /spatial_data/Original_Datasets/GHSL/uncompressed/builtup/R2023A/GHS_BUILT_S_E2020_GLOBE_R2023A_4326_3ss_V1_0.tif [1/1] : 0...10...20...30...40...50...60...70...80...90...100 - done.
Creating output file that is 12000P x 12000L.
Processing /spatial_data/Original_Datasets/GHSL/uncompressed/builtup/R2023A/GHS_BUILT_S_E2020_GLOBE_R2023A_4326_3ss_V1_0.tif [1/1] : 0...10...20...30...40...50...60...70...80...90...100 - done.
Creating output file that is 12000P x 12000L.
Processing /spatial_data/Original_Datasets/GHSL/uncompressed/builtup/R2023A/GHS_BUILT_S_E2020_GLOBE_R2023A_4326_3ss_V1_0.tif [1/1] : 0...10...20...30...40...50...60...70...80...90...100 - done.
ERROR 1: Output dataset /spatial_data/Derived_Datasets/RASTER/GHSL/R2023A/builtup_new/tiles_2020/builtup_tile_117.tif exists,
but some command line options were provided indicating a new dataset
should be created.  Please delete existing dataset and run again.

Creating output file that is 12000P x 12000L.
Processing /spatial_data/Original_Datasets/GHSL/uncompressed/builtup/R2023A/GHS_BUILT_S_E2020_GLOBE_R2023A_4326_3ss_V1_0.tif [1/1] : 0...10...20...30...40...50...60...70...80...90...100 - done.
ERROR 1: Output dataset /spatial_data/Derived_Datasets/RASTER/GHSL/R2023A/builtup_new/tiles_2020/builtup_tile_118.tif exists,
but some command line options were provided indicating a new dataset
should be created.  Please delete existing dataset and run again.

Creating output file that is 12000P x 12000L.
Processing /spatial_data/Original_Datasets/GHSL/uncompressed/builtup/R2023A/GHS_BUILT_S_E2020_GLOBE_R2023A_4326_3ss_V1_0.tif [1/1] : 0...10...20...30...40...50...60...70...80...90...100 - done.
Creating output file that is 12000P x 12000L.
Processing /spatial_data/Original_Datasets/GHSL/uncompressed/builtup/R2023A/GHS_BUILT_S_E2020_GLOBE_R2023A_4326_3ss_V1_0.tif [1/1] : 0...10...20...30...40...50...60...70...80...90...100 - done.
Creating output file that is 12000P x 12000L.
Processing /spatial_data/Original_Datasets/GHSL/uncompressed/builtup/R2023A/GHS_BUILT_S_E2020_GLOBE_R2023A_4326_3ss_V1_0.tif [1/1] : 0...10...20...30...40...50...60...70...80...90...100 - done.
ERROR 1: Output dataset /spatial_data/Derived_Datasets/RASTER/GHSL/R2023A/builtup_new/tiles_2020/builtup_tile_120.tif exists,
but some command line options were provided indicating a new dataset
should be created.  Please delete existing dataset and run again.

Creating output file that is 12000P x 12000L.
Processing /spatial_data/Original_Datasets/GHSL/uncompressed/builtup/R2023A/GHS_BUILT_S_E2020_GLOBE_R2023A_4326_3ss_V1_0.tif [1/1] : 0...10...20...30...40...50...60...70...80...90...100 - done.
Creating output file that is 12000P x 12000L.
Processing /spatial_data/Original_Datasets/GHSL/uncompressed/builtup/R2023A/GHS_BUILT_S_E2020_GLOBE_R2023A_4326_3ss_V1_0.tif [1/1] : 0...10...20...30...40...50...60...70...80...90...100 - done.
ERROR 1: Output dataset /spatial_data/Derived_Datasets/RASTER/GHSL/R2023A/builtup_new/tiles_2020/builtup_tile_121.tif exists,
but some command line options were provided indicating a new dataset
should be created.  Please delete existing dataset and run again.

Creating output file that is 12000P x 12000L.
Processing /spatial_data/Original_Datasets/GHSL/uncompressed/builtup/R2023A/GHS_BUILT_S_E2020_GLOBE_R2023A_4326_3ss_V1_0.tif [1/1] : 0...10...20...30...40...50...60...70...80...90...100 - done.
Creating output file that is 12000P x 12000L.
Processing /spatial_data/Original_Datasets/GHSL/uncompressed/builtup/R2023A/GHS_BUILT_S_E2020_GLOBE_R2023A_4326_3ss_V1_0.tif [1/1] : 0...10...20...30...40...50...60...70...80...90...100 - done.
ERROR 1: Output dataset /spatial_data/Derived_Datasets/RASTER/GHSL/R2023A/builtup_new/tiles_2020/builtup_tile_123.tif exists,
but some command line options were provided indicating a new dataset
should be created.  Please delete existing dataset and run again.

Creating output file that is 12000P x 12000L.
Processing /spatial_data/Original_Datasets/GHSL/uncompressed/builtup/R2023A/GHS_BUILT_S_E2020_GLOBE_R2023A_4326_3ss_V1_0.tif [1/1] : 0...10...20...30...40...50...60...70...80...90...100 - done.
ERROR 1: Output dataset /spatial_data/Derived_Datasets/RASTER/GHSL/R2023A/builtup_new/tiles_2020/builtup_tile_124.tif exists,
but some command line options were provided indicating a new dataset
should be created.  Please delete existing dataset and run again.

Creating output file that is 12000P x 12000L.
Processing /spatial_data/Original_Datasets/GHSL/uncompressed/builtup/R2023A/GHS_BUILT_S_E2020_GLOBE_R2023A_4326_3ss_V1_0.tif [1/1] : 0...10...20...30...40...50...60...70...80...90...100 - done.
Creating output file that is 12000P x 12000L.
Processing /spatial_data/Original_Datasets/GHSL/uncompressed/builtup/R2023A/GHS_BUILT_S_E2020_GLOBE_R2023A_4326_3ss_V1_0.tif [1/1] : 0...10...20...30...40...50...60...70...80...90...100 - done.
Creating output file that is 12000P x 12000L.
Processing /spatial_data/Original_Datasets/GHSL/uncompressed/builtup/R2023A/GHS_BUILT_S_E2020_GLOBE_R2023A_4326_3ss_V1_0.tif [1/1] : 0...10...20...30...40...50...60...70...80...90...100 - done.
ERROR 1: Output dataset /spatial_data/Derived_Datasets/RASTER/GHSL/R2023A/builtup_new/tiles_2020/builtup_tile_126.tif exists,
but some command line options were provided indicating a new dataset
should be created.  Please delete existing dataset and run again.

Creating output file that is 12000P x 12000L.
Processing /spatial_data/Original_Datasets/GHSL/uncompressed/builtup/R2023A/GHS_BUILT_S_E2020_GLOBE_R2023A_4326_3ss_V1_0.tif [1/1] : 0...10...20...30...40...50...60...70...80...90...100 - done.
ERROR 1: Output dataset /spatial_data/Derived_Datasets/RASTER/GHSL/R2023A/builtup_new/tiles_2020/builtup_tile_127.tif exists,
but some command line options were provided indicating a new dataset
should be created.  Please delete existing dataset and run again.

Creating output file that is 12000P x 12000L.
Processing /spatial_data/Original_Datasets/GHSL/uncompressed/builtup/R2023A/GHS_BUILT_S_E2020_GLOBE_R2023A_4326_3ss_V1_0.tif [1/1] : 0...10...20...30...40...50...60...70...80...90...100 - done.
Creating output file that is 12000P x 12000L.
Processing /spatial_data/Original_Datasets/GHSL/uncompressed/builtup/R2023A/GHS_BUILT_S_E2020_GLOBE_R2023A_4326_3ss_V1_0.tif [1/1] : 0...10...20...30...40...50...60...70...80...90...100 - done.
Creating output file that is 12000P x 12000L.
Processing /spatial_data/Original_Datasets/GHSL/uncompressed/builtup/R2023A/GHS_BUILT_S_E2020_GLOBE_R2023A_4326_3ss_V1_0.tif [1/1] : 0...10...20...30...40...50...60...70...80...90...100 - done.
ERROR 1: Output dataset /spatial_data/Derived_Datasets/RASTER/GHSL/R2023A/builtup_new/tiles_2020/builtup_tile_129.tif exists,
but some command line options were provided indicating a new dataset
should be created.  Please delete existing dataset and run again.

Creating output file that is 12000P x 12000L.
Processing /spatial_data/Original_Datasets/GHSL/uncompressed/builtup/R2023A/GHS_BUILT_S_E2020_GLOBE_R2023A_4326_3ss_V1_0.tif [1/1] : 0...10...20...30...40...50...60...70...80...90...100 - done.
Creating output file that is 12000P x 12000L.
Processing /spatial_data/Original_Datasets/GHSL/uncompressed/builtup/R2023A/GHS_BUILT_S_E2020_GLOBE_R2023A_4326_3ss_V1_0.tif [1/1] : 0...10...20...30...40...50...60...70...80...90...100 - done.
ERROR 1: Output dataset /spatial_data/Derived_Datasets/RASTER/GHSL/R2023A/builtup_new/tiles_2020/builtup_tile_130.tif exists,
but some command line options were provided indicating a new dataset
should be created.  Please delete existing dataset and run again.

Creating output file that is 12000P x 12000L.
Processing /spatial_data/Original_Datasets/GHSL/uncompressed/builtup/R2023A/GHS_BUILT_S_E2020_GLOBE_R2023A_4326_3ss_V1_0.tif [1/1] : 0...10...20...30...40...50...60...70...80...90...100 - done.
Creating output file that is 12000P x 12000L.
Processing /spatial_data/Original_Datasets/GHSL/uncompressed/builtup/R2023A/GHS_BUILT_S_E2020_GLOBE_R2023A_4326_3ss_V1_0.tif [1/1] : 0...10...20...30...40...50...60...70...80...90...100 - done.
ERROR 1: Output dataset /spatial_data/Derived_Datasets/RASTER/GHSL/R2023A/builtup_new/tiles_2020/builtup_tile_132.tif exists,
but some command line options were provided indicating a new dataset
should be created.  Please delete existing dataset and run again.

Creating output file that is 12000P x 12000L.
Processing /spatial_data/Original_Datasets/GHSL/uncompressed/builtup/R2023A/GHS_BUILT_S_E2020_GLOBE_R2023A_4326_3ss_V1_0.tif [1/1] : 0...10...20...30...40...50...60...70...80...90...100 - done.
ERROR 1: Output dataset /spatial_data/Derived_Datasets/RASTER/GHSL/R2023A/builtup_new/tiles_2020/builtup_tile_133.tif exists,
but some command line options were provided indicating a new dataset
should be created.  Please delete existing dataset and run again.

Creating output file that is 12000P x 12000L.
Processing /spatial_data/Original_Datasets/GHSL/uncompressed/builtup/R2023A/GHS_BUILT_S_E2020_GLOBE_R2023A_4326_3ss_V1_0.tif [1/1] : 0...10...20...30...40...50...60...70...80...90...100 - done.
Creating output file that is 12000P x 12000L.
Processing /spatial_data/Original_Datasets/GHSL/uncompressed/builtup/R2023A/GHS_BUILT_S_E2020_GLOBE_R2023A_4326_3ss_V1_0.tif [1/1] : 0...10...20...30...40...50...60...70...80...90...100 - done.
Creating output file that is 12000P x 12000L.
Processing /spatial_data/Original_Datasets/GHSL/uncompressed/builtup/R2023A/GHS_BUILT_S_E2020_GLOBE_R2023A_4326_3ss_V1_0.tif [1/1] : 0...10...20...30...40...50...60...70...80...90...100 - done.
ERROR 1: Output dataset /spatial_data/Derived_Datasets/RASTER/GHSL/R2023A/builtup_new/tiles_2020/builtup_tile_135.tif exists,
but some command line options were provided indicating a new dataset
should be created.  Please delete existing dataset and run again.

Creating output file that is 12000P x 12000L.
Processing /spatial_data/Original_Datasets/GHSL/uncompressed/builtup/R2023A/GHS_BUILT_S_E2020_GLOBE_R2023A_4326_3ss_V1_0.tif [1/1] : 0...10...20...30...40...50...60...70...80...90...100 - done.
Creating output file that is 12000P x 12000L.
Processing /spatial_data/Original_Datasets/GHSL/uncompressed/builtup/R2023A/GHS_BUILT_S_E2020_GLOBE_R2023A_4326_3ss_V1_0.tif [1/1] : 0...10...20...30...40...50...60...70...80...90...100 - done.
ERROR 1: Output dataset /spatial_data/Derived_Datasets/RASTER/GHSL/R2023A/builtup_new/tiles_2020/builtup_tile_136.tif exists,
but some command line options were provided indicating a new dataset
should be created.  Please delete existing dataset and run again.

Creating output file that is 12000P x 12000L.
Processing /spatial_data/Original_Datasets/GHSL/uncompressed/builtup/R2023A/GHS_BUILT_S_E2020_GLOBE_R2023A_4326_3ss_V1_0.tif [1/1] : 0...10...20...30...40...50...60...70...80...90...100 - done.
Creating output file that is 12000P x 12000L.
Processing /spatial_data/Original_Datasets/GHSL/uncompressed/builtup/R2023A/GHS_BUILT_S_E2020_GLOBE_R2023A_4326_3ss_V1_0.tif [1/1] : 0...10...20...30...40...50...60...70...80...90...100 - done.
ERROR 1: Output dataset /spatial_data/Derived_Datasets/RASTER/GHSL/R2023A/builtup_new/tiles_2020/builtup_tile_138.tif exists,
but some command line options were provided indicating a new dataset
should be created.  Please delete existing dataset and run again.

Creating output file that is 12000P x 12000L.
Processing /spatial_data/Original_Datasets/GHSL/uncompressed/builtup/R2023A/GHS_BUILT_S_E2020_GLOBE_R2023A_4326_3ss_V1_0.tif [1/1] : 0...10...20...30...40...50...60...70...80...90...100 - done.
ERROR 1: Output dataset /spatial_data/Derived_Datasets/RASTER/GHSL/R2023A/builtup_new/tiles_2020/builtup_tile_139.tif exists,
but some command line options were provided indicating a new dataset
should be created.  Please delete existing dataset and run again.

Creating output file that is 12000P x 12000L.
Processing /spatial_data/Original_Datasets/GHSL/uncompressed/builtup/R2023A/GHS_BUILT_S_E2020_GLOBE_R2023A_4326_3ss_V1_0.tif [1/1] : 0...10...20...30...40...50...60...70...80...90...100 - done.
ERROR 1: Output dataset /spatial_data/Derived_Datasets/RASTER/GHSL/R2023A/builtup_new/tiles_2020/builtup_tile_140.tif exists,
but some command line options were provided indicating a new dataset
should be created.  Please delete existing dataset and run again.

Creating output file that is 12000P x 12000L.
Processing /spatial_data/Original_Datasets/GHSL/uncompressed/builtup/R2023A/GHS_BUILT_S_E2020_GLOBE_R2023A_4326_3ss_V1_0.tif [1/1] : 0...10...20...30...40...50...60...70...80...90...100 - done.
Creating output file that is 12000P x 12000L.
Processing /spatial_data/Original_Datasets/GHSL/uncompressed/builtup/R2023A/GHS_BUILT_S_E2020_GLOBE_R2023A_4326_3ss_V1_0.tif [1/1] : 0...10...20...30...40...50...60...70...80...90...100 - done.
Creating output file that is 12000P x 12000L.
Processing /spatial_data/Original_Datasets/GHSL/uncompressed/builtup/R2023A/GHS_BUILT_S_E2020_GLOBE_R2023A_4326_3ss_V1_0.tif [1/1] : 0...10...20...30...40...50...60...70...80...90...100 - done.
ERROR 1: Output dataset /spatial_data/Derived_Datasets/RASTER/GHSL/R2023A/builtup_new/tiles_2020/builtup_tile_142.tif exists,
but some command line options were provided indicating a new dataset
should be created.  Please delete existing dataset and run again.

Creating output file that is 12000P x 12000L.
Processing /spatial_data/Original_Datasets/GHSL/uncompressed/builtup/R2023A/GHS_BUILT_S_E2020_GLOBE_R2023A_4326_3ss_V1_0.tif [1/1] : 0...10...20...30...40...50...60...70...80...90...100 - done.
Creating output file that is 12000P x 12000L.
Processing /spatial_data/Original_Datasets/GHSL/uncompressed/builtup/R2023A/GHS_BUILT_S_E2020_GLOBE_R2023A_4326_3ss_V1_0.tif [1/1] : 0...10...20...30...40...50...60...70...80...90...100 - done.
Creating output file that is 12000P x 12000L.
Processing /spatial_data/Original_Datasets/GHSL/uncompressed/builtup/R2023A/GHS_BUILT_S_E2020_GLOBE_R2023A_4326_3ss_V1_0.tif [1/1] : 0...10...20...30...40...50...60...70...80...90...100 - done.
ERROR 1: Output dataset /spatial_data/Derived_Datasets/RASTER/GHSL/R2023A/builtup_new/tiles_2020/builtup_tile_144.tif exists,
but some command line options were provided indicating a new dataset
should be created.  Please delete existing dataset and run again.

Creating output file that is 12000P x 12000L.
Processing /spatial_data/Original_Datasets/GHSL/uncompressed/builtup/R2023A/GHS_BUILT_S_E2020_GLOBE_R2023A_4326_3ss_V1_0.tif [1/1] : 0...10...20...30...40...50...60...70...80...90...100 - done.
Creating output file that is 12000P x 12000L.
Processing /spatial_data/Original_Datasets/GHSL/uncompressed/builtup/R2023A/GHS_BUILT_S_E2020_GLOBE_R2023A_4326_3ss_V1_0.tif [1/1] : 0...10...20...30...40...50...60...70...80...90...100 - done.
ERROR 1: Output dataset /spatial_data/Derived_Datasets/RASTER/GHSL/R2023A/builtup_new/tiles_2020/builtup_tile_145.tif exists,
but some command line options were provided indicating a new dataset
should be created.  Please delete existing dataset and run again.

Creating output file that is 12000P x 12000L.
Processing /spatial_data/Original_Datasets/GHSL/uncompressed/builtup/R2023A/GHS_BUILT_S_E2020_GLOBE_R2023A_4326_3ss_V1_0.tif [1/1] : 0...10...20...30...40...50...60...70...80...90...100 - done.
Creating output file that is 12000P x 12000L.
Processing /spatial_data/Original_Datasets/GHSL/uncompressed/builtup/R2023A/GHS_BUILT_S_E2020_GLOBE_R2023A_4326_3ss_V1_0.tif [1/1] : 0...10...20...30...40...50...60...70...80...90...100 - done.
ERROR 1: Output dataset /spatial_data/Derived_Datasets/RASTER/GHSL/R2023A/builtup_new/tiles_2020/builtup_tile_147.tif exists,
but some command line options were provided indicating a new dataset
should be created.  Please delete existing dataset and run again.

Creating output file that is 12000P x 12000L.
Processing /spatial_data/Original_Datasets/GHSL/uncompressed/builtup/R2023A/GHS_BUILT_S_E2020_GLOBE_R2023A_4326_3ss_V1_0.tif [1/1] : 0...10...20...30...40...50...60...70...80...90...100 - done.
ERROR 1: Output dataset /spatial_data/Derived_Datasets/RASTER/GHSL/R2023A/builtup_new/tiles_2020/builtup_tile_148.tif exists,
but some command line options were provided indicating a new dataset
should be created.  Please delete existing dataset and run again.

Creating output file that is 12000P x 12000L.
Processing /spatial_data/Original_Datasets/GHSL/uncompressed/builtup/R2023A/GHS_BUILT_S_E2020_GLOBE_R2023A_4326_3ss_V1_0.tif [1/1] : 0...10...20...30...40...50...60...70...80...90...100 - done.
Creating output file that is 12000P x 12000L.
Processing /spatial_data/Original_Datasets/GHSL/uncompressed/builtup/R2023A/GHS_BUILT_S_E2020_GLOBE_R2023A_4326_3ss_V1_0.tif [1/1] : 0...10...20...30...40...50...60...70...80...90...100 - done.
Creating output file that is 12000P x 12000L.
Processing /spatial_data/Original_Datasets/GHSL/uncompressed/builtup/R2023A/GHS_BUILT_S_E2020_GLOBE_R2023A_4326_3ss_V1_0.tif [1/1] : 0...10...20...30...40...50...60...70...80...90...100 - done.
ERROR 1: Output dataset /spatial_data/Derived_Datasets/RASTER/GHSL/R2023A/builtup_new/tiles_2020/builtup_tile_150.tif exists,
but some command line options were provided indicating a new dataset
should be created.  Please delete existing dataset and run again.

Creating output file that is 12000P x 12000L.
Processing /spatial_data/Original_Datasets/GHSL/uncompressed/builtup/R2023A/GHS_BUILT_S_E2020_GLOBE_R2023A_4326_3ss_V1_0.tif [1/1] : 0...10...20...30...40...50...60...70...80...90...100 - done.
Creating output file that is 12000P x 12000L.
Processing /spatial_data/Original_Datasets/GHSL/uncompressed/builtup/R2023A/GHS_BUILT_S_E2020_GLOBE_R2023A_4326_3ss_V1_0.tif [1/1] : 0...10...20...30...40...50...60...70...80...90...100 - done.
ERROR 1: Output dataset /spatial_data/Derived_Datasets/RASTER/GHSL/R2023A/builtup_new/tiles_2020/builtup_tile_151.tif exists,
but some command line options were provided indicating a new dataset
should be created.  Please delete existing dataset and run again.

Creating output file that is 12000P x 12000L.
Processing /spatial_data/Original_Datasets/GHSL/uncompressed/builtup/R2023A/GHS_BUILT_S_E2020_GLOBE_R2023A_4326_3ss_V1_0.tif [1/1] : 0...10...20...30...40...50...60...70...80...90...100 - done.
Creating output file that is 12000P x 12000L.
Processing /spatial_data/Original_Datasets/GHSL/uncompressed/builtup/R2023A/GHS_BUILT_S_E2020_GLOBE_R2023A_4326_3ss_V1_0.tif [1/1] : 0...10...20...30...40...50...60...70...80...90...100 - done.
ERROR 1: Output dataset /spatial_data/Derived_Datasets/RASTER/GHSL/R2023A/builtup_new/tiles_2020/builtup_tile_153.tif exists,
but some command line options were provided indicating a new dataset
should be created.  Please delete existing dataset and run again.

Creating output file that is 12000P x 12000L.
Processing /spatial_data/Original_Datasets/GHSL/uncompressed/builtup/R2023A/GHS_BUILT_S_E2020_GLOBE_R2023A_4326_3ss_V1_0.tif [1/1] : 0...10...20...30...40...50...60...70...80...90...100 - done.
Creating output file that is 12000P x 12000L.
Processing /spatial_data/Original_Datasets/GHSL/uncompressed/builtup/R2023A/GHS_BUILT_S_E2020_GLOBE_R2023A_4326_3ss_V1_0.tif [1/1] : 0...10...20...30...40...50...60...70...80...90...100 - done.
ERROR 1: Output dataset /spatial_data/Derived_Datasets/RASTER/GHSL/R2023A/builtup_new/tiles_2020/builtup_tile_154.tif exists,
but some command line options were provided indicating a new dataset
should be created.  Please delete existing dataset and run again.

Creating output file that is 12000P x 12000L.
Processing /spatial_data/Original_Datasets/GHSL/uncompressed/builtup/R2023A/GHS_BUILT_S_E2020_GLOBE_R2023A_4326_3ss_V1_0.tif [1/1] : 0...10...20...30...40...50...60...70...80...90...100 - done.
Creating output file that is 12000P x 12000L.
Processing /spatial_data/Original_Datasets/GHSL/uncompressed/builtup/R2023A/GHS_BUILT_S_E2020_GLOBE_R2023A_4326_3ss_V1_0.tif [1/1] : 0...10...20...30...40...50...60...70...80...90...100 - done.
ERROR 1: Output dataset /spatial_data/Derived_Datasets/RASTER/GHSL/R2023A/builtup_new/tiles_2020/builtup_tile_156.tif exists,
but some command line options were provided indicating a new dataset
should be created.  Please delete existing dataset and run again.

Creating output file that is 12000P x 12000L.
Processing /spatial_data/Original_Datasets/GHSL/uncompressed/builtup/R2023A/GHS_BUILT_S_E2020_GLOBE_R2023A_4326_3ss_V1_0.tif [1/1] : 0...10...20...30...40...50...60...70...80...90...100 - done.
ERROR 1: Output dataset /spatial_data/Derived_Datasets/RASTER/GHSL/R2023A/builtup_new/tiles_2020/builtup_tile_157.tif exists,
but some command line options were provided indicating a new dataset
should be created.  Please delete existing dataset and run again.

Creating output file that is 12000P x 12000L.
Processing /spatial_data/Original_Datasets/GHSL/uncompressed/builtup/R2023A/GHS_BUILT_S_E2020_GLOBE_R2023A_4326_3ss_V1_0.tif [1/1] : 0...10...20...30...40...50...60...70...80...90...100 - done.
Creating output file that is 12000P x 12000L.
Processing /spatial_data/Original_Datasets/GHSL/uncompressed/builtup/R2023A/GHS_BUILT_S_E2020_GLOBE_R2023A_4326_3ss_V1_0.tif [1/1] : 0...10...20...30...40...50...60...70...80...90...100 - done.
ERROR 1: Output dataset /spatial_data/Derived_Datasets/RASTER/GHSL/R2023A/builtup_new/tiles_2020/builtup_tile_158.tif exists,
but some command line options were provided indicating a new dataset
should be created.  Please delete existing dataset and run again.

Creating output file that is 12000P x 12000L.
Processing /spatial_data/Original_Datasets/GHSL/uncompressed/builtup/R2023A/GHS_BUILT_S_E2020_GLOBE_R2023A_4326_3ss_V1_0.tif [1/1] : 0...10...20...30...40...50...60...70...80...90...100 - done.
Creating output file that is 12000P x 12000L.
Processing /spatial_data/Original_Datasets/GHSL/uncompressed/builtup/R2023A/GHS_BUILT_S_E2020_GLOBE_R2023A_4326_3ss_V1_0.tif [1/1] : 0...10...20...30...40...50...60...70...80...90...100 - done.
ERROR 1: Output dataset /spatial_data/Derived_Datasets/RASTER/GHSL/R2023A/builtup_new/tiles_2020/builtup_tile_54.tif exists,
but some command line options were provided indicating a new dataset
should be created.  Please delete existing dataset and run again.

Creating output file that is 12000P x 12000L.
Processing /spatial_data/Original_Datasets/GHSL/uncompressed/builtup/R2023A/GHS_BUILT_S_E2020_GLOBE_R2023A_4326_3ss_V1_0.tif [1/1] : 0...10...20...30...40...50...60...70...80...90...100 - done.
Creating output file that is 12000P x 12000L.
Processing /spatial_data/Original_Datasets/GHSL/uncompressed/builtup/R2023A/GHS_BUILT_S_E2020_GLOBE_R2023A_4326_3ss_V1_0.tif [1/1] : 0...10...20...30...40...50...60...70...80...90...100 - done.
ERROR 1: Output dataset /spatial_data/Derived_Datasets/RASTER/GHSL/R2023A/builtup_new/tiles_2020/builtup_tile_55.tif exists,
but some command line options were provided indicating a new dataset
should be created.  Please delete existing dataset and run again.

Creating output file that is 12000P x 12000L.
Processing /spatial_data/Original_Datasets/GHSL/uncompressed/builtup/R2023A/GHS_BUILT_S_E2020_GLOBE_R2023A_4326_3ss_V1_0.tif [1/1] : 0...10...20...30...40...50...60...70...80...90...100 - done.
Creating output file that is 12000P x 12000L.
Processing /spatial_data/Original_Datasets/GHSL/uncompressed/builtup/R2023A/GHS_BUILT_S_E2020_GLOBE_R2023A_4326_3ss_V1_0.tif [1/1] : 0...10...20...30...40...50...60...70...80...90...100 - done.
ERROR 1: Output dataset /spatial_data/Derived_Datasets/RASTER/GHSL/R2023A/builtup_new/tiles_2020/builtup_tile_57.tif exists,
but some command line options were provided indicating a new dataset
should be created.  Please delete existing dataset and run again.

Creating output file that is 12000P x 12000L.
Processing /spatial_data/Original_Datasets/GHSL/uncompressed/builtup/R2023A/GHS_BUILT_S_E2020_GLOBE_R2023A_4326_3ss_V1_0.tif [1/1] : 0...10...20...30...40...50...60...70...80...90...100 - done.
ERROR 1: Output dataset /spatial_data/Derived_Datasets/RASTER/GHSL/R2023A/builtup_new/tiles_2020/builtup_tile_58.tif exists,
but some command line options were provided indicating a new dataset
should be created.  Please delete existing dataset and run again.

Creating output file that is 12000P x 12000L.
Processing /spatial_data/Original_Datasets/GHSL/uncompressed/builtup/R2023A/GHS_BUILT_S_E2020_GLOBE_R2023A_4326_3ss_V1_0.tif [1/1] : 0...10...20...30...40...50...60...70...80...90...100 - done.
ERROR 1: Output dataset /spatial_data/Derived_Datasets/RASTER/GHSL/R2023A/builtup_new/tiles_2020/builtup_tile_59.tif exists,
but some command line options were provided indicating a new dataset
should be created.  Please delete existing dataset and run again.

Creating output file that is 12000P x 12000L.
Processing /spatial_data/Original_Datasets/GHSL/uncompressed/builtup/R2023A/GHS_BUILT_S_E2020_GLOBE_R2023A_4326_3ss_V1_0.tif [1/1] : 0...10...20...30...40...50...60...70...80...90...100 - done.
ERROR 1: Output dataset /spatial_data/Derived_Datasets/RASTER/GHSL/R2023A/builtup_new/tiles_2020/builtup_tile_60.tif exists,
but some command line options were provided indicating a new dataset
should be created.  Please delete existing dataset and run again.

Creating output file that is 12000P x 12000L.
Processing /spatial_data/Original_Datasets/GHSL/uncompressed/builtup/R2023A/GHS_BUILT_S_E2020_GLOBE_R2023A_4326_3ss_V1_0.tif [1/1] : 0...10...20...30...40...50...60...70...80...90...100 - done.
ERROR 1: Output dataset /spatial_data/Derived_Datasets/RASTER/GHSL/R2023A/builtup_new/tiles_2020/builtup_tile_61.tif exists,
but some command line options were provided indicating a new dataset
should be created.  Please delete existing dataset and run again.

Creating output file that is 12000P x 12000L.
Processing /spatial_data/Original_Datasets/GHSL/uncompressed/builtup/R2023A/GHS_BUILT_S_E2020_GLOBE_R2023A_4326_3ss_V1_0.tif [1/1] : 0...10...20...30...40...50...60...70...80...90...100 - done.
ERROR 1: Output dataset /spatial_data/Derived_Datasets/RASTER/GHSL/R2023A/builtup_new/tiles_2020/builtup_tile_62.tif exists,
but some command line options were provided indicating a new dataset
should be created.  Please delete existing dataset and run again.

Creating output file that is 12000P x 12000L.
Processing /spatial_data/Original_Datasets/GHSL/uncompressed/builtup/R2023A/GHS_BUILT_S_E2020_GLOBE_R2023A_4326_3ss_V1_0.tif [1/1] : 0...10...20...30...40...50...60...70...80...90...100 - done.
ERROR 1: Output dataset /spatial_data/Derived_Datasets/RASTER/GHSL/R2023A/builtup_new/tiles_2020/builtup_tile_63.tif exists,
but some command line options were provided indicating a new dataset
should be created.  Please delete existing dataset and run again.

Creating output file that is 12000P x 12000L.
Processing /spatial_data/Original_Datasets/GHSL/uncompressed/builtup/R2023A/GHS_BUILT_S_E2020_GLOBE_R2023A_4326_3ss_V1_0.tif [1/1] : 0...10...20...30...40...50...60...70...80...90...100 - done.
ERROR 1: Output dataset /spatial_data/Derived_Datasets/RASTER/GHSL/R2023A/builtup_new/tiles_2020/builtup_tile_64.tif exists,
but some command line options were provided indicating a new dataset
should be created.  Please delete existing dataset and run again.

Creating output file that is 12000P x 12000L.
Processing /spatial_data/Original_Datasets/GHSL/uncompressed/builtup/R2023A/GHS_BUILT_S_E2020_GLOBE_R2023A_4326_3ss_V1_0.tif [1/1] : 0...10...20...30...40...50...60...70...80...90...100 - done.
ERROR 1: Output dataset /spatial_data/Derived_Datasets/RASTER/GHSL/R2023A/builtup_new/tiles_2020/builtup_tile_65.tif exists,
but some command line options were provided indicating a new dataset
should be created.  Please delete existing dataset and run again.

Creating output file that is 12000P x 12000L.
Processing /spatial_data/Original_Datasets/GHSL/uncompressed/builtup/R2023A/GHS_BUILT_S_E2020_GLOBE_R2023A_4326_3ss_V1_0.tif [1/1] : 0...10...20...30...40...50...60...70...80...90...100 - done.
Creating output file that is 12000P x 12000L.
Processing /spatial_data/Original_Datasets/GHSL/uncompressed/builtup/R2023A/GHS_BUILT_S_E2020_GLOBE_R2023A_4326_3ss_V1_0.tif [1/1] : 0...10...20...30...40...50...60...70...80...90...100 - done.
Creating output file that is 12000P x 12000L.
Processing /spatial_data/Original_Datasets/GHSL/uncompressed/builtup/R2023A/GHS_BUILT_S_E2020_GLOBE_R2023A_4326_3ss_V1_0.tif [1/1] : 0...10...20...30...40...50...60...70...80...90...100 - done.
ERROR 1: Output dataset /spatial_data/Derived_Datasets/RASTER/GHSL/R2023A/builtup_new/tiles_2020/builtup_tile_67.tif exists,
but some command line options were provided indicating a new dataset
should be created.  Please delete existing dataset and run again.

Creating output file that is 12000P x 12000L.
Processing /spatial_data/Original_Datasets/GHSL/uncompressed/builtup/R2023A/GHS_BUILT_S_E2020_GLOBE_R2023A_4326_3ss_V1_0.tif [1/1] : 0...10...20...30...40...50...60...70...80...90...100 - done.
ERROR 1: Output dataset /spatial_data/Derived_Datasets/RASTER/GHSL/R2023A/builtup_new/tiles_2020/builtup_tile_68.tif exists,
but some command line options were provided indicating a new dataset
should be created.  Please delete existing dataset and run again.

Creating output file that is 12000P x 12000L.
Processing /spatial_data/Original_Datasets/GHSL/uncompressed/builtup/R2023A/GHS_BUILT_S_E2020_GLOBE_R2023A_4326_3ss_V1_0.tif [1/1] : 0...10...20...30...40...50...60...70...80...90...100 - done.
Creating output file that is 12000P x 12000L.
Processing /spatial_data/Original_Datasets/GHSL/uncompressed/builtup/R2023A/GHS_BUILT_S_E2020_GLOBE_R2023A_4326_3ss_V1_0.tif [1/1] : 0...10...20...30...40...50...60...70...80...90...100 - done.
Creating output file that is 12000P x 12000L.
Processing /spatial_data/Original_Datasets/GHSL/uncompressed/builtup/R2023A/GHS_BUILT_S_E2020_GLOBE_R2023A_4326_3ss_V1_0.tif [1/1] : 0...10...20...30...40...50...60...70...80...90...100 - done.
ERROR 1: Output dataset /spatial_data/Derived_Datasets/RASTER/GHSL/R2023A/builtup_new/tiles_2020/builtup_tile_70.tif exists,
but some command line options were provided indicating a new dataset
should be created.  Please delete existing dataset and run again.

Creating output file that is 12000P x 12000L.
Processing /spatial_data/Original_Datasets/GHSL/uncompressed/builtup/R2023A/GHS_BUILT_S_E2020_GLOBE_R2023A_4326_3ss_V1_0.tif [1/1] : 0...10...20...30...40...50...60...70...80...90...100 - done.
Creating output file that is 12000P x 12000L.
Processing /spatial_data/Original_Datasets/GHSL/uncompressed/builtup/R2023A/GHS_BUILT_S_E2020_GLOBE_R2023A_4326_3ss_V1_0.tif [1/1] : 0...10...20...30...40...50...60...70...80...90...100 - done.
Creating output file that is 12000P x 12000L.
Processing /spatial_data/Original_Datasets/GHSL/uncompressed/builtup/R2023A/GHS_BUILT_S_E2020_GLOBE_R2023A_4326_3ss_V1_0.tif [1/1] : 0...10...20...30...40...50...60...70...80...90...100 - done.
ERROR 1: Output dataset /spatial_data/Derived_Datasets/RASTER/GHSL/R2023A/builtup_new/tiles_2020/builtup_tile_71.tif exists,
but some command line options were provided indicating a new dataset
should be created.  Please delete existing dataset and run again.

Creating output file that is 12000P x 12000L.
Processing /spatial_data/Original_Datasets/GHSL/uncompressed/builtup/R2023A/GHS_BUILT_S_E2020_GLOBE_R2023A_4326_3ss_V1_0.tif [1/1] : 0...10...20...30...40...50...60...70...80...90...100 - done.
ERROR 1: Output dataset /spatial_data/Derived_Datasets/RASTER/GHSL/R2023A/builtup_new/tiles_2020/builtup_tile_73.tif exists,
but some command line options were provided indicating a new dataset
should be created.  Please delete existing dataset and run again.

Creating output file that is 12000P x 12000L.
Processing /spatial_data/Original_Datasets/GHSL/uncompressed/builtup/R2023A/GHS_BUILT_S_E2020_GLOBE_R2023A_4326_3ss_V1_0.tif [1/1] : 0...10...20...30...40...50...60...70...80...90...100 - done.
Creating output file that is 12000P x 12000L.
Processing /spatial_data/Original_Datasets/GHSL/uncompressed/builtup/R2023A/GHS_BUILT_S_E2020_GLOBE_R2023A_4326_3ss_V1_0.tif [1/1] : 0...10...20...30...40...50...60...70...80...90...100 - done.
ERROR 1: Output dataset /spatial_data/Derived_Datasets/RASTER/GHSL/R2023A/builtup_new/tiles_2020/builtup_tile_74.tif exists,
but some command line options were provided indicating a new dataset
should be created.  Please delete existing dataset and run again.

Creating output file that is 12000P x 12000L.
Processing /spatial_data/Original_Datasets/GHSL/uncompressed/builtup/R2023A/GHS_BUILT_S_E2020_GLOBE_R2023A_4326_3ss_V1_0.tif [1/1] : 0...10...20...30...40...50...60...70...80...90...100 - done.
Creating output file that is 12000P x 12000L.
Processing /spatial_data/Original_Datasets/GHSL/uncompressed/builtup/R2023A/GHS_BUILT_S_E2020_GLOBE_R2023A_4326_3ss_V1_0.tif [1/1] : 0...10...20...30...40...50...60...70...80...90...100 - done.
ERROR 1: Output dataset /spatial_data/Derived_Datasets/RASTER/GHSL/R2023A/builtup_new/tiles_2020/builtup_tile_76.tif exists,
but some command line options were provided indicating a new dataset
should be created.  Please delete existing dataset and run again.

Creating output file that is 12000P x 12000L.
Processing /spatial_data/Original_Datasets/GHSL/uncompressed/builtup/R2023A/GHS_BUILT_S_E2020_GLOBE_R2023A_4326_3ss_V1_0.tif [1/1] : 0...10...20...30...40...50...60...70...80...90...100 - done.
Creating output file that is 12000P x 12000L.
Processing /spatial_data/Original_Datasets/GHSL/uncompressed/builtup/R2023A/GHS_BUILT_S_E2020_GLOBE_R2023A_4326_3ss_V1_0.tif [1/1] : 0...10...20...30...40...50...60...70...80...90...100 - done.
ERROR 1: Output dataset /spatial_data/Derived_Datasets/RASTER/GHSL/R2023A/builtup_new/tiles_2020/builtup_tile_77.tif exists,
but some command line options were provided indicating a new dataset
should be created.  Please delete existing dataset and run again.

Creating output file that is 12000P x 12000L.
Processing /spatial_data/Original_Datasets/GHSL/uncompressed/builtup/R2023A/GHS_BUILT_S_E2020_GLOBE_R2023A_4326_3ss_V1_0.tif [1/1] : 0...10...20...30...40...50...60...70...80...90...100 - done.
Creating output file that is 12000P x 12000L.
Processing /spatial_data/Original_Datasets/GHSL/uncompressed/builtup/R2023A/GHS_BUILT_S_E2020_GLOBE_R2023A_4326_3ss_V1_0.tif [1/1] : 0...10...20...30...40...50...60...70...80...90...100 - done.
ERROR 1: Output dataset /spatial_data/Derived_Datasets/RASTER/GHSL/R2023A/builtup_new/tiles_2020/builtup_tile_79.tif exists,
but some command line options were provided indicating a new dataset
should be created.  Please delete existing dataset and run again.

Creating output file that is 12000P x 12000L.
Processing /spatial_data/Original_Datasets/GHSL/uncompressed/builtup/R2023A/GHS_BUILT_S_E2020_GLOBE_R2023A_4326_3ss_V1_0.tif [1/1] : 0...10...20...30...40...50...60...70...80...90...100 - done.
Creating output file that is 12000P x 12000L.
Processing /spatial_data/Original_Datasets/GHSL/uncompressed/builtup/R2023A/GHS_BUILT_S_E2020_GLOBE_R2023A_4326_3ss_V1_0.tif [1/1] : 0...10...20...30...40...50...60...70...80...90...100 - done.
ERROR 1: Output dataset /spatial_data/Derived_Datasets/RASTER/GHSL/R2023A/builtup_new/tiles_2020/builtup_tile_80.tif exists,
but some command line options were provided indicating a new dataset
should be created.  Please delete existing dataset and run again.

Creating output file that is 12000P x 12000L.
Processing /spatial_data/Original_Datasets/GHSL/uncompressed/builtup/R2023A/GHS_BUILT_S_E2020_GLOBE_R2023A_4326_3ss_V1_0.tif [1/1] : 0...10...20...30...40...50...60...70...80...90...100 - done.
Creating output file that is 12000P x 12000L.
Processing /spatial_data/Original_Datasets/GHSL/uncompressed/builtup/R2023A/GHS_BUILT_S_E2020_GLOBE_R2023A_4326_3ss_V1_0.tif [1/1] : 0...10...20...30...40...50...60...70...80...90...100 - done.
ERROR 1: Output dataset /spatial_data/Derived_Datasets/RASTER/GHSL/R2023A/builtup_new/tiles_2020/builtup_tile_82.tif exists,
but some command line options were provided indicating a new dataset
should be created.  Please delete existing dataset and run again.

Creating output file that is 12000P x 12000L.
Processing /spatial_data/Original_Datasets/GHSL/uncompressed/builtup/R2023A/GHS_BUILT_S_E2020_GLOBE_R2023A_4326_3ss_V1_0.tif [1/1] : 0...10...20...30...40...50...60...70...80...90...100 - done.
ERROR 1: Output dataset /spatial_data/Derived_Datasets/RASTER/GHSL/R2023A/builtup_new/tiles_2020/builtup_tile_83.tif exists,
but some command line options were provided indicating a new dataset
should be created.  Please delete existing dataset and run again.

Creating output file that is 12000P x 12000L.
Processing /spatial_data/Original_Datasets/GHSL/uncompressed/builtup/R2023A/GHS_BUILT_S_E2020_GLOBE_R2023A_4326_3ss_V1_0.tif [1/1] : 0...10...20...30...40...50...60...70...80...90...100 - done.
Creating output file that is 12000P x 12000L.
Processing /spatial_data/Original_Datasets/GHSL/uncompressed/builtup/R2023A/GHS_BUILT_S_E2020_GLOBE_R2023A_4326_3ss_V1_0.tif [1/1] : 0...10...20...30...40...50...60...70...80...90...100 - done.
Creating output file that is 12000P x 12000L.
Processing /spatial_data/Original_Datasets/GHSL/uncompressed/builtup/R2023A/GHS_BUILT_S_E2020_GLOBE_R2023A_4326_3ss_V1_0.tif [1/1] : 0...10...20...30...40...50...60...70...80...90...100 - done.
ERROR 1: Output dataset /spatial_data/Derived_Datasets/RASTER/GHSL/R2023A/builtup_new/tiles_2020/builtup_tile_85.tif exists,
but some command line options were provided indicating a new dataset
should be created.  Please delete existing dataset and run again.

Creating output file that is 12000P x 12000L.
Processing /spatial_data/Original_Datasets/GHSL/uncompressed/builtup/R2023A/GHS_BUILT_S_E2020_GLOBE_R2023A_4326_3ss_V1_0.tif [1/1] : 0...10...20...30...40...50...60...70...80...90...100 - done.
Creating output file that is 12000P x 12000L.
Processing /spatial_data/Original_Datasets/GHSL/uncompressed/builtup/R2023A/GHS_BUILT_S_E2020_GLOBE_R2023A_4326_3ss_V1_0.tif [1/1] : 0...10...20...30...40...50...60...70...80...90...100 - done.
ERROR 1: Output dataset /spatial_data/Derived_Datasets/RASTER/GHSL/R2023A/builtup_new/tiles_2020/builtup_tile_86.tif exists,
but some command line options were provided indicating a new dataset
should be created.  Please delete existing dataset and run again.

Creating output file that is 12000P x 12000L.
Processing /spatial_data/Original_Datasets/GHSL/uncompressed/builtup/R2023A/GHS_BUILT_S_E2020_GLOBE_R2023A_4326_3ss_V1_0.tif [1/1] : 0...10...20...30...40...50...60...70...80...90...100 - done.
Creating output file that is 12000P x 12000L.
Processing /spatial_data/Original_Datasets/GHSL/uncompressed/builtup/R2023A/GHS_BUILT_S_E2020_GLOBE_R2023A_4326_3ss_V1_0.tif [1/1] : 0...10...20...30...40...50...60...70...80...90...100 - done.
ERROR 1: Output dataset /spatial_data/Derived_Datasets/RASTER/GHSL/R2023A/builtup_new/tiles_2020/builtup_tile_88.tif exists,
but some command line options were provided indicating a new dataset
should be created.  Please delete existing dataset and run again.

Creating output file that is 12000P x 12000L.
Processing /spatial_data/Original_Datasets/GHSL/uncompressed/builtup/R2023A/GHS_BUILT_S_E2020_GLOBE_R2023A_4326_3ss_V1_0.tif [1/1] : 0...10...20...30...40...50...60...70...80...90...100 - done.
Creating output file that is 12000P x 12000L.
Processing /spatial_data/Original_Datasets/GHSL/uncompressed/builtup/R2023A/GHS_BUILT_S_E2020_GLOBE_R2023A_4326_3ss_V1_0.tif [1/1] : 0...10...20...30...40...50...60...70...80...90...100 - done.
ERROR 1: Output dataset /spatial_data/Derived_Datasets/RASTER/GHSL/R2023A/builtup_new/tiles_2020/builtup_tile_89.tif exists,
but some command line options were provided indicating a new dataset
should be created.  Please delete existing dataset and run again.

Creating output file that is 12000P x 12000L.
Processing /spatial_data/Original_Datasets/GHSL/uncompressed/builtup/R2023A/GHS_BUILT_S_E2020_GLOBE_R2023A_4326_3ss_V1_0.tif [1/1] : 0...10...20...30...40...50...60...70...80...90...100 - done.
Creating output file that is 12000P x 12000L.
Processing /spatial_data/Original_Datasets/GHSL/uncompressed/builtup/R2023A/GHS_BUILT_S_E2020_GLOBE_R2023A_4326_3ss_V1_0.tif [1/1] : 0...10...20...30...40...50...60...70...80...90...100 - done.
ERROR 1: Output dataset /spatial_data/Derived_Datasets/RASTER/GHSL/R2023A/builtup_new/tiles_2020/builtup_tile_91.tif exists,
but some command line options were provided indicating a new dataset
should be created.  Please delete existing dataset and run again.

Creating output file that is 12000P x 12000L.
Processing /spatial_data/Original_Datasets/GHSL/uncompressed/builtup/R2023A/GHS_BUILT_S_E2020_GLOBE_R2023A_4326_3ss_V1_0.tif [1/1] : 0...10...20...30...40...50...60...70...80...90...100 - done.
Creating output file that is 12000P x 12000L.
Processing /spatial_data/Original_Datasets/GHSL/uncompressed/builtup/R2023A/GHS_BUILT_S_E2020_GLOBE_R2023A_4326_3ss_V1_0.tif [1/1] : 0...10...20...30...40...50...60...70...80...90...100 - done.
ERROR 1: Output dataset /spatial_data/Derived_Datasets/RASTER/GHSL/R2023A/builtup_new/tiles_2020/builtup_tile_92.tif exists,
but some command line options were provided indicating a new dataset
should be created.  Please delete existing dataset and run again.

Creating output file that is 12000P x 12000L.
Processing /spatial_data/Original_Datasets/GHSL/uncompressed/builtup/R2023A/GHS_BUILT_S_E2020_GLOBE_R2023A_4326_3ss_V1_0.tif [1/1] : 0...10...20...30...40...50...60...70...80...90...100 - done.
Creating output file that is 12000P x 12000L.
Processing /spatial_data/Original_Datasets/GHSL/uncompressed/builtup/R2023A/GHS_BUILT_S_E2020_GLOBE_R2023A_4326_3ss_V1_0.tif [1/1] : 0...10...20...30...40...50...60...70...80...90...100 - done.
ERROR 1: Output dataset /spatial_data/Derived_Datasets/RASTER/GHSL/R2023A/builtup_new/tiles_2020/builtup_tile_94.tif exists,
but some command line options were provided indicating a new dataset
should be created.  Please delete existing dataset and run again.

Creating output file that is 12000P x 12000L.
Processing /spatial_data/Original_Datasets/GHSL/uncompressed/builtup/R2023A/GHS_BUILT_S_E2020_GLOBE_R2023A_4326_3ss_V1_0.tif [1/1] : 0...10...20...30...40...50...60...70...80...90...100 - done.
Creating output file that is 12000P x 12000L.
Processing /spatial_data/Original_Datasets/GHSL/uncompressed/builtup/R2023A/GHS_BUILT_S_E2020_GLOBE_R2023A_4326_3ss_V1_0.tif [1/1] : 0...10...20...30...40...50...60...70...80...90...100 - done.
ERROR 1: Output dataset /spatial_data/Derived_Datasets/RASTER/GHSL/R2023A/builtup_new/tiles_2020/builtup_tile_95.tif exists,
but some command line options were provided indicating a new dataset
should be created.  Please delete existing dataset and run again.

Creating output file that is 12000P x 12000L.
Processing /spatial_data/Original_Datasets/GHSL/uncompressed/builtup/R2023A/GHS_BUILT_S_E2020_GLOBE_R2023A_4326_3ss_V1_0.tif [1/1] : 0...10...20...30...40...50...60...70...80...90...100 - done.
Creating output file that is 12000P x 12000L.
Processing /spatial_data/Original_Datasets/GHSL/uncompressed/builtup/R2023A/GHS_BUILT_S_E2020_GLOBE_R2023A_4326_3ss_V1_0.tif [1/1] : 0...10...20...30...40...50...60...70...80...90...100 - done.
ERROR 1: Output dataset /spatial_data/Derived_Datasets/RASTER/GHSL/R2023A/builtup_new/tiles_2020/builtup_tile_97.tif exists,
but some command line options were provided indicating a new dataset
should be created.  Please delete existing dataset and run again.

Creating output file that is 12000P x 12000L.
Processing /spatial_data/Original_Datasets/GHSL/uncompressed/builtup/R2023A/GHS_BUILT_S_E2020_GLOBE_R2023A_4326_3ss_V1_0.tif [1/1] : 0...10...20...30...40...50...60...70...80...90...100 - done.
ERROR 1: Output dataset /spatial_data/Derived_Datasets/RASTER/GHSL/R2023A/builtup_new/tiles_2020/builtup_tile_98.tif exists,
but some command line options were provided indicating a new dataset
should be created.  Please delete existing dataset and run again.

Creating output file that is 12000P x 12000L.
Processing /spatial_data/Original_Datasets/GHSL/uncompressed/builtup/R2023A/GHS_BUILT_S_E2020_GLOBE_R2023A_4326_3ss_V1_0.tif [1/1] : 0...10...20...30...40...50...60...70...80...90...100 - done.
Creating output file that is 12000P x 12000L.
Processing /spatial_data/Original_Datasets/GHSL/uncompressed/builtup/R2023A/GHS_BUILT_S_E2020_GLOBE_R2023A_4326_3ss_V1_0.tif [1/1] : 0...10...20...30...40...50...60...70...80...90...100 - done.
Creating output file that is 12000P x 12000L.
Processing /spatial_data/Original_Datasets/GHSL/uncompressed/builtup/R2023A/GHS_BUILT_S_E2020_GLOBE_R2023A_4326_3ss_V1_0.tif [1/1] : 0...10...20...30...40...50...60...70...80...90...100 - done.
ERROR 1: Output dataset /spatial_data/Derived_Datasets/RASTER/GHSL/R2023A/builtup_new/tiles_2020/builtup_tile_100.tif exists,
but some command line options were provided indicating a new dataset
should be created.  Please delete existing dataset and run again.

Creating output file that is 12000P x 12000L.
Processing /spatial_data/Original_Datasets/GHSL/uncompressed/builtup/R2023A/GHS_BUILT_S_E2020_GLOBE_R2023A_4326_3ss_V1_0.tif [1/1] : 0...10...20...30...40...50...60...70...80...90...100 - done.
Creating output file that is 12000P x 12000L.
Processing /spatial_data/Original_Datasets/GHSL/uncompressed/builtup/R2023A/GHS_BUILT_S_E2020_GLOBE_R2023A_4326_3ss_V1_0.tif [1/1] : 0...10...20...30...40...50...60...70...80...90...100 - done.
ERROR 1: Output dataset /spatial_data/Derived_Datasets/RASTER/GHSL/R2023A/builtup_new/tiles_2020/builtup_tile_101.tif exists,
but some command line options were provided indicating a new dataset
should be created.  Please delete existing dataset and run again.

Creating output file that is 12000P x 12000L.
Processing /spatial_data/Original_Datasets/GHSL/uncompressed/builtup/R2023A/GHS_BUILT_S_E2020_GLOBE_R2023A_4326_3ss_V1_0.tif [1/1] : 0...10...20...30...40...50...60...70...80...90...100 - done.
Creating output file that is 12000P x 12000L.
Processing /spatial_data/Original_Datasets/GHSL/uncompressed/builtup/R2023A/GHS_BUILT_S_E2020_GLOBE_R2023A_4326_3ss_V1_0.tif [1/1] : 0...10...20...30...40...50...60...70...80...90...100 - done.
ERROR 1: Output dataset /spatial_data/Derived_Datasets/RASTER/GHSL/R2023A/builtup_new/tiles_2020/builtup_tile_103.tif exists,
but some command line options were provided indicating a new dataset
should be created.  Please delete existing dataset and run again.

Creating output file that is 12000P x 12000L.
Processing /spatial_data/Original_Datasets/GHSL/uncompressed/builtup/R2023A/GHS_BUILT_S_E2020_GLOBE_R2023A_4326_3ss_V1_0.tif [1/1] : 0...10...20...30...40...50...60...70...80...90...100 - done.
Creating output file that is 12000P x 12000L.
Processing /spatial_data/Original_Datasets/GHSL/uncompressed/builtup/R2023A/GHS_BUILT_S_E2020_GLOBE_R2023A_4326_3ss_V1_0.tif [1/1] : 0...10...20...30...40...50...60...70...80...90...100 - done.
ERROR 1: Output dataset /spatial_data/Derived_Datasets/RASTER/GHSL/R2023A/builtup_new/tiles_2020/builtup_tile_104.tif exists,
but some command line options were provided indicating a new dataset
should be created.  Please delete existing dataset and run again.

Creating output file that is 12000P x 12000L.
Processing /spatial_data/Original_Datasets/GHSL/uncompressed/builtup/R2023A/GHS_BUILT_S_E2020_GLOBE_R2023A_4326_3ss_V1_0.tif [1/1] : 0...10...20...30...40...50...60...70...80...90...100 - done.
Creating output file that is 12000P x 12000L.
Processing /spatial_data/Original_Datasets/GHSL/uncompressed/builtup/R2023A/GHS_BUILT_S_E2020_GLOBE_R2023A_4326_3ss_V1_0.tif [1/1] : 0...10...20...30...40...50...60...70...80...90...100 - done.
ERROR 1: Output dataset /spatial_data/Derived_Datasets/RASTER/GHSL/R2023A/builtup_new/tiles_2020/builtup_tile_159.tif exists,
but some command line options were provided indicating a new dataset
should be created.  Please delete existing dataset and run again.

Creating output file that is 12000P x 12000L.
Processing /spatial_data/Original_Datasets/GHSL/uncompressed/builtup/R2023A/GHS_BUILT_S_E2020_GLOBE_R2023A_4326_3ss_V1_0.tif [1/1] : 0...10...20...30...40...50...60...70...80...90...100 - done.
Creating output file that is 12000P x 12000L.
Processing /spatial_data/Original_Datasets/GHSL/uncompressed/builtup/R2023A/GHS_BUILT_S_E2020_GLOBE_R2023A_4326_3ss_V1_0.tif [1/1] : 0...10...20...30...40...50...60...70...80...90...100 - done.
ERROR 1: Output dataset /spatial_data/Derived_Datasets/RASTER/GHSL/R2023A/builtup_new/tiles_2020/builtup_tile_160.tif exists,
but some command line options were provided indicating a new dataset
should be created.  Please delete existing dataset and run again.

Creating output file that is 12000P x 12000L.
Processing /spatial_data/Original_Datasets/GHSL/uncompressed/builtup/R2023A/GHS_BUILT_S_E2020_GLOBE_R2023A_4326_3ss_V1_0.tif [1/1] : 0...10...20...30...40...50...60...70...80...90...100 - done.
Creating output file that is 12000P x 12000L.
Processing /spatial_data/Original_Datasets/GHSL/uncompressed/builtup/R2023A/GHS_BUILT_S_E2020_GLOBE_R2023A_4326_3ss_V1_0.tif [1/1] : 0...10...20...30...40...50...60...70...80...90...100 - done.
ERROR 1: Output dataset /spatial_data/Derived_Datasets/RASTER/GHSL/R2023A/builtup_new/tiles_2020/builtup_tile_162.tif exists,
but some command line options were provided indicating a new dataset
should be created.  Please delete existing dataset and run again.

Creating output file that is 12000P x 12000L.
Processing /spatial_data/Original_Datasets/GHSL/uncompressed/builtup/R2023A/GHS_BUILT_S_E2020_GLOBE_R2023A_4326_3ss_V1_0.tif [1/1] : 0...10...20...30...40...50...60...70...80...90...100 - done.
ERROR 1: Output dataset /spatial_data/Derived_Datasets/RASTER/GHSL/R2023A/builtup_new/tiles_2020/builtup_tile_163.tif exists,
but some command line options were provided indicating a new dataset
should be created.  Please delete existing dataset and run again.

Creating output file that is 12000P x 12000L.
Processing /spatial_data/Original_Datasets/GHSL/uncompressed/builtup/R2023A/GHS_BUILT_S_E2020_GLOBE_R2023A_4326_3ss_V1_0.tif [1/1] : 0...10...20...30...40...50...60...70...80...90...100 - done.
Creating output file that is 12000P x 12000L.
Processing /spatial_data/Original_Datasets/GHSL/uncompressed/builtup/R2023A/GHS_BUILT_S_E2020_GLOBE_R2023A_4326_3ss_V1_0.tif [1/1] : 0...10...20...30...40...50...60...70...80...90...100 - done.
Creating output file that is 12000P x 12000L.
Processing /spatial_data/Original_Datasets/GHSL/uncompressed/builtup/R2023A/GHS_BUILT_S_E2020_GLOBE_R2023A_4326_3ss_V1_0.tif [1/1] : 0...10...20...30...40...50...60...70...80...90...100 - done.
ERROR 1: Output dataset /spatial_data/Derived_Datasets/RASTER/GHSL/R2023A/builtup_new/tiles_2020/builtup_tile_165.tif exists,
but some command line options were provided indicating a new dataset
should be created.  Please delete existing dataset and run again.

Creating output file that is 12000P x 12000L.
Processing /spatial_data/Original_Datasets/GHSL/uncompressed/builtup/R2023A/GHS_BUILT_S_E2020_GLOBE_R2023A_4326_3ss_V1_0.tif [1/1] : 0...10...20...30...40...50...60...70...80...90...100 - done.
Creating output file that is 12000P x 12000L.
Processing /spatial_data/Original_Datasets/GHSL/uncompressed/builtup/R2023A/GHS_BUILT_S_E2020_GLOBE_R2023A_4326_3ss_V1_0.tif [1/1] : 0...10...20...30...40...50...60...70...80...90...100 - done.
ERROR 1: Output dataset /spatial_data/Derived_Datasets/RASTER/GHSL/R2023A/builtup_new/tiles_2020/builtup_tile_166.tif exists,
but some command line options were provided indicating a new dataset
should be created.  Please delete existing dataset and run again.

Creating output file that is 12000P x 12000L.
Processing /spatial_data/Original_Datasets/GHSL/uncompressed/builtup/R2023A/GHS_BUILT_S_E2020_GLOBE_R2023A_4326_3ss_V1_0.tif [1/1] : 0...10...20...30...40...50...60...70...80...90...100 - done.
Creating output file that is 12000P x 12000L.
Processing /spatial_data/Original_Datasets/GHSL/uncompressed/builtup/R2023A/GHS_BUILT_S_E2020_GLOBE_R2023A_4326_3ss_V1_0.tif [1/1] : 0...10...20...30...40...50...60...70...80...90...100 - done.
ERROR 1: Output dataset /spatial_data/Derived_Datasets/RASTER/GHSL/R2023A/builtup_new/tiles_2020/builtup_tile_168.tif exists,
but some command line options were provided indicating a new dataset
should be created.  Please delete existing dataset and run again.

Creating output file that is 12000P x 12000L.
Processing /spatial_data/Original_Datasets/GHSL/uncompressed/builtup/R2023A/GHS_BUILT_S_E2020_GLOBE_R2023A_4326_3ss_V1_0.tif [1/1] : 0...10...20...30...40...50...60...70...80...90...100 - done.
ERROR 1: Output dataset /spatial_data/Derived_Datasets/RASTER/GHSL/R2023A/builtup_new/tiles_2020/builtup_tile_169.tif exists,
but some command line options were provided indicating a new dataset
should be created.  Please delete existing dataset and run again.

Creating output file that is 12000P x 12000L.
Processing /spatial_data/Original_Datasets/GHSL/uncompressed/builtup/R2023A/GHS_BUILT_S_E2020_GLOBE_R2023A_4326_3ss_V1_0.tif [1/1] : 0...10...20...30...40...50...60...70...80...90...100 - done.
Creating output file that is 12000P x 12000L.
Processing /spatial_data/Original_Datasets/GHSL/uncompressed/builtup/R2023A/GHS_BUILT_S_E2020_GLOBE_R2023A_4326_3ss_V1_0.tif [1/1] : 0...10...20...30...40...50...60...70...80...90...100 - done.
Creating output file that is 12000P x 12000L.
Processing /spatial_data/Original_Datasets/GHSL/uncompressed/builtup/R2023A/GHS_BUILT_S_E2020_GLOBE_R2023A_4326_3ss_V1_0.tif [1/1] : 0...10...20...30...40...50...60...70...80...90...100 - done.
ERROR 1: Output dataset /spatial_data/Derived_Datasets/RASTER/GHSL/R2023A/builtup_new/tiles_2020/builtup_tile_171.tif exists,
but some command line options were provided indicating a new dataset
should be created.  Please delete existing dataset and run again.

Creating output file that is 12000P x 12000L.
Processing /spatial_data/Original_Datasets/GHSL/uncompressed/builtup/R2023A/GHS_BUILT_S_E2020_GLOBE_R2023A_4326_3ss_V1_0.tif [1/1] : 0...10...20...30...40...50...60...70...80...90...100 - done.
Creating output file that is 12000P x 12000L.
Processing /spatial_data/Original_Datasets/GHSL/uncompressed/builtup/R2023A/GHS_BUILT_S_E2020_GLOBE_R2023A_4326_3ss_V1_0.tif [1/1] : 0...10...20...30...40...50...60...70...80...90...100 - done.
ERROR 1: Output dataset /spatial_data/Derived_Datasets/RASTER/GHSL/R2023A/builtup_new/tiles_2020/builtup_tile_172.tif exists,
but some command line options were provided indicating a new dataset
should be created.  Please delete existing dataset and run again.

Creating output file that is 12000P x 12000L.
Processing /spatial_data/Original_Datasets/GHSL/uncompressed/builtup/R2023A/GHS_BUILT_S_E2020_GLOBE_R2023A_4326_3ss_V1_0.tif [1/1] : 0...10...20...30...40...50...60...70...80...90...100 - done.
Creating output file that is 12000P x 12000L.
Processing /spatial_data/Original_Datasets/GHSL/uncompressed/builtup/R2023A/GHS_BUILT_S_E2020_GLOBE_R2023A_4326_3ss_V1_0.tif [1/1] : 0...10...20...30...40...50...60...70...80...90...100 - done.
ERROR 1: Output dataset /spatial_data/Derived_Datasets/RASTER/GHSL/R2023A/builtup_new/tiles_2020/builtup_tile_174.tif exists,
but some command line options were provided indicating a new dataset
should be created.  Please delete existing dataset and run again.

Creating output file that is 12000P x 12000L.
Processing /spatial_data/Original_Datasets/GHSL/uncompressed/builtup/R2023A/GHS_BUILT_S_E2020_GLOBE_R2023A_4326_3ss_V1_0.tif [1/1] : 0...10...20...30...40...50...60...70...80...90...100 - done.
Creating output file that is 12000P x 12000L.
Processing /spatial_data/Original_Datasets/GHSL/uncompressed/builtup/R2023A/GHS_BUILT_S_E2020_GLOBE_R2023A_4326_3ss_V1_0.tif [1/1] : 0...10...20...30...40...50...60...70...80...90...100 - done.
ERROR 1: Output dataset /spatial_data/Derived_Datasets/RASTER/GHSL/R2023A/builtup_new/tiles_2020/builtup_tile_175.tif exists,
but some command line options were provided indicating a new dataset
should be created.  Please delete existing dataset and run again.

Creating output file that is 12000P x 12000L.
Processing /spatial_data/Original_Datasets/GHSL/uncompressed/builtup/R2023A/GHS_BUILT_S_E2020_GLOBE_R2023A_4326_3ss_V1_0.tif [1/1] : 0...10...20...30...40...50...60...70...80...90...100 - done.
Creating output file that is 12000P x 12000L.
Processing /spatial_data/Original_Datasets/GHSL/uncompressed/builtup/R2023A/GHS_BUILT_S_E2020_GLOBE_R2023A_4326_3ss_V1_0.tif [1/1] : 0...10...20...30...40...50...60...70...80...90...100 - done.
ERROR 1: Output dataset /spatial_data/Derived_Datasets/RASTER/GHSL/R2023A/builtup_new/tiles_2020/builtup_tile_177.tif exists,
but some command line options were provided indicating a new dataset
should be created.  Please delete existing dataset and run again.

Creating output file that is 12000P x 12000L.
Processing /spatial_data/Original_Datasets/GHSL/uncompressed/builtup/R2023A/GHS_BUILT_S_E2020_GLOBE_R2023A_4326_3ss_V1_0.tif [1/1] : 0...10...20...30...40...50...60...70...80...90...100 - done.
ERROR 1: Output dataset /spatial_data/Derived_Datasets/RASTER/GHSL/R2023A/builtup_new/tiles_2020/builtup_tile_178.tif exists,
but some command line options were provided indicating a new dataset
should be created.  Please delete existing dataset and run again.

Creating output file that is 12000P x 12000L.
Processing /spatial_data/Original_Datasets/GHSL/uncompressed/builtup/R2023A/GHS_BUILT_S_E2020_GLOBE_R2023A_4326_3ss_V1_0.tif [1/1] : 0...10...20...30...40...50...60...70...80...90...100 - done.
Creating output file that is 12000P x 12000L.
Processing /spatial_data/Original_Datasets/GHSL/uncompressed/builtup/R2023A/GHS_BUILT_S_E2020_GLOBE_R2023A_4326_3ss_V1_0.tif [1/1] : 0...10...20...30...40...50...60...70...80...90...100 - done.
Creating output file that is 12000P x 12000L.
Processing /spatial_data/Original_Datasets/GHSL/uncompressed/builtup/R2023A/GHS_BUILT_S_E2020_GLOBE_R2023A_4326_3ss_V1_0.tif [1/1] : 0...10...20...30...40...50...60...70...80...90...100 - done.
ERROR 1: Output dataset /spatial_data/Derived_Datasets/RASTER/GHSL/R2023A/builtup_new/tiles_2020/builtup_tile_180.tif exists,
but some command line options were provided indicating a new dataset
should be created.  Please delete existing dataset and run again.

Creating output file that is 12000P x 12000L.
Processing /spatial_data/Original_Datasets/GHSL/uncompressed/builtup/R2023A/GHS_BUILT_S_E2020_GLOBE_R2023A_4326_3ss_V1_0.tif [1/1] : 0...10...20...30...40...50...60...70...80...90...100 - done.
Creating output file that is 12000P x 12000L.
Processing /spatial_data/Original_Datasets/GHSL/uncompressed/builtup/R2023A/GHS_BUILT_S_E2020_GLOBE_R2023A_4326_3ss_V1_0.tif [1/1] : 0...10...20...30...40...50...60...70...80...90...100 - done.
ERROR 1: Output dataset /spatial_data/Derived_Datasets/RASTER/GHSL/R2023A/builtup_new/tiles_2020/builtup_tile_181.tif exists,
but some command line options were provided indicating a new dataset
should be created.  Please delete existing dataset and run again.

Creating output file that is 12000P x 12000L.
Processing /spatial_data/Original_Datasets/GHSL/uncompressed/builtup/R2023A/GHS_BUILT_S_E2020_GLOBE_R2023A_4326_3ss_V1_0.tif [1/1] : 0...10...20...30...40...50...60...70...80...90...100 - done.
Creating output file that is 12000P x 12000L.
Processing /spatial_data/Original_Datasets/GHSL/uncompressed/builtup/R2023A/GHS_BUILT_S_E2020_GLOBE_R2023A_4326_3ss_V1_0.tif [1/1] : 0...10...20...30...40...50...60...70...80...90...100 - done.
ERROR 1: Output dataset /spatial_data/Derived_Datasets/RASTER/GHSL/R2023A/builtup_new/tiles_2020/builtup_tile_183.tif exists,
but some command line options were provided indicating a new dataset
should be created.  Please delete existing dataset and run again.

Creating output file that is 12000P x 12000L.
Processing /spatial_data/Original_Datasets/GHSL/uncompressed/builtup/R2023A/GHS_BUILT_S_E2020_GLOBE_R2023A_4326_3ss_V1_0.tif [1/1] : 0...10...20...30...40...50...60...70...80...90...100 - done.
Creating output file that is 12000P x 12000L.
Processing /spatial_data/Original_Datasets/GHSL/uncompressed/builtup/R2023A/GHS_BUILT_S_E2020_GLOBE_R2023A_4326_3ss_V1_0.tif [1/1] : 0...10...20...30...40...50...60...70...80...90...100 - done.
Creating output file that is 12000P x 12000L.
Processing /spatial_data/Original_Datasets/GHSL/uncompressed/builtup/R2023A/GHS_BUILT_S_E2020_GLOBE_R2023A_4326_3ss_V1_0.tif [1/1] : 0...10...20...30...40...50...60...70...80...90...100 - done.
ERROR 1: Output dataset /spatial_data/Derived_Datasets/RASTER/GHSL/R2023A/builtup_new/tiles_2020/builtup_tile_184.tif exists,
but some command line options were provided indicating a new dataset
should be created.  Please delete existing dataset and run again.

Creating output file that is 12000P x 12000L.
Processing /spatial_data/Original_Datasets/GHSL/uncompressed/builtup/R2023A/GHS_BUILT_S_E2020_GLOBE_R2023A_4326_3ss_V1_0.tif [1/1] : 0...10...20...30...40...50...60...70...80...90...100 - done.
ERROR 1: Output dataset /spatial_data/Derived_Datasets/RASTER/GHSL/R2023A/builtup_new/tiles_2020/builtup_tile_186.tif exists,
but some command line options were provided indicating a new dataset
should be created.  Please delete existing dataset and run again.

Creating output file that is 12000P x 12000L.
Processing /spatial_data/Original_Datasets/GHSL/uncompressed/builtup/R2023A/GHS_BUILT_S_E2020_GLOBE_R2023A_4326_3ss_V1_0.tif [1/1] : 0...10...20...30...40...50...60...70...80...90...100 - done.
Creating output file that is 12000P x 12000L.
Processing /spatial_data/Original_Datasets/GHSL/uncompressed/builtup/R2023A/GHS_BUILT_S_E2020_GLOBE_R2023A_4326_3ss_V1_0.tif [1/1] : 0...10...20...30...40...50...60...70...80...90...100 - done.
ERROR 1: Output dataset /spatial_data/Derived_Datasets/RASTER/GHSL/R2023A/builtup_new/tiles_2020/builtup_tile_187.tif exists,
but some command line options were provided indicating a new dataset
should be created.  Please delete existing dataset and run again.

Creating output file that is 12000P x 12000L.
Processing /spatial_data/Original_Datasets/GHSL/uncompressed/builtup/R2023A/GHS_BUILT_S_E2020_GLOBE_R2023A_4326_3ss_V1_0.tif [1/1] : 0...10...20...30...40...50...60...70...80...90...100 - done.
Creating output file that is 12000P x 12000L.
Processing /spatial_data/Original_Datasets/GHSL/uncompressed/builtup/R2023A/GHS_BUILT_S_E2020_GLOBE_R2023A_4326_3ss_V1_0.tif [1/1] : 0...10...20...30...40...50...60...70...80...90...100 - done.
ERROR 1: Output dataset /spatial_data/Derived_Datasets/RASTER/GHSL/R2023A/builtup_new/tiles_2020/builtup_tile_189.tif exists,
but some command line options were provided indicating a new dataset
should be created.  Please delete existing dataset and run again.

Creating output file that is 12000P x 12000L.
Processing /spatial_data/Original_Datasets/GHSL/uncompressed/builtup/R2023A/GHS_BUILT_S_E2020_GLOBE_R2023A_4326_3ss_V1_0.tif [1/1] : 0...10...20...30...40...50...60...70...80...90...100 - done.
ERROR 1: Output dataset /spatial_data/Derived_Datasets/RASTER/GHSL/R2023A/builtup_new/tiles_2020/builtup_tile_190.tif exists,
but some command line options were provided indicating a new dataset
should be created.  Please delete existing dataset and run again.

Creating output file that is 12000P x 12000L.
Processing /spatial_data/Original_Datasets/GHSL/uncompressed/builtup/R2023A/GHS_BUILT_S_E2020_GLOBE_R2023A_4326_3ss_V1_0.tif [1/1] : 0...10...20...30...40...50...60...70...80...90...100 - done.
Creating output file that is 12000P x 12000L.
Processing /spatial_data/Original_Datasets/GHSL/uncompressed/builtup/R2023A/GHS_BUILT_S_E2020_GLOBE_R2023A_4326_3ss_V1_0.tif [1/1] : 0...10...20...30...40...50...60...70...80...90...100 - done.
Creating output file that is 12000P x 12000L.
Processing /spatial_data/Original_Datasets/GHSL/uncompressed/builtup/R2023A/GHS_BUILT_S_E2020_GLOBE_R2023A_4326_3ss_V1_0.tif [1/1] : 0...10...20...30...40...50...60...70...80...90...100 - done.
ERROR 1: Output dataset /spatial_data/Derived_Datasets/RASTER/GHSL/R2023A/builtup_new/tiles_2020/builtup_tile_192.tif exists,
but some command line options were provided indicating a new dataset
should be created.  Please delete existing dataset and run again.

Creating output file that is 12000P x 12000L.
Processing /spatial_data/Original_Datasets/GHSL/uncompressed/builtup/R2023A/GHS_BUILT_S_E2020_GLOBE_R2023A_4326_3ss_V1_0.tif [1/1] : 0...10...20...30...40...50...60...70...80...90...100 - done.
ERROR 1: Output dataset /spatial_data/Derived_Datasets/RASTER/GHSL/R2023A/builtup_new/tiles_2020/builtup_tile_193.tif exists,
but some command line options were provided indicating a new dataset
should be created.  Please delete existing dataset and run again.

Creating output file that is 12000P x 12000L.
Processing /spatial_data/Original_Datasets/GHSL/uncompressed/builtup/R2023A/GHS_BUILT_S_E2020_GLOBE_R2023A_4326_3ss_V1_0.tif [1/1] : 0...10...20...30...40...50...60...70...80...90...100 - done.
Creating output file that is 12000P x 12000L.
Processing /spatial_data/Original_Datasets/GHSL/uncompressed/builtup/R2023A/GHS_BUILT_S_E2020_GLOBE_R2023A_4326_3ss_V1_0.tif [1/1] : 0...10...20...30...40...50...60...70...80...90...100 - done.
Creating output file that is 12000P x 12000L.
Processing /spatial_data/Original_Datasets/GHSL/uncompressed/builtup/R2023A/GHS_BUILT_S_E2020_GLOBE_R2023A_4326_3ss_V1_0.tif [1/1] : 0...10...20...30...40...50...60...70...80...90...100 - done.
ERROR 1: Output dataset /spatial_data/Derived_Datasets/RASTER/GHSL/R2023A/builtup_new/tiles_2020/builtup_tile_195.tif exists,
but some command line options were provided indicating a new dataset
should be created.  Please delete existing dataset and run again.

Creating output file that is 12000P x 12000L.
Processing /spatial_data/Original_Datasets/GHSL/uncompressed/builtup/R2023A/GHS_BUILT_S_E2020_GLOBE_R2023A_4326_3ss_V1_0.tif [1/1] : 0...10...20...30...40...50...60...70...80...90...100 - done.
Creating output file that is 12000P x 12000L.
Processing /spatial_data/Original_Datasets/GHSL/uncompressed/builtup/R2023A/GHS_BUILT_S_E2020_GLOBE_R2023A_4326_3ss_V1_0.tif [1/1] : 0...10...20...30...40...50...60...70...80...90...100 - done.
ERROR 1: Output dataset /spatial_data/Derived_Datasets/RASTER/GHSL/R2023A/builtup_new/tiles_2020/builtup_tile_196.tif exists,
but some command line options were provided indicating a new dataset
should be created.  Please delete existing dataset and run again.

Creating output file that is 12000P x 12000L.
Processing /spatial_data/Original_Datasets/GHSL/uncompressed/builtup/R2023A/GHS_BUILT_S_E2020_GLOBE_R2023A_4326_3ss_V1_0.tif [1/1] : 0...10...20...30...40...50...60...70...80...90...100 - done.
Creating output file that is 12000P x 12000L.
Processing /spatial_data/Original_Datasets/GHSL/uncompressed/builtup/R2023A/GHS_BUILT_S_E2020_GLOBE_R2023A_4326_3ss_V1_0.tif [1/1] : 0...10...20...30...40...50...60...70...80...90...100 - done.
ERROR 1: Output dataset /spatial_data/Derived_Datasets/RASTER/GHSL/R2023A/builtup_new/tiles_2020/builtup_tile_198.tif exists,
but some command line options were provided indicating a new dataset
should be created.  Please delete existing dataset and run again.

Creating output file that is 12000P x 12000L.
Processing /spatial_data/Original_Datasets/GHSL/uncompressed/builtup/R2023A/GHS_BUILT_S_E2020_GLOBE_R2023A_4326_3ss_V1_0.tif [1/1] : 0...10...20...30...40...50...60...70...80...90...100 - done.
Creating output file that is 12000P x 12000L.
Processing /spatial_data/Original_Datasets/GHSL/uncompressed/builtup/R2023A/GHS_BUILT_S_E2020_GLOBE_R2023A_4326_3ss_V1_0.tif [1/1] : 0...10...20...30...40...50...60...70...80...90...100 - done.
ERROR 1: Output dataset /spatial_data/Derived_Datasets/RASTER/GHSL/R2023A/builtup_new/tiles_2020/builtup_tile_199.tif exists,
but some command line options were provided indicating a new dataset
should be created.  Please delete existing dataset and run again.

Creating output file that is 12000P x 12000L.
Processing /spatial_data/Original_Datasets/GHSL/uncompressed/builtup/R2023A/GHS_BUILT_S_E2020_GLOBE_R2023A_4326_3ss_V1_0.tif [1/1] : 0...10...20...30...40...50...60...70...80...90...100 - done.
Creating output file that is 12000P x 12000L.
Processing /spatial_data/Original_Datasets/GHSL/uncompressed/builtup/R2023A/GHS_BUILT_S_E2020_GLOBE_R2023A_4326_3ss_V1_0.tif [1/1] : 0...10...20...30...40...50...60...70...80...90...100 - done.
ERROR 1: Output dataset /spatial_data/Derived_Datasets/RASTER/GHSL/R2023A/builtup_new/tiles_2020/builtup_tile_201.tif exists,
but some command line options were provided indicating a new dataset
should be created.  Please delete existing dataset and run again.

Creating output file that is 12000P x 12000L.
Processing /spatial_data/Original_Datasets/GHSL/uncompressed/builtup/R2023A/GHS_BUILT_S_E2020_GLOBE_R2023A_4326_3ss_V1_0.tif [1/1] : 0...10...20...30...40...50...60...70...80...90...100 - done.
Creating output file that is 12000P x 12000L.
Processing /spatial_data/Original_Datasets/GHSL/uncompressed/builtup/R2023A/GHS_BUILT_S_E2020_GLOBE_R2023A_4326_3ss_V1_0.tif [1/1] : 0...10...20...30...40...50...60...70...80...90...100 - done.
ERROR 1: Output dataset /spatial_data/Derived_Datasets/RASTER/GHSL/R2023A/builtup_new/tiles_2020/builtup_tile_202.tif exists,
but some command line options were provided indicating a new dataset
should be created.  Please delete existing dataset and run again.

Creating output file that is 12000P x 12000L.
Processing /spatial_data/Original_Datasets/GHSL/uncompressed/builtup/R2023A/GHS_BUILT_S_E2020_GLOBE_R2023A_4326_3ss_V1_0.tif [1/1] : 0...10...20...30...40...50...60...70...80...90...100 - done.
Creating output file that is 12000P x 12000L.
Processing /spatial_data/Original_Datasets/GHSL/uncompressed/builtup/R2023A/GHS_BUILT_S_E2020_GLOBE_R2023A_4326_3ss_V1_0.tif [1/1] : 0...10...20...30...40...50...60...70...80...90...100 - done.
ERROR 1: Output dataset /spatial_data/Derived_Datasets/RASTER/GHSL/R2023A/builtup_new/tiles_2020/builtup_tile_204.tif exists,
but some command line options were provided indicating a new dataset
should be created.  Please delete existing dataset and run again.

Creating output file that is 12000P x 12000L.
Processing /spatial_data/Original_Datasets/GHSL/uncompressed/builtup/R2023A/GHS_BUILT_S_E2020_GLOBE_R2023A_4326_3ss_V1_0.tif [1/1] : 0...10...20...30...40...50...60...70...80...90...100 - done.
Creating output file that is 12000P x 12000L.
Processing /spatial_data/Original_Datasets/GHSL/uncompressed/builtup/R2023A/GHS_BUILT_S_E2020_GLOBE_R2023A_4326_3ss_V1_0.tif [1/1] : 0...10...20...30...40...50...60...70...80...90...100 - done.
ERROR 1: Output dataset /spatial_data/Derived_Datasets/RASTER/GHSL/R2023A/builtup_new/tiles_2020/builtup_tile_205.tif exists,
but some command line options were provided indicating a new dataset
should be created.  Please delete existing dataset and run again.

Creating output file that is 12000P x 12000L.
Processing /spatial_data/Original_Datasets/GHSL/uncompressed/builtup/R2023A/GHS_BUILT_S_E2020_GLOBE_R2023A_4326_3ss_V1_0.tif [1/1] : 0...10...20...30...40...50...60...70...80...90...100 - done.
Creating output file that is 12000P x 12000L.
Processing /spatial_data/Original_Datasets/GHSL/uncompressed/builtup/R2023A/GHS_BUILT_S_E2020_GLOBE_R2023A_4326_3ss_V1_0.tif [1/1] : 0...10...20...30...40...50...60...70...80...90...100 - done.
ERROR 1: Output dataset /spatial_data/Derived_Datasets/RASTER/GHSL/R2023A/builtup_new/tiles_2020/builtup_tile_207.tif exists,
but some command line options were provided indicating a new dataset
should be created.  Please delete existing dataset and run again.

Creating output file that is 12000P x 12000L.
Processing /spatial_data/Original_Datasets/GHSL/uncompressed/builtup/R2023A/GHS_BUILT_S_E2020_GLOBE_R2023A_4326_3ss_V1_0.tif [1/1] : 0...10...20...30...40...50...60...70...80...90...100 - done.
Creating output file that is 12000P x 12000L.
Processing /spatial_data/Original_Datasets/GHSL/uncompressed/builtup/R2023A/GHS_BUILT_S_E2020_GLOBE_R2023A_4326_3ss_V1_0.tif [1/1] : 0...10...20...30...40...50...60...70...80...90...100 - done.
ERROR 1: Output dataset /spatial_data/Derived_Datasets/RASTER/GHSL/R2023A/builtup_new/tiles_2020/builtup_tile_208.tif exists,
but some command line options were provided indicating a new dataset
should be created.  Please delete existing dataset and run again.

Creating output file that is 12000P x 12000L.
Processing /spatial_data/Original_Datasets/GHSL/uncompressed/builtup/R2023A/GHS_BUILT_S_E2020_GLOBE_R2023A_4326_3ss_V1_0.tif [1/1] : 0...10...20...30...40...50...60...70...80...90...100 - done.
Creating output file that is 12000P x 12000L.
Processing /spatial_data/Original_Datasets/GHSL/uncompressed/builtup/R2023A/GHS_BUILT_S_E2020_GLOBE_R2023A_4326_3ss_V1_0.tif [1/1] : 0...10...20...30...40...50...60...70...80...90...100 - done.
ERROR 1: Output dataset /spatial_data/Derived_Datasets/RASTER/GHSL/R2023A/builtup_new/tiles_2020/builtup_tile_210.tif exists,
but some command line options were provided indicating a new dataset
should be created.  Please delete existing dataset and run again.

Creating output file that is 12000P x 12000L.
Processing /spatial_data/Original_Datasets/GHSL/uncompressed/builtup/R2023A/GHS_BUILT_S_E2020_GLOBE_R2023A_4326_3ss_V1_0.tif [1/1] : 0...10...20...30...40...50...60...70...80...90...100 - done.
Creating output file that is 12000P x 12000L.
Processing /spatial_data/Original_Datasets/GHSL/uncompressed/builtup/R2023A/GHS_BUILT_S_E2020_GLOBE_R2023A_4326_3ss_V1_0.tif [1/1] : 0...10...20...30...40...50...60...70...80...90...100 - done.
ERROR 1: Output dataset /spatial_data/Derived_Datasets/RASTER/GHSL/R2023A/builtup_new/tiles_2020/builtup_tile_211.tif exists,
but some command line options were provided indicating a new dataset
should be created.  Please delete existing dataset and run again.

Creating output file that is 12000P x 12000L.
Processing /spatial_data/Original_Datasets/GHSL/uncompressed/builtup/R2023A/GHS_BUILT_S_E2020_GLOBE_R2023A_4326_3ss_V1_0.tif [1/1] : 0...10...20...30...40...50...60...70...80...90...100 - done.
Creating output file that is 12000P x 12000L.
Processing /spatial_data/Original_Datasets/GHSL/uncompressed/builtup/R2023A/GHS_BUILT_S_E2020_GLOBE_R2023A_4326_3ss_V1_0.tif [1/1] : 0...10...20...30...40...50...60...70...80...90...100 - done.
ERROR 1: Output dataset /spatial_data/Derived_Datasets/RASTER/GHSL/R2023A/builtup_new/tiles_2020/builtup_tile_213.tif exists,
but some command line options were provided indicating a new dataset
should be created.  Please delete existing dataset and run again.

Creating output file that is 12000P x 12000L.
Processing /spatial_data/Original_Datasets/GHSL/uncompressed/builtup/R2023A/GHS_BUILT_S_E2020_GLOBE_R2023A_4326_3ss_V1_0.tif [1/1] : 0...10...20...30...40...50...60...70...80...90...100 - done.
Creating output file that is 12000P x 12000L.
Processing /spatial_data/Original_Datasets/GHSL/uncompressed/builtup/R2023A/GHS_BUILT_S_E2020_GLOBE_R2023A_4326_3ss_V1_0.tif [1/1] : 0...10...20...30...40...50...60...70...80...90...100 - done.
ERROR 1: Output dataset /spatial_data/Derived_Datasets/RASTER/GHSL/R2023A/builtup_new/tiles_2020/builtup_tile_214.tif exists,
but some command line options were provided indicating a new dataset
should be created.  Please delete existing dataset and run again.

Creating output file that is 12000P x 12000L.
Processing /spatial_data/Original_Datasets/GHSL/uncompressed/builtup/R2023A/GHS_BUILT_S_E2020_GLOBE_R2023A_4326_3ss_V1_0.tif [1/1] : 0...10...20...30...40...50...60...70...80...90...100 - done.
Creating output file that is 12000P x 12000L.
Processing /spatial_data/Original_Datasets/GHSL/uncompressed/builtup/R2023A/GHS_BUILT_S_E2020_GLOBE_R2023A_4326_3ss_V1_0.tif [1/1] : 0...10...20...30...40...50...60...70...80...90...100 - done.
ERROR 1: Output dataset /spatial_data/Derived_Datasets/RASTER/GHSL/R2023A/builtup_new/tiles_2020/builtup_tile_216.tif exists,
but some command line options were provided indicating a new dataset
should be created.  Please delete existing dataset and run again.

Creating output file that is 12000P x 12000L.
Processing /spatial_data/Original_Datasets/GHSL/uncompressed/builtup/R2023A/GHS_BUILT_S_E2020_GLOBE_R2023A_4326_3ss_V1_0.tif [1/1] : 0...10...20...30...40...50...60...70...80...90...100 - done.
ERROR 1: Output dataset /spatial_data/Derived_Datasets/RASTER/GHSL/R2023A/builtup_new/tiles_2020/builtup_tile_217.tif exists,
but some command line options were provided indicating a new dataset
should be created.  Please delete existing dataset and run again.

Creating output file that is 12000P x 12000L.
Processing /spatial_data/Original_Datasets/GHSL/uncompressed/builtup/R2023A/GHS_BUILT_S_E2020_GLOBE_R2023A_4326_3ss_V1_0.tif [1/1] : 0...10...20...30...40...50...60...70...80...90...100 - done.
Creating output file that is 12000P x 12000L.
Processing /spatial_data/Original_Datasets/GHSL/uncompressed/builtup/R2023A/GHS_BUILT_S_E2020_GLOBE_R2023A_4326_3ss_V1_0.tif [1/1] : 0...10...20...30...40...50...60...70...80...90...100 - done.
Creating output file that is 12000P x 12000L.
Processing /spatial_data/Original_Datasets/GHSL/uncompressed/builtup/R2023A/GHS_BUILT_S_E2020_GLOBE_R2023A_4326_3ss_V1_0.tif [1/1] : 0...10...20...30...40...50...60...70...80...90...100 - done.
ERROR 1: Output dataset /spatial_data/Derived_Datasets/RASTER/GHSL/R2023A/builtup_new/tiles_2020/builtup_tile_219.tif exists,
but some command line options were provided indicating a new dataset
should be created.  Please delete existing dataset and run again.

Creating output file that is 12000P x 12000L.
Processing /spatial_data/Original_Datasets/GHSL/uncompressed/builtup/R2023A/GHS_BUILT_S_E2020_GLOBE_R2023A_4326_3ss_V1_0.tif [1/1] : 0...10...20...30...40...50...60...70...80...90...100 - done.
ERROR 1: Output dataset /spatial_data/Derived_Datasets/RASTER/GHSL/R2023A/builtup_new/tiles_2020/builtup_tile_220.tif exists,
but some command line options were provided indicating a new dataset
should be created.  Please delete existing dataset and run again.

Creating output file that is 12000P x 12000L.
Processing /spatial_data/Original_Datasets/GHSL/uncompressed/builtup/R2023A/GHS_BUILT_S_E2020_GLOBE_R2023A_4326_3ss_V1_0.tif [1/1] : 0...10...20...30...40...50...60...70...80...90...100 - done.
Creating output file that is 12000P x 12000L.
Processing /spatial_data/Original_Datasets/GHSL/uncompressed/builtup/R2023A/GHS_BUILT_S_E2020_GLOBE_R2023A_4326_3ss_V1_0.tif [1/1] : 0...10...20...30...40...50...60...70...80...90...100 - done.
Creating output file that is 12000P x 12000L.
Processing /spatial_data/Original_Datasets/GHSL/uncompressed/builtup/R2023A/GHS_BUILT_S_E2020_GLOBE_R2023A_4326_3ss_V1_0.tif [1/1] : 0...10...20...30...40...50...60...70...80...90...100 - done.
ERROR 1: Output dataset /spatial_data/Derived_Datasets/RASTER/GHSL/R2023A/builtup_new/tiles_2020/builtup_tile_222.tif exists,
but some command line options were provided indicating a new dataset
should be created.  Please delete existing dataset and run again.

Creating output file that is 12000P x 12000L.
Processing /spatial_data/Original_Datasets/GHSL/uncompressed/builtup/R2023A/GHS_BUILT_S_E2020_GLOBE_R2023A_4326_3ss_V1_0.tif [1/1] : 0...10...20...30...40...50...60...70...80...90...100 - done.
Creating output file that is 12000P x 12000L.
Processing /spatial_data/Original_Datasets/GHSL/uncompressed/builtup/R2023A/GHS_BUILT_S_E2020_GLOBE_R2023A_4326_3ss_V1_0.tif [1/1] : 0...10...20...30...40...50...60...70...80...90...100 - done.
Creating output file that is 12000P x 12000L.
Processing /spatial_data/Original_Datasets/GHSL/uncompressed/builtup/R2023A/GHS_BUILT_S_E2020_GLOBE_R2023A_4326_3ss_V1_0.tif [1/1] : 0...10...20...30...40...50...60...70...80...90...100 - done.
ERROR 1: Output dataset /spatial_data/Derived_Datasets/RASTER/GHSL/R2023A/builtup_new/tiles_2020/builtup_tile_223.tif exists,
but some command line options were provided indicating a new dataset
should be created.  Please delete existing dataset and run again.

Creating output file that is 12000P x 12000L.
Processing /spatial_data/Original_Datasets/GHSL/uncompressed/builtup/R2023A/GHS_BUILT_S_E2020_GLOBE_R2023A_4326_3ss_V1_0.tif [1/1] : 0...10...20...30...40...50...60...70...80...90...100 - done.
ERROR 1: Output dataset /spatial_data/Derived_Datasets/RASTER/GHSL/R2023A/builtup_new/tiles_2020/builtup_tile_225.tif exists,
but some command line options were provided indicating a new dataset
should be created.  Please delete existing dataset and run again.

Creating output file that is 12000P x 12000L.
Processing /spatial_data/Original_Datasets/GHSL/uncompressed/builtup/R2023A/GHS_BUILT_S_E2020_GLOBE_R2023A_4326_3ss_V1_0.tif [1/1] : 0...10...20...30...40...50...60...70...80...90...100 - done.
Creating output file that is 12000P x 12000L.
Processing /spatial_data/Original_Datasets/GHSL/uncompressed/builtup/R2023A/GHS_BUILT_S_E2020_GLOBE_R2023A_4326_3ss_V1_0.tif [1/1] : 0...10...20...30...40...50...60...70...80...90...100 - done.
ERROR 1: Output dataset /spatial_data/Derived_Datasets/RASTER/GHSL/R2023A/builtup_new/tiles_2020/builtup_tile_226.tif exists,
but some command line options were provided indicating a new dataset
should be created.  Please delete existing dataset and run again.

Creating output file that is 12000P x 12000L.
Processing /spatial_data/Original_Datasets/GHSL/uncompressed/builtup/R2023A/GHS_BUILT_S_E2020_GLOBE_R2023A_4326_3ss_V1_0.tif [1/1] : 0...10...20...30...40...50...60...70...80...90...100 - done.
Creating output file that is 12000P x 12000L.
Processing /spatial_data/Original_Datasets/GHSL/uncompressed/builtup/R2023A/GHS_BUILT_S_E2020_GLOBE_R2023A_4326_3ss_V1_0.tif [1/1] : 0...10...20...30...40...50...60...70...80...90...100 - done.
ERROR 1: Output dataset /spatial_data/Derived_Datasets/RASTER/GHSL/R2023A/builtup_new/tiles_2020/builtup_tile_228.tif exists,
but some command line options were provided indicating a new dataset
should be created.  Please delete existing dataset and run again.

Creating output file that is 12000P x 12000L.
Processing /spatial_data/Original_Datasets/GHSL/uncompressed/builtup/R2023A/GHS_BUILT_S_E2020_GLOBE_R2023A_4326_3ss_V1_0.tif [1/1] : 0...10...20...30...40...50...60...70...80...90...100 - done.
Creating output file that is 12000P x 12000L.
Processing /spatial_data/Original_Datasets/GHSL/uncompressed/builtup/R2023A/GHS_BUILT_S_E2020_GLOBE_R2023A_4326_3ss_V1_0.tif [1/1] : 0...10...20...30...40...50...60...70...80...90...100 - done.
ERROR 1: Output dataset /spatial_data/Derived_Datasets/RASTER/GHSL/R2023A/builtup_new/tiles_2020/builtup_tile_229.tif exists,
but some command line options were provided indicating a new dataset
should be created.  Please delete existing dataset and run again.

Creating output file that is 12000P x 12000L.
Processing /spatial_data/Original_Datasets/GHSL/uncompressed/builtup/R2023A/GHS_BUILT_S_E2020_GLOBE_R2023A_4326_3ss_V1_0.tif [1/1] : 0...10...20...30...40...50...60...70...80...90...100 - done.
Creating output file that is 12000P x 12000L.
Processing /spatial_data/Original_Datasets/GHSL/uncompressed/builtup/R2023A/GHS_BUILT_S_E2020_GLOBE_R2023A_4326_3ss_V1_0.tif [1/1] : 0...10...20...30...40...50...60...70...80...90...100 - done.
ERROR 1: Output dataset /spatial_data/Derived_Datasets/RASTER/GHSL/R2023A/builtup_new/tiles_2020/builtup_tile_231.tif exists,
but some command line options were provided indicating a new dataset
should be created.  Please delete existing dataset and run again.

Creating output file that is 12000P x 12000L.
Processing /spatial_data/Original_Datasets/GHSL/uncompressed/builtup/R2023A/GHS_BUILT_S_E2020_GLOBE_R2023A_4326_3ss_V1_0.tif [1/1] : 0...10...20...30...40...50...60...70...80...90...100 - done.
Creating output file that is 12000P x 12000L.
Processing /spatial_data/Original_Datasets/GHSL/uncompressed/builtup/R2023A/GHS_BUILT_S_E2020_GLOBE_R2023A_4326_3ss_V1_0.tif [1/1] : 0...10...20...30...40...50...60...70...80...90...100 - done.
Creating output file that is 12000P x 12000L.
Processing /spatial_data/Original_Datasets/GHSL/uncompressed/builtup/R2023A/GHS_BUILT_S_E2020_GLOBE_R2023A_4326_3ss_V1_0.tif [1/1] : 0...10...20...30...40...50...60...70...80...90...100 - done.
Creating output file that is 12000P x 12000L.
Processing /spatial_data/Original_Datasets/GHSL/uncompressed/builtup/R2023A/GHS_BUILT_S_E2020_GLOBE_R2023A_4326_3ss_V1_0.tif [1/1] : 0...10...20...30...40...50...60...70...80...90...100 - done.
Creating output file that is 12000P x 12000L.
Processing /spatial_data/Original_Datasets/GHSL/uncompressed/builtup/R2023A/GHS_BUILT_S_E2020_GLOBE_R2023A_4326_3ss_V1_0.tif [1/1] : 0...10...20...30...40...50...60...70...80...90...100 - done.
ERROR 1: Output dataset /spatial_data/Derived_Datasets/RASTER/GHSL/R2023A/builtup_new/tiles_2020/builtup_tile_234.tif exists,
but some command line options were provided indicating a new dataset
should be created.  Please delete existing dataset and run again.

Creating output file that is 12000P x 12000L.
Processing /spatial_data/Original_Datasets/GHSL/uncompressed/builtup/R2023A/GHS_BUILT_S_E2020_GLOBE_R2023A_4326_3ss_V1_0.tif [1/1] : 0...10...20...30...40...50...60...70...80...90...100 - done.
Creating output file that is 12000P x 12000L.
Processing /spatial_data/Original_Datasets/GHSL/uncompressed/builtup/R2023A/GHS_BUILT_S_E2020_GLOBE_R2023A_4326_3ss_V1_0.tif [1/1] : 0...10...20...30...40...50...60...70...80...90...100 - done.
Creating output file that is 12000P x 12000L.
Processing /spatial_data/Original_Datasets/GHSL/uncompressed/builtup/R2023A/GHS_BUILT_S_E2020_GLOBE_R2023A_4326_3ss_V1_0.tif [1/1] : 0...10...20...30...40...50...60...70...80...90...100 - done.
ERROR 1: Output dataset /spatial_data/Derived_Datasets/RASTER/GHSL/R2023A/builtup_new/tiles_2020/builtup_tile_236.tif exists,
but some command line options were provided indicating a new dataset
should be created.  Please delete existing dataset and run again.

Creating output file that is 12000P x 12000L.
Processing /spatial_data/Original_Datasets/GHSL/uncompressed/builtup/R2023A/GHS_BUILT_S_E2020_GLOBE_R2023A_4326_3ss_V1_0.tif [1/1] : 0...10...20...30...40...50...60...70...80...90...100 - done.
ERROR 1: Output dataset /spatial_data/Derived_Datasets/RASTER/GHSL/R2023A/builtup_new/tiles_2020/builtup_tile_237.tif exists,
but some command line options were provided indicating a new dataset
should be created.  Please delete existing dataset and run again.

Creating output file that is 12000P x 12000L.
Processing /spatial_data/Original_Datasets/GHSL/uncompressed/builtup/R2023A/GHS_BUILT_S_E2020_GLOBE_R2023A_4326_3ss_V1_0.tif [1/1] : 0...10...20...30...40...50...60...70...80...90...100 - done.
Creating output file that is 12000P x 12000L.
Processing /spatial_data/Original_Datasets/GHSL/uncompressed/builtup/R2023A/GHS_BUILT_S_E2020_GLOBE_R2023A_4326_3ss_V1_0.tif [1/1] : 0...10...20...30...40...50...60...70...80...90...100 - done.
Creating output file that is 12000P x 12000L.
Processing /spatial_data/Original_Datasets/GHSL/uncompressed/builtup/R2023A/GHS_BUILT_S_E2020_GLOBE_R2023A_4326_3ss_V1_0.tif [1/1] : 0...10...20...30...40...50...60...70...80...90...100 - done.
ERROR 1: Output dataset /spatial_data/Derived_Datasets/RASTER/GHSL/R2023A/builtup_new/tiles_2020/builtup_tile_239.tif exists,
but some command line options were provided indicating a new dataset
should be created.  Please delete existing dataset and run again.

Creating output file that is 12000P x 12000L.
Processing /spatial_data/Original_Datasets/GHSL/uncompressed/builtup/R2023A/GHS_BUILT_S_E2020_GLOBE_R2023A_4326_3ss_V1_0.tif [1/1] : 0...10...20...30...40...50...60...70...80...90...100 - done.
ERROR 1: Output dataset /spatial_data/Derived_Datasets/RASTER/GHSL/R2023A/builtup_new/tiles_2020/builtup_tile_240.tif exists,
but some command line options were provided indicating a new dataset
should be created.  Please delete existing dataset and run again.

Creating output file that is 12000P x 12000L.
Processing /spatial_data/Original_Datasets/GHSL/uncompressed/builtup/R2023A/GHS_BUILT_S_E2020_GLOBE_R2023A_4326_3ss_V1_0.tif [1/1] : 0...10...20...30...40...50...60...70...80...90...100 - done.
Creating output file that is 12000P x 12000L.
Processing /spatial_data/Original_Datasets/GHSL/uncompressed/builtup/R2023A/GHS_BUILT_S_E2020_GLOBE_R2023A_4326_3ss_V1_0.tif [1/1] : 0...10...20...30...40...50...60...70...80...90...100 - done.
Creating output file that is 12000P x 12000L.
Processing /spatial_data/Original_Datasets/GHSL/uncompressed/builtup/R2023A/GHS_BUILT_S_E2020_GLOBE_R2023A_4326_3ss_V1_0.tif [1/1] : 0...10...20...30...40...50...60...70...80...90...100 - done.
ERROR 1: Output dataset /spatial_data/Derived_Datasets/RASTER/GHSL/R2023A/builtup_new/tiles_2020/builtup_tile_242.tif exists,
but some command line options were provided indicating a new dataset
should be created.  Please delete existing dataset and run again.

Creating output file that is 12000P x 12000L.
Processing /spatial_data/Original_Datasets/GHSL/uncompressed/builtup/R2023A/GHS_BUILT_S_E2020_GLOBE_R2023A_4326_3ss_V1_0.tif [1/1] : 0...10...20...30...40...50...60...70...80...90...100 - done.
Creating output file that is 12000P x 12000L.
Processing /spatial_data/Original_Datasets/GHSL/uncompressed/builtup/R2023A/GHS_BUILT_S_E2020_GLOBE_R2023A_4326_3ss_V1_0.tif [1/1] : 0...10...20...30...40...50...60...70...80...90...100 - done.
Creating output file that is 12000P x 12000L.
Processing /spatial_data/Original_Datasets/GHSL/uncompressed/builtup/R2023A/GHS_BUILT_S_E2020_GLOBE_R2023A_4326_3ss_V1_0.tif [1/1] : 0...10...20...30...40...50...60...70...80...90...100 - done.
Creating output file that is 12000P x 12000L.
Processing /spatial_data/Original_Datasets/GHSL/uncompressed/builtup/R2023A/GHS_BUILT_S_E2020_GLOBE_R2023A_4326_3ss_V1_0.tif [1/1] : 0...10...20...30...40...50...60...70...80...90...100 - done.
Creating output file that is 12000P x 12000L.
Processing /spatial_data/Original_Datasets/GHSL/uncompressed/builtup/R2023A/GHS_BUILT_S_E2020_GLOBE_R2023A_4326_3ss_V1_0.tif [1/1] : 0...10...20...30...40...50...60...70...80...90...100 - done.
Creating output file that is 12000P x 12000L.
Processing /spatial_data/Original_Datasets/GHSL/uncompressed/builtup/R2023A/GHS_BUILT_S_E2020_GLOBE_R2023A_4326_3ss_V1_0.tif [1/1] : 0...10...20...30...40...50...60...70...80...90...100 - done.
Creating output file that is 12000P x 12000L.
Processing /spatial_data/Original_Datasets/GHSL/uncompressed/builtup/R2023A/GHS_BUILT_S_E2020_GLOBE_R2023A_4326_3ss_V1_0.tif [1/1] : 0...10...20...30...40...50...60...70...80...90...100 - done.
ERROR 1: Output dataset /spatial_data/Derived_Datasets/RASTER/GHSL/R2023A/builtup_new/tiles_2020/builtup_tile_246.tif exists,
but some command line options were provided indicating a new dataset
should be created.  Please delete existing dataset and run again.

Creating output file that is 12000P x 12000L.
Processing /spatial_data/Original_Datasets/GHSL/uncompressed/builtup/R2023A/GHS_BUILT_S_E2020_GLOBE_R2023A_4326_3ss_V1_0.tif [1/1] : 0...10...20...30...40...50...60...70...80...90...100 - done.
Creating output file that is 12000P x 12000L.
Processing /spatial_data/Original_Datasets/GHSL/uncompressed/builtup/R2023A/GHS_BUILT_S_E2020_GLOBE_R2023A_4326_3ss_V1_0.tif [1/1] : 0...10...20...30...40...50...60...70...80...90...100 - done.
ERROR 1: Output dataset /spatial_data/Derived_Datasets/RASTER/GHSL/R2023A/builtup_new/tiles_2020/builtup_tile_247.tif exists,
but some command line options were provided indicating a new dataset
should be created.  Please delete existing dataset and run again.

Creating output file that is 12000P x 12000L.
Processing /spatial_data/Original_Datasets/GHSL/uncompressed/builtup/R2023A/GHS_BUILT_S_E2020_GLOBE_R2023A_4326_3ss_V1_0.tif [1/1] : 0...10...20...30...40...50...60...70...80...90...100 - done.
Creating output file that is 12000P x 12000L.
Processing /spatial_data/Original_Datasets/GHSL/uncompressed/builtup/R2023A/GHS_BUILT_S_E2020_GLOBE_R2023A_4326_3ss_V1_0.tif [1/1] : 0...10...20...30...40...50...60...70...80...90...100 - done.
ERROR 1: Output dataset /spatial_data/Derived_Datasets/RASTER/GHSL/R2023A/builtup_new/tiles_2020/builtup_tile_249.tif exists,
but some command line options were provided indicating a new dataset
should be created.  Please delete existing dataset and run again.

Creating output file that is 12000P x 12000L.
Processing /spatial_data/Original_Datasets/GHSL/uncompressed/builtup/R2023A/GHS_BUILT_S_E2020_GLOBE_R2023A_4326_3ss_V1_0.tif [1/1] : 0...10...20...30...40...50...60...70...80...90...100 - done.
Creating output file that is 12000P x 12000L.
Processing /spatial_data/Original_Datasets/GHSL/uncompressed/builtup/R2023A/GHS_BUILT_S_E2020_GLOBE_R2023A_4326_3ss_V1_0.tif [1/1] : 0...10...20...30...40...50...60...70...80...90...100 - done.
ERROR 1: Output dataset /spatial_data/Derived_Datasets/RASTER/GHSL/R2023A/builtup_new/tiles_2020/builtup_tile_250.tif exists,
but some command line options were provided indicating a new dataset
should be created.  Please delete existing dataset and run again.

Creating output file that is 12000P x 12000L.
Processing /spatial_data/Original_Datasets/GHSL/uncompressed/builtup/R2023A/GHS_BUILT_S_E2020_GLOBE_R2023A_4326_3ss_V1_0.tif [1/1] : 0...10...20...30...40...50...60...70...80...90...100 - done.
Creating output file that is 12000P x 12000L.
Processing /spatial_data/Original_Datasets/GHSL/uncompressed/builtup/R2023A/GHS_BUILT_S_E2020_GLOBE_R2023A_4326_3ss_V1_0.tif [1/1] : 0...10...20...30...40...50...60...70...80...90...100 - done.
ERROR 1: Output dataset /spatial_data/Derived_Datasets/RASTER/GHSL/R2023A/builtup_new/tiles_2020/builtup_tile_252.tif exists,
but some command line options were provided indicating a new dataset
should be created.  Please delete existing dataset and run again.

Creating output file that is 12000P x 12000L.
Processing /spatial_data/Original_Datasets/GHSL/uncompressed/builtup/R2023A/GHS_BUILT_S_E2020_GLOBE_R2023A_4326_3ss_V1_0.tif [1/1] : 0...10...20...30...40...50...60...70...80...90...100 - done.
ERROR 1: Output dataset /spatial_data/Derived_Datasets/RASTER/GHSL/R2023A/builtup_new/tiles_2020/builtup_tile_253.tif exists,
but some command line options were provided indicating a new dataset
should be created.  Please delete existing dataset and run again.

Creating output file that is 12000P x 12000L.
Processing /spatial_data/Original_Datasets/GHSL/uncompressed/builtup/R2023A/GHS_BUILT_S_E2020_GLOBE_R2023A_4326_3ss_V1_0.tif [1/1] : 0...10...20...30...40...50...60...70...80...90...100 - done.
Creating output file that is 12000P x 12000L.
Processing /spatial_data/Original_Datasets/GHSL/uncompressed/builtup/R2023A/GHS_BUILT_S_E2020_GLOBE_R2023A_4326_3ss_V1_0.tif [1/1] : 0...10...20...30...40...50...60...70...80...90...100 - done.
Creating output file that is 12000P x 12000L.
Processing /spatial_data/Original_Datasets/GHSL/uncompressed/builtup/R2023A/GHS_BUILT_S_E2020_GLOBE_R2023A_4326_3ss_V1_0.tif [1/1] : 0...10...20...30...40...50...60...70...80...90...100 - done.
ERROR 1: Output dataset /spatial_data/Derived_Datasets/RASTER/GHSL/R2023A/builtup_new/tiles_2020/builtup_tile_255.tif exists,
but some command line options were provided indicating a new dataset
should be created.  Please delete existing dataset and run again.

Creating output file that is 12000P x 12000L.
Processing /spatial_data/Original_Datasets/GHSL/uncompressed/builtup/R2023A/GHS_BUILT_S_E2020_GLOBE_R2023A_4326_3ss_V1_0.tif [1/1] : 0...10...20...30...40...50...60...70...80...90...100 - done.
ERROR 1: Output dataset /spatial_data/Derived_Datasets/RASTER/GHSL/R2023A/builtup_new/tiles_2020/builtup_tile_256.tif exists,
but some command line options were provided indicating a new dataset
should be created.  Please delete existing dataset and run again.

Creating output file that is 12000P x 12000L.
Processing /spatial_data/Original_Datasets/GHSL/uncompressed/builtup/R2023A/GHS_BUILT_S_E2020_GLOBE_R2023A_4326_3ss_V1_0.tif [1/1] : 0...10...20...30...40...50...60...70...80...90...100 - done.
Creating output file that is 12000P x 12000L.
Processing /spatial_data/Original_Datasets/GHSL/uncompressed/builtup/R2023A/GHS_BUILT_S_E2020_GLOBE_R2023A_4326_3ss_V1_0.tif [1/1] : 0...10...20...30...40...50...60...70...80...90...100 - done.
ERROR 1: Output dataset /spatial_data/Derived_Datasets/RASTER/GHSL/R2023A/builtup_new/tiles_2020/builtup_tile_257.tif exists,
but some command line options were provided indicating a new dataset
should be created.  Please delete existing dataset and run again.

Creating output file that is 12000P x 12000L.
Processing /spatial_data/Original_Datasets/GHSL/uncompressed/builtup/R2023A/GHS_BUILT_S_E2020_GLOBE_R2023A_4326_3ss_V1_0.tif [1/1] : 0...10...20...30...40...50...60...70...80...90...100 - done.
Creating output file that is 12000P x 12000L.
Processing /spatial_data/Original_Datasets/GHSL/uncompressed/builtup/R2023A/GHS_BUILT_S_E2020_GLOBE_R2023A_4326_3ss_V1_0.tif [1/1] : 0...10...20...30...40...50...60...70...80...90...100 - done.
ERROR 1: Output dataset /spatial_data/Derived_Datasets/RASTER/GHSL/R2023A/builtup_new/tiles_2020/builtup_tile_259.tif exists,
but some command line options were provided indicating a new dataset
should be created.  Please delete existing dataset and run again.

Creating output file that is 12000P x 12000L.
Processing /spatial_data/Original_Datasets/GHSL/uncompressed/builtup/R2023A/GHS_BUILT_S_E2020_GLOBE_R2023A_4326_3ss_V1_0.tif [1/1] : 0...10...20...30...40...50...60...70...80...90...100 - done.
Creating output file that is 12000P x 12000L.
Processing /spatial_data/Original_Datasets/GHSL/uncompressed/builtup/R2023A/GHS_BUILT_S_E2020_GLOBE_R2023A_4326_3ss_V1_0.tif [1/1] : 0...10...20...30...40...50...60...70...80...90...100 - done.
Creating output file that is 12000P x 12000L.
Processing /spatial_data/Original_Datasets/GHSL/uncompressed/builtup/R2023A/GHS_BUILT_S_E2020_GLOBE_R2023A_4326_3ss_V1_0.tif [1/1] : 0...10...20...30...40...50...60...70...80...90...100 - done.
ERROR 1: Output dataset /spatial_data/Derived_Datasets/RASTER/GHSL/R2023A/builtup_new/tiles_2020/builtup_tile_261.tif exists,
but some command line options were provided indicating a new dataset
should be created.  Please delete existing dataset and run again.

Creating output file that is 12000P x 12000L.
Processing /spatial_data/Original_Datasets/GHSL/uncompressed/builtup/R2023A/GHS_BUILT_S_E2020_GLOBE_R2023A_4326_3ss_V1_0.tif [1/1] : 0...10...20...30...40...50...60...70...80...90...100 - done.
Creating output file that is 12000P x 12000L.
Processing /spatial_data/Original_Datasets/GHSL/uncompressed/builtup/R2023A/GHS_BUILT_S_E2020_GLOBE_R2023A_4326_3ss_V1_0.tif [1/1] : 0...10...20...30...40...50...60...70...80...90...100 - done.
ERROR 1: Output dataset /spatial_data/Derived_Datasets/RASTER/GHSL/R2023A/builtup_new/tiles_2020/builtup_tile_262.tif exists,
but some command line options were provided indicating a new dataset
should be created.  Please delete existing dataset and run again.

Creating output file that is 12000P x 12000L.
Processing /spatial_data/Original_Datasets/GHSL/uncompressed/builtup/R2023A/GHS_BUILT_S_E2020_GLOBE_R2023A_4326_3ss_V1_0.tif [1/1] : 0...10...20...30...40...50...60...70...80...90...100 - done.
Creating output file that is 12000P x 12000L.
Processing /spatial_data/Original_Datasets/GHSL/uncompressed/builtup/R2023A/GHS_BUILT_S_E2020_GLOBE_R2023A_4326_3ss_V1_0.tif [1/1] : 0...10...20...30...40...50...60...70...80...90...100 - done.
ERROR 1: Output dataset /spatial_data/Derived_Datasets/RASTER/GHSL/R2023A/builtup_new/tiles_2020/builtup_tile_264.tif exists,
but some command line options were provided indicating a new dataset
should be created.  Please delete existing dataset and run again.

Creating output file that is 12000P x 12000L.
Processing /spatial_data/Original_Datasets/GHSL/uncompressed/builtup/R2023A/GHS_BUILT_S_E2020_GLOBE_R2023A_4326_3ss_V1_0.tif [1/1] : 0...10...20...30...40...50...60...70...80...90...100 - done.
Creating output file that is 12000P x 12000L.
Processing /spatial_data/Original_Datasets/GHSL/uncompressed/builtup/R2023A/GHS_BUILT_S_E2020_GLOBE_R2023A_4326_3ss_V1_0.tif [1/1] : 0...10...20...30...40...50...60...70...80...90...100 - done.
ERROR 1: Output dataset /spatial_data/Derived_Datasets/RASTER/GHSL/R2023A/builtup_new/tiles_2020/builtup_tile_265.tif exists,
but some command line options were provided indicating a new dataset
should be created.  Please delete existing dataset and run again.

Creating output file that is 12000P x 12000L.
Processing /spatial_data/Original_Datasets/GHSL/uncompressed/builtup/R2023A/GHS_BUILT_S_E2020_GLOBE_R2023A_4326_3ss_V1_0.tif [1/1] : 0...10...20...30...40...50...60...70...80...90...100 - done.
Creating output file that is 12000P x 12000L.
Processing /spatial_data/Original_Datasets/GHSL/uncompressed/builtup/R2023A/GHS_BUILT_S_E2020_GLOBE_R2023A_4326_3ss_V1_0.tif [1/1] : 0...10...20...30...40...50...60...70...80...90...100 - done.
ERROR 1: Output dataset /spatial_data/Derived_Datasets/RASTER/GHSL/R2023A/builtup_new/tiles_2020/builtup_tile_267.tif exists,
but some command line options were provided indicating a new dataset
should be created.  Please delete existing dataset and run again.

Creating output file that is 12000P x 12000L.
Processing /spatial_data/Original_Datasets/GHSL/uncompressed/builtup/R2023A/GHS_BUILT_S_E2020_GLOBE_R2023A_4326_3ss_V1_0.tif [1/1] : 0...10...20...30...40...50...60...70...80...90...100 - done.
ERROR 1: Output dataset /spatial_data/Derived_Datasets/RASTER/GHSL/R2023A/builtup_new/tiles_2020/builtup_tile_268.tif exists,
but some command line options were provided indicating a new dataset
should be created.  Please delete existing dataset and run again.

Creating output file that is 12000P x 12000L.
Processing /spatial_data/Original_Datasets/GHSL/uncompressed/builtup/R2023A/GHS_BUILT_S_E2020_GLOBE_R2023A_4326_3ss_V1_0.tif [1/1] : 0...10...20...30...40...50...60...70...80...90...100 - done.
Creating output file that is 12000P x 12000L.
Processing /spatial_data/Original_Datasets/GHSL/uncompressed/builtup/R2023A/GHS_BUILT_S_E2020_GLOBE_R2023A_4326_3ss_V1_0.tif [1/1] : 0...10...20...30...40...50...60...70...80...90...100 - done.
ERROR 1: Output dataset /spatial_data/Derived_Datasets/RASTER/GHSL/R2023A/builtup_new/tiles_2020/builtup_tile_269.tif exists,
but some command line options were provided indicating a new dataset
should be created.  Please delete existing dataset and run again.

Creating output file that is 12000P x 12000L.
Processing /spatial_data/Original_Datasets/GHSL/uncompressed/builtup/R2023A/GHS_BUILT_S_E2020_GLOBE_R2023A_4326_3ss_V1_0.tif [1/1] : 0...10...20...30...40...50...60...70...80...90...100 - done.
Creating output file that is 12000P x 12000L.
Processing /spatial_data/Original_Datasets/GHSL/uncompressed/builtup/R2023A/GHS_BUILT_S_E2020_GLOBE_R2023A_4326_3ss_V1_0.tif [1/1] : 0...10...20...30...40...50...60...70...80...90...100 - done.
ERROR 1: Output dataset /spatial_data/Derived_Datasets/RASTER/GHSL/R2023A/builtup_new/tiles_2020/builtup_tile_271.tif exists,
but some command line options were provided indicating a new dataset
should be created.  Please delete existing dataset and run again.

Creating output file that is 12000P x 12000L.
Processing /spatial_data/Original_Datasets/GHSL/uncompressed/builtup/R2023A/GHS_BUILT_S_E2020_GLOBE_R2023A_4326_3ss_V1_0.tif [1/1] : 0...10...20...30...40...50...60...70...80...90...100 - done.
Creating output file that is 12000P x 12000L.
Processing /spatial_data/Original_Datasets/GHSL/uncompressed/builtup/R2023A/GHS_BUILT_S_E2020_GLOBE_R2023A_4326_3ss_V1_0.tif [1/1] : 0...10...20...30...40...50...60...70...80...90...100 - done.
ERROR 1: Output dataset /spatial_data/Derived_Datasets/RASTER/GHSL/R2023A/builtup_new/tiles_2020/builtup_tile_272.tif exists,
but some command line options were provided indicating a new dataset
should be created.  Please delete existing dataset and run again.

Creating output file that is 12000P x 12000L.
Processing /spatial_data/Original_Datasets/GHSL/uncompressed/builtup/R2023A/GHS_BUILT_S_E2020_GLOBE_R2023A_4326_3ss_V1_0.tif [1/1] : 0...10...20...30...40...50...60...70...80...90...100 - done.
Creating output file that is 12000P x 12000L.
Processing /spatial_data/Original_Datasets/GHSL/uncompressed/builtup/R2023A/GHS_BUILT_S_E2020_GLOBE_R2023A_4326_3ss_V1_0.tif [1/1] : 0...10...20...30...40...50...60...70...80...90...100 - done.
ERROR 1: Output dataset /spatial_data/Derived_Datasets/RASTER/GHSL/R2023A/builtup_new/tiles_2020/builtup_tile_274.tif exists,
but some command line options were provided indicating a new dataset
should be created.  Please delete existing dataset and run again.

Creating output file that is 12000P x 12000L.
Processing /spatial_data/Original_Datasets/GHSL/uncompressed/builtup/R2023A/GHS_BUILT_S_E2020_GLOBE_R2023A_4326_3ss_V1_0.tif [1/1] : 0...10...20...30...40...50...60...70...80...90...100 - done.
ERROR 1: Output dataset /spatial_data/Derived_Datasets/RASTER/GHSL/R2023A/builtup_new/tiles_2020/builtup_tile_275.tif exists,
but some command line options were provided indicating a new dataset
should be created.  Please delete existing dataset and run again.

Creating output file that is 12000P x 12000L.
Processing /spatial_data/Original_Datasets/GHSL/uncompressed/builtup/R2023A/GHS_BUILT_S_E2020_GLOBE_R2023A_4326_3ss_V1_0.tif [1/1] : 0...10...20...30...40...50...60...70...80...90...100 - done.
Creating output file that is 12000P x 12000L.
Processing /spatial_data/Original_Datasets/GHSL/uncompressed/builtup/R2023A/GHS_BUILT_S_E2020_GLOBE_R2023A_4326_3ss_V1_0.tif [1/1] : 0...10...20...30...40...50...60...70...80...90...100 - done.
Creating output file that is 12000P x 12000L.
Processing /spatial_data/Original_Datasets/GHSL/uncompressed/builtup/R2023A/GHS_BUILT_S_E2020_GLOBE_R2023A_4326_3ss_V1_0.tif [1/1] : 0...10...20...30...40...50...60...70...80...90...100 - done.
ERROR 1: Output dataset /spatial_data/Derived_Datasets/RASTER/GHSL/R2023A/builtup_new/tiles_2020/builtup_tile_277.tif exists,
but some command line options were provided indicating a new dataset
should be created.  Please delete existing dataset and run again.

Creating output file that is 12000P x 12000L.
Processing /spatial_data/Original_Datasets/GHSL/uncompressed/builtup/R2023A/GHS_BUILT_S_E2020_GLOBE_R2023A_4326_3ss_V1_0.tif [1/1] : 0...10...20...30...40...50...60...70...80...90...100 - done.
Creating output file that is 12000P x 12000L.
Processing /spatial_data/Original_Datasets/GHSL/uncompressed/builtup/R2023A/GHS_BUILT_S_E2020_GLOBE_R2023A_4326_3ss_V1_0.tif [1/1] : 0...10...20...30...40...50...60...70...80...90...100 - done.
ERROR 1: Output dataset /spatial_data/Derived_Datasets/RASTER/GHSL/R2023A/builtup_new/tiles_2020/builtup_tile_278.tif exists,
but some command line options were provided indicating a new dataset
should be created.  Please delete existing dataset and run again.

Creating output file that is 12000P x 12000L.
Processing /spatial_data/Original_Datasets/GHSL/uncompressed/builtup/R2023A/GHS_BUILT_S_E2020_GLOBE_R2023A_4326_3ss_V1_0.tif [1/1] : 0...10...20...30...40...50...60...70...80...90...100 - done.
Creating output file that is 12000P x 12000L.
Processing /spatial_data/Original_Datasets/GHSL/uncompressed/builtup/R2023A/GHS_BUILT_S_E2020_GLOBE_R2023A_4326_3ss_V1_0.tif [1/1] : 0...10...20...30...40...50...60...70...80...90...100 - done.
ERROR 1: Output dataset /spatial_data/Derived_Datasets/RASTER/GHSL/R2023A/builtup_new/tiles_2020/builtup_tile_280.tif exists,
but some command line options were provided indicating a new dataset
should be created.  Please delete existing dataset and run again.

Creating output file that is 12000P x 12000L.
Processing /spatial_data/Original_Datasets/GHSL/uncompressed/builtup/R2023A/GHS_BUILT_S_E2020_GLOBE_R2023A_4326_3ss_V1_0.tif [1/1] : 0...10...20...30...40...50...60...70...80...90...100 - done.
Creating output file that is 12000P x 12000L.
Processing /spatial_data/Original_Datasets/GHSL/uncompressed/builtup/R2023A/GHS_BUILT_S_E2020_GLOBE_R2023A_4326_3ss_V1_0.tif [1/1] : 0...10...20...30...40...50...60...70...80...90...100 - done.
ERROR 1: Output dataset /spatial_data/Derived_Datasets/RASTER/GHSL/R2023A/builtup_new/tiles_2020/builtup_tile_281.tif exists,
but some command line options were provided indicating a new dataset
should be created.  Please delete existing dataset and run again.

Creating output file that is 12000P x 12000L.
Processing /spatial_data/Original_Datasets/GHSL/uncompressed/builtup/R2023A/GHS_BUILT_S_E2020_GLOBE_R2023A_4326_3ss_V1_0.tif [1/1] : 0...10...20...30...40...50...60...70...80...90...100 - done.
Creating output file that is 12000P x 12000L.
Processing /spatial_data/Original_Datasets/GHSL/uncompressed/builtup/R2023A/GHS_BUILT_S_E2020_GLOBE_R2023A_4326_3ss_V1_0.tif [1/1] : 0...10...20...30...40...50...60...70...80...90...100 - done.
ERROR 1: Output dataset /spatial_data/Derived_Datasets/RASTER/GHSL/R2023A/builtup_new/tiles_2020/builtup_tile_283.tif exists,
but some command line options were provided indicating a new dataset
should be created.  Please delete existing dataset and run again.

Creating output file that is 12000P x 12000L.
Processing /spatial_data/Original_Datasets/GHSL/uncompressed/builtup/R2023A/GHS_BUILT_S_E2020_GLOBE_R2023A_4326_3ss_V1_0.tif [1/1] : 0...10...20...30...40...50...60...70...80...90...100 - done.
Creating output file that is 12000P x 12000L.
Processing /spatial_data/Original_Datasets/GHSL/uncompressed/builtup/R2023A/GHS_BUILT_S_E2020_GLOBE_R2023A_4326_3ss_V1_0.tif [1/1] : 0...10...20...30...40...50...60...70...80...90...100 - done.
ERROR 1: Output dataset /spatial_data/Derived_Datasets/RASTER/GHSL/R2023A/builtup_new/tiles_2020/builtup_tile_284.tif exists,
but some command line options were provided indicating a new dataset
should be created.  Please delete existing dataset and run again.

Creating output file that is 12000P x 12000L.
Processing /spatial_data/Original_Datasets/GHSL/uncompressed/builtup/R2023A/GHS_BUILT_S_E2020_GLOBE_R2023A_4326_3ss_V1_0.tif [1/1] : 0...10...20...30...40...50...60...70...80...90...100 - done.
Creating output file that is 12000P x 12000L.
Processing /spatial_data/Original_Datasets/GHSL/uncompressed/builtup/R2023A/GHS_BUILT_S_E2020_GLOBE_R2023A_4326_3ss_V1_0.tif [1/1] : 0...10...20...30...40...50...60...70...80...90...100 - done.
ERROR 1: Output dataset /spatial_data/Derived_Datasets/RASTER/GHSL/R2023A/builtup_new/tiles_2020/builtup_tile_286.tif exists,
but some command line options were provided indicating a new dataset
should be created.  Please delete existing dataset and run again.

Creating output file that is 12000P x 12000L.
Processing /spatial_data/Original_Datasets/GHSL/uncompressed/builtup/R2023A/GHS_BUILT_S_E2020_GLOBE_R2023A_4326_3ss_V1_0.tif [1/1] : 0...10...20...30...40...50...60...70...80...90...100 - done.
ERROR 1: Output dataset /spatial_data/Derived_Datasets/RASTER/GHSL/R2023A/builtup_new/tiles_2020/builtup_tile_287.tif exists,
but some command line options were provided indicating a new dataset
should be created.  Please delete existing dataset and run again.

Creating output file that is 12000P x 12000L.
Processing /spatial_data/Original_Datasets/GHSL/uncompressed/builtup/R2023A/GHS_BUILT_S_E2020_GLOBE_R2023A_4326_3ss_V1_0.tif [1/1] : 0...10...20...30...40...50...60...70...80...90...100 - done.
Creating output file that is 12000P x 12000L.
Processing /spatial_data/Original_Datasets/GHSL/uncompressed/builtup/R2023A/GHS_BUILT_S_E2020_GLOBE_R2023A_4326_3ss_V1_0.tif [1/1] : 0...10...20...30...40...50...60...70...80...90...100 - done.
Creating output file that is 12000P x 12000L.
Processing /spatial_data/Original_Datasets/GHSL/uncompressed/builtup/R2023A/GHS_BUILT_S_E2020_GLOBE_R2023A_4326_3ss_V1_0.tif [1/1] : 0...10...20...30...40...50...60...70...80...90...100 - done.
ERROR 1: Output dataset /spatial_data/Derived_Datasets/RASTER/GHSL/R2023A/builtup_new/tiles_2020/builtup_tile_289.tif exists,
but some command line options were provided indicating a new dataset
should be created.  Please delete existing dataset and run again.

Creating output file that is 12000P x 12000L.
Processing /spatial_data/Original_Datasets/GHSL/uncompressed/builtup/R2023A/GHS_BUILT_S_E2020_GLOBE_R2023A_4326_3ss_V1_0.tif [1/1] : 0...10...20...30...40...50...60...70...80...90...100 - done.
ERROR 1: Output dataset /spatial_data/Derived_Datasets/RASTER/GHSL/R2023A/builtup_new/tiles_2020/builtup_tile_290.tif exists,
but some command line options were provided indicating a new dataset
should be created.  Please delete existing dataset and run again.

Creating output file that is 12000P x 12000L.
Processing /spatial_data/Original_Datasets/GHSL/uncompressed/builtup/R2023A/GHS_BUILT_S_E2020_GLOBE_R2023A_4326_3ss_V1_0.tif [1/1] : 0...10...20...30...40...50...60...70...80...90...100 - done.
Creating output file that is 12000P x 12000L.
Processing /spatial_data/Original_Datasets/GHSL/uncompressed/builtup/R2023A/GHS_BUILT_S_E2020_GLOBE_R2023A_4326_3ss_V1_0.tif [1/1] : 0...10...20...30...40...50...60...70...80...90...100 - done.
Creating output file that is 12000P x 12000L.
Processing /spatial_data/Original_Datasets/GHSL/uncompressed/builtup/R2023A/GHS_BUILT_S_E2020_GLOBE_R2023A_4326_3ss_V1_0.tif [1/1] : 0...10...20...30...40...50...60...70...80...90...100 - done.
ERROR 1: Output dataset /spatial_data/Derived_Datasets/RASTER/GHSL/R2023A/builtup_new/tiles_2020/builtup_tile_292.tif exists,
but some command line options were provided indicating a new dataset
should be created.  Please delete existing dataset and run again.

Creating output file that is 12000P x 12000L.
Processing /spatial_data/Original_Datasets/GHSL/uncompressed/builtup/R2023A/GHS_BUILT_S_E2020_GLOBE_R2023A_4326_3ss_V1_0.tif [1/1] : 0...10...20...30...40...50...60...70...80...90...100 - done.
Creating output file that is 12000P x 12000L.
Processing /spatial_data/Original_Datasets/GHSL/uncompressed/builtup/R2023A/GHS_BUILT_S_E2020_GLOBE_R2023A_4326_3ss_V1_0.tif [1/1] : 0...10...20...30...40...50...60...70...80...90...100 - done.
Creating output file that is 12000P x 12000L.
Processing /spatial_data/Original_Datasets/GHSL/uncompressed/builtup/R2023A/GHS_BUILT_S_E2020_GLOBE_R2023A_4326_3ss_V1_0.tif [1/1] : 0...10...20...30...40...50...60...70...80...90...100 - done.
ERROR 1: Output dataset /spatial_data/Derived_Datasets/RASTER/GHSL/R2023A/builtup_new/tiles_2020/builtup_tile_294.tif exists,
but some command line options were provided indicating a new dataset
should be created.  Please delete existing dataset and run again.

Creating output file that is 12000P x 12000L.
Processing /spatial_data/Original_Datasets/GHSL/uncompressed/builtup/R2023A/GHS_BUILT_S_E2020_GLOBE_R2023A_4326_3ss_V1_0.tif [1/1] : 0...10...20...30...40...50...60...70...80...90...100 - done.
ERROR 1: Output dataset /spatial_data/Derived_Datasets/RASTER/GHSL/R2023A/builtup_new/tiles_2020/builtup_tile_295.tif exists,
but some command line options were provided indicating a new dataset
should be created.  Please delete existing dataset and run again.

Creating output file that is 12000P x 12000L.
Processing /spatial_data/Original_Datasets/GHSL/uncompressed/builtup/R2023A/GHS_BUILT_S_E2020_GLOBE_R2023A_4326_3ss_V1_0.tif [1/1] : 0...10...20...30...40...50...60...70...80...90...100 - done.
Creating output file that is 12000P x 12000L.
Processing /spatial_data/Original_Datasets/GHSL/uncompressed/builtup/R2023A/GHS_BUILT_S_E2020_GLOBE_R2023A_4326_3ss_V1_0.tif [1/1] : 0...10...20...30...40...50...60...70...80...90...100 - done.
Creating output file that is 12000P x 12000L.
Processing /spatial_data/Original_Datasets/GHSL/uncompressed/builtup/R2023A/GHS_BUILT_S_E2020_GLOBE_R2023A_4326_3ss_V1_0.tif [1/1] : 0...10...20...30...40...50...60...70...80...90...100 - done.
ERROR 1: Output dataset /spatial_data/Derived_Datasets/RASTER/GHSL/R2023A/builtup_new/tiles_2020/builtup_tile_297.tif exists,
but some command line options were provided indicating a new dataset
should be created.  Please delete existing dataset and run again.

Creating output file that is 12000P x 12000L.
Processing /spatial_data/Original_Datasets/GHSL/uncompressed/builtup/R2023A/GHS_BUILT_S_E2020_GLOBE_R2023A_4326_3ss_V1_0.tif [1/1] : 0...10...20...30...40...50...60...70...80...90...100 - done.
ERROR 1: Output dataset /spatial_data/Derived_Datasets/RASTER/GHSL/R2023A/builtup_new/tiles_2020/builtup_tile_298.tif exists,
but some command line options were provided indicating a new dataset
should be created.  Please delete existing dataset and run again.

Creating output file that is 12000P x 12000L.
Processing /spatial_data/Original_Datasets/GHSL/uncompressed/builtup/R2023A/GHS_BUILT_S_E2020_GLOBE_R2023A_4326_3ss_V1_0.tif [1/1] : 0...10...20...30...40...50...60...70...80...90...100 - done.
Creating output file that is 12000P x 12000L.
Processing /spatial_data/Original_Datasets/GHSL/uncompressed/builtup/R2023A/GHS_BUILT_S_E2020_GLOBE_R2023A_4326_3ss_V1_0.tif [1/1] : 0...10...20...30...40...50...60...70...80...90...100 - done.
Creating output file that is 12000P x 12000L.
Processing /spatial_data/Original_Datasets/GHSL/uncompressed/builtup/R2023A/GHS_BUILT_S_E2020_GLOBE_R2023A_4326_3ss_V1_0.tif [1/1] : 0...10...20...30...40...50...60...70...80...90...100 - done.
ERROR 1: Output dataset /spatial_data/Derived_Datasets/RASTER/GHSL/R2023A/builtup_new/tiles_2020/builtup_tile_300.tif exists,
but some command line options were provided indicating a new dataset
should be created.  Please delete existing dataset and run again.

Creating output file that is 12000P x 12000L.
Processing /spatial_data/Original_Datasets/GHSL/uncompressed/builtup/R2023A/GHS_BUILT_S_E2020_GLOBE_R2023A_4326_3ss_V1_0.tif [1/1] : 0...10...20...30...40...50...60...70...80...90...100 - done.
Creating output file that is 12000P x 12000L.
Processing /spatial_data/Original_Datasets/GHSL/uncompressed/builtup/R2023A/GHS_BUILT_S_E2020_GLOBE_R2023A_4326_3ss_V1_0.tif [1/1] : 0...10...20...30...40...50...60...70...80...90...100 - done.
ERROR 1: Output dataset /spatial_data/Derived_Datasets/RASTER/GHSL/R2023A/builtup_new/tiles_2020/builtup_tile_301.tif exists,
but some command line options were provided indicating a new dataset
should be created.  Please delete existing dataset and run again.

Creating output file that is 12000P x 12000L.
Processing /spatial_data/Original_Datasets/GHSL/uncompressed/builtup/R2023A/GHS_BUILT_S_E2020_GLOBE_R2023A_4326_3ss_V1_0.tif [1/1] : 0...10...20...30...40...50...60...70...80...90...100 - done.
Creating output file that is 12000P x 12000L.
Processing /spatial_data/Original_Datasets/GHSL/uncompressed/builtup/R2023A/GHS_BUILT_S_E2020_GLOBE_R2023A_4326_3ss_V1_0.tif [1/1] : 0...10...20...30...40...50...60...70...80...90...100 - done.
ERROR 1: Output dataset /spatial_data/Derived_Datasets/RASTER/GHSL/R2023A/builtup_new/tiles_2020/builtup_tile_303.tif exists,
but some command line options were provided indicating a new dataset
should be created.  Please delete existing dataset and run again.

Creating output file that is 12000P x 12000L.
Processing /spatial_data/Original_Datasets/GHSL/uncompressed/builtup/R2023A/GHS_BUILT_S_E2020_GLOBE_R2023A_4326_3ss_V1_0.tif [1/1] : 0...10...20...30...40...50...60...70...80...90...100 - done.
ERROR 1: Output dataset /spatial_data/Derived_Datasets/RASTER/GHSL/R2023A/builtup_new/tiles_2020/builtup_tile_304.tif exists,
but some command line options were provided indicating a new dataset
should be created.  Please delete existing dataset and run again.

Creating output file that is 12000P x 12000L.
Processing /spatial_data/Original_Datasets/GHSL/uncompressed/builtup/R2023A/GHS_BUILT_S_E2020_GLOBE_R2023A_4326_3ss_V1_0.tif [1/1] : 0...10...20...30...40...50...60...70...80...90...100 - done.
Creating output file that is 12000P x 12000L.
Processing /spatial_data/Original_Datasets/GHSL/uncompressed/builtup/R2023A/GHS_BUILT_S_E2020_GLOBE_R2023A_4326_3ss_V1_0.tif [1/1] : 0...10...20...30...40...50...60...70...80...90...100 - done.
Creating output file that is 12000P x 12000L.
Processing /spatial_data/Original_Datasets/GHSL/uncompressed/builtup/R2023A/GHS_BUILT_S_E2020_GLOBE_R2023A_4326_3ss_V1_0.tif [1/1] : 0...10...20...30...40...50...60...70...80...90...100 - done.
Creating output file that is 12000P x 12000L.
Processing /spatial_data/Original_Datasets/GHSL/uncompressed/builtup/R2023A/GHS_BUILT_S_E2020_GLOBE_R2023A_4326_3ss_V1_0.tif [1/1] : 0...10...20...30...40...50...60...70...80...90...100 - done.
Creating output file that is 12000P x 12000L.
Processing /spatial_data/Original_Datasets/GHSL/uncompressed/builtup/R2023A/GHS_BUILT_S_E2020_GLOBE_R2023A_4326_3ss_V1_0.tif [1/1] : 0...10...20...30...40...50...60...70...80...90...100 - done.
Creating output file that is 12000P x 12000L.
Processing /spatial_data/Original_Datasets/GHSL/uncompressed/builtup/R2023A/GHS_BUILT_S_E2020_GLOBE_R2023A_4326_3ss_V1_0.tif [1/1] : 0...10...20...30...40...50...60...70...80...90...100 - done.
Creating output file that is 12000P x 12000L.
Processing /spatial_data/Original_Datasets/GHSL/uncompressed/builtup/R2023A/GHS_BUILT_S_E2020_GLOBE_R2023A_4326_3ss_V1_0.tif [1/1] : 0...10...20...30...40...50...60...70...80...90...100 - done.
Creating output file that is 12000P x 12000L.
Processing /spatial_data/Original_Datasets/GHSL/uncompressed/builtup/R2023A/GHS_BUILT_S_E2020_GLOBE_R2023A_4326_3ss_V1_0.tif [1/1] : 0...10...20...30...40...50...60...70...80...90...100 - done.
Creating output file that is 12000P x 12000L.
Processing /spatial_data/Original_Datasets/GHSL/uncompressed/builtup/R2023A/GHS_BUILT_S_E2020_GLOBE_R2023A_4326_3ss_V1_0.tif [1/1] : 0...10...20...30...40...50...60...70...80...90...100 - done.
Creating output file that is 12000P x 12000L.
Processing /spatial_data/Original_Datasets/GHSL/uncompressed/builtup/R2023A/GHS_BUILT_S_E2020_GLOBE_R2023A_4326_3ss_V1_0.tif [1/1] : 0...10...20...30...40...50...60...70...80...90...100 - done.
Creating output file that is 12000P x 12000L.
Processing /spatial_data/Original_Datasets/GHSL/uncompressed/builtup/R2023A/GHS_BUILT_S_E2020_GLOBE_R2023A_4326_3ss_V1_0.tif [1/1] : 0...10...20...30...40...50...60...70...80...90...100 - done.
ERROR 1: Output dataset /spatial_data/Derived_Datasets/RASTER/GHSL/R2023A/builtup_new/tiles_2020/builtup_tile_310.tif exists,
but some command line options were provided indicating a new dataset
should be created.  Please delete existing dataset and run again.

Creating output file that is 12000P x 12000L.
Processing /spatial_data/Original_Datasets/GHSL/uncompressed/builtup/R2023A/GHS_BUILT_S_E2020_GLOBE_R2023A_4326_3ss_V1_0.tif [1/1] : 0...10...20...30...40...50...60...70...80...90...100 - done.
ERROR 1: Output dataset /spatial_data/Derived_Datasets/RASTER/GHSL/R2023A/builtup_new/tiles_2020/builtup_tile_311.tif exists,
but some command line options were provided indicating a new dataset
should be created.  Please delete existing dataset and run again.

Creating output file that is 12000P x 12000L.
Processing /spatial_data/Original_Datasets/GHSL/uncompressed/builtup/R2023A/GHS_BUILT_S_E2020_GLOBE_R2023A_4326_3ss_V1_0.tif [1/1] : 0...10...20...30...40...50...60...70...80...90...100 - done.
Creating output file that is 12000P x 12000L.
Processing /spatial_data/Original_Datasets/GHSL/uncompressed/builtup/R2023A/GHS_BUILT_S_E2020_GLOBE_R2023A_4326_3ss_V1_0.tif [1/1] : 0...10...20...30...40...50...60...70...80...90...100 - done.
Creating output file that is 12000P x 12000L.
Processing /spatial_data/Original_Datasets/GHSL/uncompressed/builtup/R2023A/GHS_BUILT_S_E2020_GLOBE_R2023A_4326_3ss_V1_0.tif [1/1] : 0...10...20...30...40...50...60...70...80...90...100 - done.
ERROR 1: Output dataset /spatial_data/Derived_Datasets/RASTER/GHSL/R2023A/builtup_new/tiles_2020/builtup_tile_313.tif exists,
but some command line options were provided indicating a new dataset
should be created.  Please delete existing dataset and run again.

Creating output file that is 12000P x 12000L.
Processing /spatial_data/Original_Datasets/GHSL/uncompressed/builtup/R2023A/GHS_BUILT_S_E2020_GLOBE_R2023A_4326_3ss_V1_0.tif [1/1] : 0...10...20...30...40...50...60...70...80...90...100 - done.
Creating output file that is 12000P x 12000L.
Processing /spatial_data/Original_Datasets/GHSL/uncompressed/builtup/R2023A/GHS_BUILT_S_E2020_GLOBE_R2023A_4326_3ss_V1_0.tif [1/1] : 0...10...20...30...40...50...60...70...80...90...100 - done.
Creating output file that is 12000P x 12000L.
Processing /spatial_data/Original_Datasets/GHSL/uncompressed/builtup/R2023A/GHS_BUILT_S_E2020_GLOBE_R2023A_4326_3ss_V1_0.tif [1/1] : 0...10...20...30...40...50...60...70...80...90...100 - done.
ERROR 1: Output dataset /spatial_data/Derived_Datasets/RASTER/GHSL/R2023A/builtup_new/tiles_2020/builtup_tile_315.tif exists,
but some command line options were provided indicating a new dataset
should be created.  Please delete existing dataset and run again.

Creating output file that is 12000P x 12000L.
Processing /spatial_data/Original_Datasets/GHSL/uncompressed/builtup/R2023A/GHS_BUILT_S_E2020_GLOBE_R2023A_4326_3ss_V1_0.tif [1/1] : 0...10...20...30...40...50...60...70...80...90...100 - done.
ERROR 1: Output dataset /spatial_data/Derived_Datasets/RASTER/GHSL/R2023A/builtup_new/tiles_2020/builtup_tile_316.tif exists,
but some command line options were provided indicating a new dataset
should be created.  Please delete existing dataset and run again.

Creating output file that is 12000P x 12000L.
Processing /spatial_data/Original_Datasets/GHSL/uncompressed/builtup/R2023A/GHS_BUILT_S_E2020_GLOBE_R2023A_4326_3ss_V1_0.tif [1/1] : 0...10...20...30...40...50...60...70...80...90...100 - done.
Creating output file that is 12000P x 12000L.
Processing /spatial_data/Original_Datasets/GHSL/uncompressed/builtup/R2023A/GHS_BUILT_S_E2020_GLOBE_R2023A_4326_3ss_V1_0.tif [1/1] : 0...10...20...30...40...50...60...70...80...90...100 - done.
Creating output file that is 12000P x 12000L.
Processing /spatial_data/Original_Datasets/GHSL/uncompressed/builtup/R2023A/GHS_BUILT_S_E2020_GLOBE_R2023A_4326_3ss_V1_0.tif [1/1] : 0...10...20...30...40...50...60...70...80...90...100 - done.
ERROR 1: Output dataset /spatial_data/Derived_Datasets/RASTER/GHSL/R2023A/builtup_new/tiles_2020/builtup_tile_318.tif exists,
but some command line options were provided indicating a new dataset
should be created.  Please delete existing dataset and run again.

Creating output file that is 12000P x 12000L.
Processing /spatial_data/Original_Datasets/GHSL/uncompressed/builtup/R2023A/GHS_BUILT_S_E2020_GLOBE_R2023A_4326_3ss_V1_0.tif [1/1] : 0...10...20...30...40...50...60...70...80...90...100 - done.
ERROR 1: Output dataset /spatial_data/Derived_Datasets/RASTER/GHSL/R2023A/builtup_new/tiles_2020/builtup_tile_319.tif exists,
but some command line options were provided indicating a new dataset
should be created.  Please delete existing dataset and run again.

Creating output file that is 12000P x 12000L.
Processing /spatial_data/Original_Datasets/GHSL/uncompressed/builtup/R2023A/GHS_BUILT_S_E2020_GLOBE_R2023A_4326_3ss_V1_0.tif [1/1] : 0...10...20...30...40...50...60...70...80...90...100 - done.
Creating output file that is 12000P x 12000L.
Processing /spatial_data/Original_Datasets/GHSL/uncompressed/builtup/R2023A/GHS_BUILT_S_E2020_GLOBE_R2023A_4326_3ss_V1_0.tif [1/1] : 0...10...20...30...40...50...60...70...80...90...100 - done.
Creating output file that is 12000P x 12000L.
Processing /spatial_data/Original_Datasets/GHSL/uncompressed/builtup/R2023A/GHS_BUILT_S_E2020_GLOBE_R2023A_4326_3ss_V1_0.tif [1/1] : 0...10...20...30...40...50...60...70...80...90...100 - done.
ERROR 1: Output dataset /spatial_data/Derived_Datasets/RASTER/GHSL/R2023A/builtup_new/tiles_2020/builtup_tile_321.tif exists,
but some command line options were provided indicating a new dataset
should be created.  Please delete existing dataset and run again.

Creating output file that is 12000P x 12000L.
Processing /spatial_data/Original_Datasets/GHSL/uncompressed/builtup/R2023A/GHS_BUILT_S_E2020_GLOBE_R2023A_4326_3ss_V1_0.tif [1/1] : 0...10...20...30...40...50...60...70...80...90...100 - done.
ERROR 1: Output dataset /spatial_data/Derived_Datasets/RASTER/GHSL/R2023A/builtup_new/tiles_2020/builtup_tile_322.tif exists,
but some command line options were provided indicating a new dataset
should be created.  Please delete existing dataset and run again.

Creating output file that is 12000P x 12000L.
Processing /spatial_data/Original_Datasets/GHSL/uncompressed/builtup/R2023A/GHS_BUILT_S_E2020_GLOBE_R2023A_4326_3ss_V1_0.tif [1/1] : 0...10...20...30...40...50...60...70...80...90...100 - done.
ERROR 1: Output dataset /spatial_data/Derived_Datasets/RASTER/GHSL/R2023A/builtup_new/tiles_2020/builtup_tile_323.tif exists,
but some command line options were provided indicating a new dataset
should be created.  Please delete existing dataset and run again.

Creating output file that is 12000P x 12000L.
Processing /spatial_data/Original_Datasets/GHSL/uncompressed/builtup/R2023A/GHS_BUILT_S_E2020_GLOBE_R2023A_4326_3ss_V1_0.tif [1/1] : 0...10...20...30...40...50...60...70...80...90...100 - done.
Creating output file that is 12000P x 12000L.
Processing /spatial_data/Original_Datasets/GHSL/uncompressed/builtup/R2023A/GHS_BUILT_S_E2020_GLOBE_R2023A_4326_3ss_V1_0.tif [1/1] : 0...10...20...30...40...50...60...70...80...90...100 - done.
Creating output file that is 12000P x 12000L.
Processing /spatial_data/Original_Datasets/GHSL/uncompressed/builtup/R2023A/GHS_BUILT_S_E2020_GLOBE_R2023A_4326_3ss_V1_0.tif [1/1] : 0...10...20...30...40...50...60...70...80...90...100 - done.
ERROR 1: Output dataset /spatial_data/Derived_Datasets/RASTER/GHSL/R2023A/builtup_new/tiles_2020/builtup_tile_325.tif exists,
but some command line options were provided indicating a new dataset
should be created.  Please delete existing dataset and run again.

Creating output file that is 12000P x 12000L.
Processing /spatial_data/Original_Datasets/GHSL/uncompressed/builtup/R2023A/GHS_BUILT_S_E2020_GLOBE_R2023A_4326_3ss_V1_0.tif [1/1] : 0...10...20...30...40...50...60...70...80...90...100 - done.
ERROR 1: Output dataset /spatial_data/Derived_Datasets/RASTER/GHSL/R2023A/builtup_new/tiles_2020/builtup_tile_326.tif exists,
but some command line options were provided indicating a new dataset
should be created.  Please delete existing dataset and run again.

Creating output file that is 12000P x 12000L.
Processing /spatial_data/Original_Datasets/GHSL/uncompressed/builtup/R2023A/GHS_BUILT_S_E2020_GLOBE_R2023A_4326_3ss_V1_0.tif [1/1] : 0...10...20...30...40...50...60...70...80...90...100 - done.
ERROR 1: Output dataset /spatial_data/Derived_Datasets/RASTER/GHSL/R2023A/builtup_new/tiles_2020/builtup_tile_327.tif exists,
but some command line options were provided indicating a new dataset
should be created.  Please delete existing dataset and run again.

Creating output file that is 12000P x 12000L.
Processing /spatial_data/Original_Datasets/GHSL/uncompressed/builtup/R2023A/GHS_BUILT_S_E2020_GLOBE_R2023A_4326_3ss_V1_0.tif [1/1] : 0...10...20...30...40...50...60...70...80...90...100 - done.
ERROR 1: Output dataset /spatial_data/Derived_Datasets/RASTER/GHSL/R2023A/builtup_new/tiles_2020/builtup_tile_328.tif exists,
but some command line options were provided indicating a new dataset
should be created.  Please delete existing dataset and run again.

Creating output file that is 12000P x 12000L.
Processing /spatial_data/Original_Datasets/GHSL/uncompressed/builtup/R2023A/GHS_BUILT_S_E2020_GLOBE_R2023A_4326_3ss_V1_0.tif [1/1] : 0...10...20...30...40...50...60...70...80...90...100 - done.
ERROR 1: Output dataset /spatial_data/Derived_Datasets/RASTER/GHSL/R2023A/builtup_new/tiles_2020/builtup_tile_329.tif exists,
but some command line options were provided indicating a new dataset
should be created.  Please delete existing dataset and run again.

Creating output file that is 12000P x 12000L.
Processing /spatial_data/Original_Datasets/GHSL/uncompressed/builtup/R2023A/GHS_BUILT_S_E2020_GLOBE_R2023A_4326_3ss_V1_0.tif [1/1] : 0...10...20...30...40...50...60...70...80...90...100 - done.
ERROR 1: Output dataset /spatial_data/Derived_Datasets/RASTER/GHSL/R2023A/builtup_new/tiles_2020/builtup_tile_330.tif exists,
but some command line options were provided indicating a new dataset
should be created.  Please delete existing dataset and run again.

Creating output file that is 12000P x 12000L.
Processing /spatial_data/Original_Datasets/GHSL/uncompressed/builtup/R2023A/GHS_BUILT_S_E2020_GLOBE_R2023A_4326_3ss_V1_0.tif [1/1] : 0...10...20...30...40...50...60...70...80...90...100 - done.
Creating output file that is 12000P x 12000L.
Processing /spatial_data/Original_Datasets/GHSL/uncompressed/builtup/R2023A/GHS_BUILT_S_E2020_GLOBE_R2023A_4326_3ss_V1_0.tif [1/1] : 0...10...20...30...40...50...60...70...80...90...100 - done.
Creating output file that is 12000P x 12000L.
Processing /spatial_data/Original_Datasets/GHSL/uncompressed/builtup/R2023A/GHS_BUILT_S_E2020_GLOBE_R2023A_4326_3ss_V1_0.tif [1/1] : 0...10...20...30...40...50...60...70...80...90...100 - done.
ERROR 1: Output dataset /spatial_data/Derived_Datasets/RASTER/GHSL/R2023A/builtup_new/tiles_2020/builtup_tile_332.tif exists,
but some command line options were provided indicating a new dataset
should be created.  Please delete existing dataset and run again.

Creating output file that is 12000P x 12000L.
Processing /spatial_data/Original_Datasets/GHSL/uncompressed/builtup/R2023A/GHS_BUILT_S_E2020_GLOBE_R2023A_4326_3ss_V1_0.tif [1/1] : 0...10...20...30...40...50...60...70...80...90...100 - done.
ERROR 1: Output dataset /spatial_data/Derived_Datasets/RASTER/GHSL/R2023A/builtup_new/tiles_2020/builtup_tile_333.tif exists,
but some command line options were provided indicating a new dataset
should be created.  Please delete existing dataset and run again.

Creating output file that is 12000P x 12000L.
Processing /spatial_data/Original_Datasets/GHSL/uncompressed/builtup/R2023A/GHS_BUILT_S_E2020_GLOBE_R2023A_4326_3ss_V1_0.tif [1/1] : 0...10...20...30...40...50...60...70...80...90...100 - done.
Creating output file that is 12000P x 12000L.
Processing /spatial_data/Original_Datasets/GHSL/uncompressed/builtup/R2023A/GHS_BUILT_S_E2020_GLOBE_R2023A_4326_3ss_V1_0.tif [1/1] : 0...10...20...30...40...50...60...70...80...90...100 - done.
Creating output file that is 12000P x 12000L.
Processing /spatial_data/Original_Datasets/GHSL/uncompressed/builtup/R2023A/GHS_BUILT_S_E2020_GLOBE_R2023A_4326_3ss_V1_0.tif [1/1] : 0...10...20...30...40...50...60...70...80...90...100 - done.
ERROR 1: Output dataset /spatial_data/Derived_Datasets/RASTER/GHSL/R2023A/builtup_new/tiles_2020/builtup_tile_335.tif exists,
but some command line options were provided indicating a new dataset
should be created.  Please delete existing dataset and run again.

Creating output file that is 12000P x 12000L.
Processing /spatial_data/Original_Datasets/GHSL/uncompressed/builtup/R2023A/GHS_BUILT_S_E2020_GLOBE_R2023A_4326_3ss_V1_0.tif [1/1] : 0...10...20...30...40...50...60...70...80...90...100 - done.
ERROR 1: Output dataset /spatial_data/Derived_Datasets/RASTER/GHSL/R2023A/builtup_new/tiles_2020/builtup_tile_336.tif exists,
but some command line options were provided indicating a new dataset
should be created.  Please delete existing dataset and run again.

Creating output file that is 12000P x 12000L.
Processing /spatial_data/Original_Datasets/GHSL/uncompressed/builtup/R2023A/GHS_BUILT_S_E2020_GLOBE_R2023A_4326_3ss_V1_0.tif [1/1] : 0...10...20...30...40...50...60...70...80...90...100 - done.
Creating output file that is 12000P x 12000L.
Processing /spatial_data/Original_Datasets/GHSL/uncompressed/builtup/R2023A/GHS_BUILT_S_E2020_GLOBE_R2023A_4326_3ss_V1_0.tif [1/1] : 0...10...20...30...40...50...60...70...80...90...100 - done.
Creating output file that is 12000P x 12000L.
Processing /spatial_data/Original_Datasets/GHSL/uncompressed/builtup/R2023A/GHS_BUILT_S_E2020_GLOBE_R2023A_4326_3ss_V1_0.tif [1/1] : 0...10...20...30...40...50...60...70...80...90...100 - done.
ERROR 1: Output dataset /spatial_data/Derived_Datasets/RASTER/GHSL/R2023A/builtup_new/tiles_2020/builtup_tile_338.tif exists,
but some command line options were provided indicating a new dataset
should be created.  Please delete existing dataset and run again.

Creating output file that is 12000P x 12000L.
Processing /spatial_data/Original_Datasets/GHSL/uncompressed/builtup/R2023A/GHS_BUILT_S_E2020_GLOBE_R2023A_4326_3ss_V1_0.tif [1/1] : 0...10...20...30...40...50...60...70...80...90...100 - done.
ERROR 1: Output dataset /spatial_data/Derived_Datasets/RASTER/GHSL/R2023A/builtup_new/tiles_2020/builtup_tile_339.tif exists,
but some command line options were provided indicating a new dataset
should be created.  Please delete existing dataset and run again.

Creating output file that is 12000P x 12000L.
Processing /spatial_data/Original_Datasets/GHSL/uncompressed/builtup/R2023A/GHS_BUILT_S_E2020_GLOBE_R2023A_4326_3ss_V1_0.tif [1/1] : 0...10...20...30...40...50...60...70...80...90...100 - done.
Creating output file that is 12000P x 12000L.
Processing /spatial_data/Original_Datasets/GHSL/uncompressed/builtup/R2023A/GHS_BUILT_S_E2020_GLOBE_R2023A_4326_3ss_V1_0.tif [1/1] : 0...10...20...30...40...50...60...70...80...90...100 - done.
Creating output file that is 12000P x 12000L.
Processing /spatial_data/Original_Datasets/GHSL/uncompressed/builtup/R2023A/GHS_BUILT_S_E2020_GLOBE_R2023A_4326_3ss_V1_0.tif [1/1] : 0...10...20...30...40...50...60...70...80...90...100 - done.
ERROR 1: Output dataset /spatial_data/Derived_Datasets/RASTER/GHSL/R2023A/builtup_new/tiles_2020/builtup_tile_341.tif exists,
but some command line options were provided indicating a new dataset
should be created.  Please delete existing dataset and run again.

Creating output file that is 12000P x 12000L.
Processing /spatial_data/Original_Datasets/GHSL/uncompressed/builtup/R2023A/GHS_BUILT_S_E2020_GLOBE_R2023A_4326_3ss_V1_0.tif [1/1] : 0...10...20...30...40...50...60...70...80...90...100 - done.
ERROR 1: Output dataset /spatial_data/Derived_Datasets/RASTER/GHSL/R2023A/builtup_new/tiles_2020/builtup_tile_342.tif exists,
but some command line options were provided indicating a new dataset
should be created.  Please delete existing dataset and run again.

Creating output file that is 12000P x 12000L.
Processing /spatial_data/Original_Datasets/GHSL/uncompressed/builtup/R2023A/GHS_BUILT_S_E2020_GLOBE_R2023A_4326_3ss_V1_0.tif [1/1] : 0...10...20...30...40...50...60...70...80...90...100 - done.
Creating output file that is 12000P x 12000L.
Processing /spatial_data/Original_Datasets/GHSL/uncompressed/builtup/R2023A/GHS_BUILT_S_E2020_GLOBE_R2023A_4326_3ss_V1_0.tif [1/1] : 0...10...20...30...40...50...60...70...80...90...100 - done.
Creating output file that is 12000P x 12000L.
Processing /spatial_data/Original_Datasets/GHSL/uncompressed/builtup/R2023A/GHS_BUILT_S_E2020_GLOBE_R2023A_4326_3ss_V1_0.tif [1/1] : 0...10...20...30...40...50...60...70...80...90...100 - done.
ERROR 1: Output dataset /spatial_data/Derived_Datasets/RASTER/GHSL/R2023A/builtup_new/tiles_2020/builtup_tile_344.tif exists,
but some command line options were provided indicating a new dataset
should be created.  Please delete existing dataset and run again.

Creating output file that is 12000P x 12000L.
Processing /spatial_data/Original_Datasets/GHSL/uncompressed/builtup/R2023A/GHS_BUILT_S_E2020_GLOBE_R2023A_4326_3ss_V1_0.tif [1/1] : 0...10...20...30...40...50...60...70...80...90...100 - done.
Creating output file that is 12000P x 12000L.
Processing /spatial_data/Original_Datasets/GHSL/uncompressed/builtup/R2023A/GHS_BUILT_S_E2020_GLOBE_R2023A_4326_3ss_V1_0.tif [1/1] : 0...10...20...30...40...50...60...70...80...90...100 - done.
ERROR 1: Output dataset /spatial_data/Derived_Datasets/RASTER/GHSL/R2023A/builtup_new/tiles_2020/builtup_tile_345.tif exists,
but some command line options were provided indicating a new dataset
should be created.  Please delete existing dataset and run again.

Creating output file that is 12000P x 12000L.
Processing /spatial_data/Original_Datasets/GHSL/uncompressed/builtup/R2023A/GHS_BUILT_S_E2020_GLOBE_R2023A_4326_3ss_V1_0.tif [1/1] : 0...10...20...30...40...50...60...70...80...90...100 - done.
ERROR 1: Output dataset /spatial_data/Derived_Datasets/RASTER/GHSL/R2023A/builtup_new/tiles_2020/builtup_tile_346.tif exists,
but some command line options were provided indicating a new dataset
should be created.  Please delete existing dataset and run again.

Creating output file that is 12000P x 12000L.
Processing /spatial_data/Original_Datasets/GHSL/uncompressed/builtup/R2023A/GHS_BUILT_S_E2020_GLOBE_R2023A_4326_3ss_V1_0.tif [1/1] : 0...10...20...30...40...50...60...70...80...90...100 - done.
Creating output file that is 12000P x 12000L.
Processing /spatial_data/Original_Datasets/GHSL/uncompressed/builtup/R2023A/GHS_BUILT_S_E2020_GLOBE_R2023A_4326_3ss_V1_0.tif [1/1] : 0...10...20...30...40...50...60...70...80...90...100 - done.
Creating output file that is 12000P x 12000L.
Processing /spatial_data/Original_Datasets/GHSL/uncompressed/builtup/R2023A/GHS_BUILT_S_E2020_GLOBE_R2023A_4326_3ss_V1_0.tif [1/1] : 0...10...20...30...40...50...60...70...80...90...100 - done.
ERROR 1: Output dataset /spatial_data/Derived_Datasets/RASTER/GHSL/R2023A/builtup_new/tiles_2020/builtup_tile_348.tif exists,
but some command line options were provided indicating a new dataset
should be created.  Please delete existing dataset and run again.

Creating output file that is 12000P x 12000L.
Processing /spatial_data/Original_Datasets/GHSL/uncompressed/builtup/R2023A/GHS_BUILT_S_E2020_GLOBE_R2023A_4326_3ss_V1_0.tif [1/1] : 0...10...20...30...40...50...60...70...80...90...100 - done.
Creating output file that is 12000P x 12000L.
Processing /spatial_data/Original_Datasets/GHSL/uncompressed/builtup/R2023A/GHS_BUILT_S_E2020_GLOBE_R2023A_4326_3ss_V1_0.tif [1/1] : 0...10...20...30...40...50...60...70...80...90...100 - done.
ERROR 1: Output dataset /spatial_data/Derived_Datasets/RASTER/GHSL/R2023A/builtup_new/tiles_2020/builtup_tile_350.tif exists,
but some command line options were provided indicating a new dataset
should be created.  Please delete existing dataset and run again.

Creating output file that is 12000P x 12000L.
Processing /spatial_data/Original_Datasets/GHSL/uncompressed/builtup/R2023A/GHS_BUILT_S_E2020_GLOBE_R2023A_4326_3ss_V1_0.tif [1/1] : 0...10...20...30...40...50...60...70...80...90...100 - done.
Creating output file that is 12000P x 12000L.
Processing /spatial_data/Original_Datasets/GHSL/uncompressed/builtup/R2023A/GHS_BUILT_S_E2020_GLOBE_R2023A_4326_3ss_V1_0.tif [1/1] : 0...10...20...30...40...50...60...70...80...90...100 - done.
ERROR 1: Output dataset /spatial_data/Derived_Datasets/RASTER/GHSL/R2023A/builtup_new/tiles_2020/builtup_tile_351.tif exists,
but some command line options were provided indicating a new dataset
should be created.  Please delete existing dataset and run again.

ERROR 1: Output dataset /spatial_data/Derived_Datasets/RASTER/GHSL/R2023A/builtup_new/tiles_2020/builtup_tile_352.tif exists, but cannot be opened in update mode

Creating output file that is 12000P x 12000L.
Processing /spatial_data/Original_Datasets/GHSL/uncompressed/builtup/R2023A/GHS_BUILT_S_E2020_GLOBE_R2023A_4326_3ss_V1_0.tif [1/1] : 0...10...20...30...40...50...60...70...80...90...100 - done.
ERROR 1: Output dataset /spatial_data/Derived_Datasets/RASTER/GHSL/R2023A/builtup_new/tiles_2020/builtup_tile_353.tif exists,
but some command line options were provided indicating a new dataset
should be created.  Please delete existing dataset and run again.

Creating output file that is 12000P x 12000L.
Processing /spatial_data/Original_Datasets/GHSL/uncompressed/builtup/R2023A/GHS_BUILT_S_E2020_GLOBE_R2023A_4326_3ss_V1_0.tif [1/1] : 0...10...20...30...40...50...60...70...80...90...100 - done.
ERROR 1: Output dataset /spatial_data/Derived_Datasets/RASTER/GHSL/R2023A/builtup_new/tiles_2020/builtup_tile_354.tif exists,
but some command line options were provided indicating a new dataset
should be created.  Please delete existing dataset and run again.

Creating output file that is 12000P x 12000L.
Processing /spatial_data/Original_Datasets/GHSL/uncompressed/builtup/R2023A/GHS_BUILT_S_E2020_GLOBE_R2023A_4326_3ss_V1_0.tif [1/1] : 0...10...20...30...40...50...60...70...80...90...100 - done.
ERROR 1: Output dataset /spatial_data/Derived_Datasets/RASTER/GHSL/R2023A/builtup_new/tiles_2020/builtup_tile_355.tif exists,
but some command line options were provided indicating a new dataset
should be created.  Please delete existing dataset and run again.

Creating output file that is 12000P x 12000L.
Processing /spatial_data/Original_Datasets/GHSL/uncompressed/builtup/R2023A/GHS_BUILT_S_E2020_GLOBE_R2023A_4326_3ss_V1_0.tif [1/1] : 0...10...20...30...40...50...60...70...80...90...100 - done.
ERROR 1: Output dataset /spatial_data/Derived_Datasets/RASTER/GHSL/R2023A/builtup_new/tiles_2020/builtup_tile_356.tif exists,
but some command line options were provided indicating a new dataset
should be created.  Please delete existing dataset and run again.

Creating output file that is 12000P x 12000L.
Processing /spatial_data/Original_Datasets/GHSL/uncompressed/builtup/R2023A/GHS_BUILT_S_E2020_GLOBE_R2023A_4326_3ss_V1_0.tif [1/1] : 0...10...20...30...40...50...60...70...80...90...100 - done.
ERROR 1: Output dataset /spatial_data/Derived_Datasets/RASTER/GHSL/R2023A/builtup_new/tiles_2020/builtup_tile_357.tif exists,
but some command line options were provided indicating a new dataset
should be created.  Please delete existing dataset and run again.

Creating output file that is 12000P x 12000L.
Processing /spatial_data/Original_Datasets/GHSL/uncompressed/builtup/R2023A/GHS_BUILT_S_E2020_GLOBE_R2023A_4326_3ss_V1_0.tif [1/1] : 0...10...20...30...40...50...60...70...80...90...100 - done.
ERROR 1: Output dataset /spatial_data/Derived_Datasets/RASTER/GHSL/R2023A/builtup_new/tiles_2020/builtup_tile_358.tif exists,
but some command line options were provided indicating a new dataset
should be created.  Please delete existing dataset and run again.

Creating output file that is 12000P x 12000L.
Processing /spatial_data/Original_Datasets/GHSL/uncompressed/builtup/R2023A/GHS_BUILT_S_E2020_GLOBE_R2023A_4326_3ss_V1_0.tif [1/1] : 0...10...20...30...40...50...60...70...80...90...100 - done.
ERROR 1: Output dataset /spatial_data/Derived_Datasets/RASTER/GHSL/R2023A/builtup_new/tiles_2020/builtup_tile_359.tif exists,
but some command line options were provided indicating a new dataset
should be created.  Please delete existing dataset and run again.

Creating output file that is 12000P x 12000L.
Processing /spatial_data/Original_Datasets/GHSL/uncompressed/builtup/R2023A/GHS_BUILT_S_E2020_GLOBE_R2023A_4326_3ss_V1_0.tif [1/1] : 0...10...20...30...40...50...60...70...80...90...100 - done.
ERROR 1: Output dataset /spatial_data/Derived_Datasets/RASTER/GHSL/R2023A/builtup_new/tiles_2020/builtup_tile_360.tif exists,
but some command line options were provided indicating a new dataset
should be created.  Please delete existing dataset and run again.

Creating output file that is 12000P x 12000L.
Processing /spatial_data/Original_Datasets/GHSL/uncompressed/builtup/R2023A/GHS_BUILT_S_E2020_GLOBE_R2023A_4326_3ss_V1_0.tif [1/1] : 0...10...20...30...40...50...60...70...80...90...100 - done.
ERROR 1: Output dataset /spatial_data/Derived_Datasets/RASTER/GHSL/R2023A/builtup_new/tiles_2020/builtup_tile_361.tif exists,
but some command line options were provided indicating a new dataset
should be created.  Please delete existing dataset and run again.

Creating output file that is 12000P x 12000L.
Processing /spatial_data/Original_Datasets/GHSL/uncompressed/builtup/R2023A/GHS_BUILT_S_E2020_GLOBE_R2023A_4326_3ss_V1_0.tif [1/1] : 0...10...20...30...40...50...60...70...80...90...100 - done.
ERROR 1: Output dataset /spatial_data/Derived_Datasets/RASTER/GHSL/R2023A/builtup_new/tiles_2020/builtup_tile_362.tif exists,
but some command line options were provided indicating a new dataset
should be created.  Please delete existing dataset and run again.

Creating output file that is 12000P x 12000L.
Processing /spatial_data/Original_Datasets/GHSL/uncompressed/builtup/R2023A/GHS_BUILT_S_E2020_GLOBE_R2023A_4326_3ss_V1_0.tif [1/1] : 0...10...20...30...40...50...60...70...80...90...100 - done.
ERROR 1: Output dataset /spatial_data/Derived_Datasets/RASTER/GHSL/R2023A/builtup_new/tiles_2020/builtup_tile_363.tif exists,
but some command line options were provided indicating a new dataset
should be created.  Please delete existing dataset and run again.

Creating output file that is 12000P x 12000L.
Processing /spatial_data/Original_Datasets/GHSL/uncompressed/builtup/R2023A/GHS_BUILT_S_E2020_GLOBE_R2023A_4326_3ss_V1_0.tif [1/1] : 0...10...20...30...40...50...60...70...80...90...100 - done.
ERROR 1: Output dataset /spatial_data/Derived_Datasets/RASTER/GHSL/R2023A/builtup_new/tiles_2020/builtup_tile_364.tif exists,
but some command line options were provided indicating a new dataset
should be created.  Please delete existing dataset and run again.

Creating output file that is 12000P x 12000L.
Processing /spatial_data/Original_Datasets/GHSL/uncompressed/builtup/R2023A/GHS_BUILT_S_E2020_GLOBE_R2023A_4326_3ss_V1_0.tif [1/1] : 0...10...20...30...40...50...60...70...80...90...100 - done.
ERROR 1: Output dataset /spatial_data/Derived_Datasets/RASTER/GHSL/R2023A/builtup_new/tiles_2020/builtup_tile_365.tif exists,
but some command line options were provided indicating a new dataset
should be created.  Please delete existing dataset and run again.

Creating output file that is 12000P x 12000L.
Processing /spatial_data/Original_Datasets/GHSL/uncompressed/builtup/R2023A/GHS_BUILT_S_E2020_GLOBE_R2023A_4326_3ss_V1_0.tif [1/1] : 0...10...20...30...40...50...60...70...80...90...100 - done.
ERROR 1: Output dataset /spatial_data/Derived_Datasets/RASTER/GHSL/R2023A/builtup_new/tiles_2020/builtup_tile_366.tif exists,
but some command line options were provided indicating a new dataset
should be created.  Please delete existing dataset and run again.

Creating output file that is 12000P x 12000L.
Processing /spatial_data/Original_Datasets/GHSL/uncompressed/builtup/R2023A/GHS_BUILT_S_E2020_GLOBE_R2023A_4326_3ss_V1_0.tif [1/1] : 0...10...20...30...40...50...60...70...80...90...100 - done.
ERROR 1: Output dataset /spatial_data/Derived_Datasets/RASTER/GHSL/R2023A/builtup_new/tiles_2020/builtup_tile_367.tif exists,
but some command line options were provided indicating a new dataset
should be created.  Please delete existing dataset and run again.

Creating output file that is 12000P x 12000L.
Processing /spatial_data/Original_Datasets/GHSL/uncompressed/builtup/R2023A/GHS_BUILT_S_E2020_GLOBE_R2023A_4326_3ss_V1_0.tif [1/1] : 0...10...20...30...40...50...60...70...80...90...100 - done.
ERROR 1: Output dataset /spatial_data/Derived_Datasets/RASTER/GHSL/R2023A/builtup_new/tiles_2020/builtup_tile_368.tif exists,
but some command line options were provided indicating a new dataset
should be created.  Please delete existing dataset and run again.

Creating output file that is 12000P x 12000L.
Processing /spatial_data/Original_Datasets/GHSL/uncompressed/builtup/R2023A/GHS_BUILT_S_E2020_GLOBE_R2023A_4326_3ss_V1_0.tif [1/1] : 0...10...20...30...40...50...60...70...80...90...100 - done.
ERROR 1: Output dataset /spatial_data/Derived_Datasets/RASTER/GHSL/R2023A/builtup_new/tiles_2020/builtup_tile_369.tif exists,
but some command line options were provided indicating a new dataset
should be created.  Please delete existing dataset and run again.

Creating output file that is 12000P x 12000L.
Processing /spatial_data/Original_Datasets/GHSL/uncompressed/builtup/R2023A/GHS_BUILT_S_E2020_GLOBE_R2023A_4326_3ss_V1_0.tif [1/1] : 0...10...20...30...40...50...60...70...80...90...100 - done.
ERROR 1: Output dataset /spatial_data/Derived_Datasets/RASTER/GHSL/R2023A/builtup_new/tiles_2020/builtup_tile_370.tif exists,
but some command line options were provided indicating a new dataset
should be created.  Please delete existing dataset and run again.

Creating output file that is 12000P x 12000L.
Processing /spatial_data/Original_Datasets/GHSL/uncompressed/builtup/R2023A/GHS_BUILT_S_E2020_GLOBE_R2023A_4326_3ss_V1_0.tif [1/1] : 0...10...20...30...40...50...60...70...80...90...100 - done.
ERROR 1: Output dataset /spatial_data/Derived_Datasets/RASTER/GHSL/R2023A/builtup_new/tiles_2020/builtup_tile_371.tif exists,
but some command line options were provided indicating a new dataset
should be created.  Please delete existing dataset and run again.

Creating output file that is 12000P x 12000L.
Processing /spatial_data/Original_Datasets/GHSL/uncompressed/builtup/R2023A/GHS_BUILT_S_E2020_GLOBE_R2023A_4326_3ss_V1_0.tif [1/1] : 0...10...20...30...40...50...60...70...80...90...100 - done.
ERROR 1: Output dataset /spatial_data/Derived_Datasets/RASTER/GHSL/R2023A/builtup_new/tiles_2020/builtup_tile_372.tif exists,
but some command line options were provided indicating a new dataset
should be created.  Please delete existing dataset and run again.

Creating output file that is 12000P x 12000L.
Processing /spatial_data/Original_Datasets/GHSL/uncompressed/builtup/R2023A/GHS_BUILT_S_E2020_GLOBE_R2023A_4326_3ss_V1_0.tif [1/1] : 0...10...20...30...40...50...60...70...80...90...100 - done.
ERROR 1: Output dataset /spatial_data/Derived_Datasets/RASTER/GHSL/R2023A/builtup_new/tiles_2020/builtup_tile_373.tif exists,
but some command line options were provided indicating a new dataset
should be created.  Please delete existing dataset and run again.

Creating output file that is 12000P x 12000L.
Processing /spatial_data/Original_Datasets/GHSL/uncompressed/builtup/R2023A/GHS_BUILT_S_E2020_GLOBE_R2023A_4326_3ss_V1_0.tif [1/1] : 0...10...20...30...40...50...60...70...80...90...100 - done.
ERROR 1: Output dataset /spatial_data/Derived_Datasets/RASTER/GHSL/R2023A/builtup_new/tiles_2020/builtup_tile_374.tif exists,
but some command line options were provided indicating a new dataset
should be created.  Please delete existing dataset and run again.

Creating output file that is 12000P x 12000L.
Processing /spatial_data/Original_Datasets/GHSL/uncompressed/builtup/R2023A/GHS_BUILT_S_E2020_GLOBE_R2023A_4326_3ss_V1_0.tif [1/1] : 0...10...20...30...40...50...60...70...80...90...100 - done.
Creating output file that is 12000P x 12000L.
Processing /spatial_data/Original_Datasets/GHSL/uncompressed/builtup/R2023A/GHS_BUILT_S_E2020_GLOBE_R2023A_4326_3ss_V1_0.tif [1/1] : 0...10...20...30...40...50...60...70...80...90...100 - done.
Creating output file that is 12000P x 12000L.
Processing /spatial_data/Original_Datasets/GHSL/uncompressed/builtup/R2023A/GHS_BUILT_S_E2020_GLOBE_R2023A_4326_3ss_V1_0.tif [1/1] : 0...10...20...30...40...50...60...70...80...90...100 - done.
ERROR 1: Output dataset /spatial_data/Derived_Datasets/RASTER/GHSL/R2023A/builtup_new/tiles_2020/builtup_tile_376.tif exists,
but some command line options were provided indicating a new dataset
should be created.  Please delete existing dataset and run again.

Creating output file that is 12000P x 12000L.
Processing /spatial_data/Original_Datasets/GHSL/uncompressed/builtup/R2023A/GHS_BUILT_S_E2020_GLOBE_R2023A_4326_3ss_V1_0.tif [1/1] : 0...10...20...30...40...50...60...70...80...90...100 - done.
ERROR 1: Output dataset /spatial_data/Derived_Datasets/RASTER/GHSL/R2023A/builtup_new/tiles_2020/builtup_tile_377.tif exists,
but some command line options were provided indicating a new dataset
should be created.  Please delete existing dataset and run again.

Creating output file that is 12000P x 12000L.
Processing /spatial_data/Original_Datasets/GHSL/uncompressed/builtup/R2023A/GHS_BUILT_S_E2020_GLOBE_R2023A_4326_3ss_V1_0.tif [1/1] : 0...10...20...30...40...50...60...70...80...90...100 - done.
ERROR 1: Output dataset /spatial_data/Derived_Datasets/RASTER/GHSL/R2023A/builtup_new/tiles_2020/builtup_tile_378.tif exists,
but some command line options were provided indicating a new dataset
should be created.  Please delete existing dataset and run again.

Creating output file that is 12000P x 12000L.
Processing /spatial_data/Original_Datasets/GHSL/uncompressed/builtup/R2023A/GHS_BUILT_S_E2020_GLOBE_R2023A_4326_3ss_V1_0.tif [1/1] : 0...10...20...30...40...50...60...70...80...90...100 - done.
ERROR 1: Output dataset /spatial_data/Derived_Datasets/RASTER/GHSL/R2023A/builtup_new/tiles_2020/builtup_tile_379.tif exists,
but some command line options were provided indicating a new dataset
should be created.  Please delete existing dataset and run again.

Creating output file that is 12000P x 12000L.
Processing /spatial_data/Original_Datasets/GHSL/uncompressed/builtup/R2023A/GHS_BUILT_S_E2020_GLOBE_R2023A_4326_3ss_V1_0.tif [1/1] : 0...10...20...30...40...50...60...70...80...90...100 - done.
ERROR 1: Output dataset /spatial_data/Derived_Datasets/RASTER/GHSL/R2023A/builtup_new/tiles_2020/builtup_tile_380.tif exists,
but some command line options were provided indicating a new dataset
should be created.  Please delete existing dataset and run again.

Creating output file that is 12000P x 12000L.
Processing /spatial_data/Original_Datasets/GHSL/uncompressed/builtup/R2023A/GHS_BUILT_S_E2020_GLOBE_R2023A_4326_3ss_V1_0.tif [1/1] : 0...10...20...30...40...50...60...70...80...90...100 - done.
ERROR 1: Output dataset /spatial_data/Derived_Datasets/RASTER/GHSL/R2023A/builtup_new/tiles_2020/builtup_tile_381.tif exists,
but some command line options were provided indicating a new dataset
should be created.  Please delete existing dataset and run again.

Creating output file that is 12000P x 12000L.
Processing /spatial_data/Original_Datasets/GHSL/uncompressed/builtup/R2023A/GHS_BUILT_S_E2020_GLOBE_R2023A_4326_3ss_V1_0.tif [1/1] : 0...10...20...30...40...50...60...70...80...90...100 - done.
ERROR 1: Output dataset /spatial_data/Derived_Datasets/RASTER/GHSL/R2023A/builtup_new/tiles_2020/builtup_tile_382.tif exists,
but some command line options were provided indicating a new dataset
should be created.  Please delete existing dataset and run again.

Creating output file that is 12000P x 12000L.
Processing /spatial_data/Original_Datasets/GHSL/uncompressed/builtup/R2023A/GHS_BUILT_S_E2020_GLOBE_R2023A_4326_3ss_V1_0.tif [1/1] : 0...10...20...30...40...50...60...70...80...90...100 - done.
Creating output file that is 12000P x 12000L.
Processing /spatial_data/Original_Datasets/GHSL/uncompressed/builtup/R2023A/GHS_BUILT_S_E2020_GLOBE_R2023A_4326_3ss_V1_0.tif [1/1] : 0...10...20...30...40...50...60...70...80...90...100 - done.
Creating output file that is 12000P x 12000L.
Processing /spatial_data/Original_Datasets/GHSL/uncompressed/builtup/R2023A/GHS_BUILT_S_E2020_GLOBE_R2023A_4326_3ss_V1_0.tif [1/1] : 0...10...20...30...40...50...60...70...80...90...100 - done.
ERROR 1: Output dataset /spatial_data/Derived_Datasets/RASTER/GHSL/R2023A/builtup_new/tiles_2020/builtup_tile_384.tif exists,
but some command line options were provided indicating a new dataset
should be created.  Please delete existing dataset and run again.

Creating output file that is 12000P x 12000L.
Processing /spatial_data/Original_Datasets/GHSL/uncompressed/builtup/R2023A/GHS_BUILT_S_E2020_GLOBE_R2023A_4326_3ss_V1_0.tif [1/1] : 0...10...20...30...40...50...60...70...80...90...100 - done.
Creating output file that is 12000P x 12000L.
Processing /spatial_data/Original_Datasets/GHSL/uncompressed/builtup/R2023A/GHS_BUILT_S_E2020_GLOBE_R2023A_4326_3ss_V1_0.tif [1/1] : 0...10...20...30...40...50...60...70...80...90...100 - done.
Creating output file that is 12000P x 12000L.
Processing /spatial_data/Original_Datasets/GHSL/uncompressed/builtup/R2023A/GHS_BUILT_S_E2020_GLOBE_R2023A_4326_3ss_V1_0.tif [1/1] : 0...10...20...30...40...50...60...70...80...90...100 - done.
ERROR 1: Output dataset /spatial_data/Derived_Datasets/RASTER/GHSL/R2023A/builtup_new/tiles_2020/builtup_tile_386.tif exists,
but some command line options were provided indicating a new dataset
should be created.  Please delete existing dataset and run again.

Creating output file that is 12000P x 12000L.
Processing /spatial_data/Original_Datasets/GHSL/uncompressed/builtup/R2023A/GHS_BUILT_S_E2020_GLOBE_R2023A_4326_3ss_V1_0.tif [1/1] : 0...10...20...30...40...50...60...70...80...90...100 - done.
Creating output file that is 12000P x 12000L.
Processing /spatial_data/Original_Datasets/GHSL/uncompressed/builtup/R2023A/GHS_BUILT_S_E2020_GLOBE_R2023A_4326_3ss_V1_0.tif [1/1] : 0...10...20...30...40...50...60...70...80...90...100 - done.
ERROR 1: Output dataset /spatial_data/Derived_Datasets/RASTER/GHSL/R2023A/builtup_new/tiles_2020/builtup_tile_387.tif exists,
but some command line options were provided indicating a new dataset
should be created.  Please delete existing dataset and run again.

Creating output file that is 12000P x 12000L.
Processing /spatial_data/Original_Datasets/GHSL/uncompressed/builtup/R2023A/GHS_BUILT_S_E2020_GLOBE_R2023A_4326_3ss_V1_0.tif [1/1] : 0...10...20...30...40...50...60...70...80...90...100 - done.
Creating output file that is 12000P x 12000L.
Processing /spatial_data/Original_Datasets/GHSL/uncompressed/builtup/R2023A/GHS_BUILT_S_E2020_GLOBE_R2023A_4326_3ss_V1_0.tif [1/1] : 0...10...20...30...40...50...60...70...80...90...100 - done.
Creating output file that is 12000P x 12000L.
Processing /spatial_data/Original_Datasets/GHSL/uncompressed/builtup/R2023A/GHS_BUILT_S_E2020_GLOBE_R2023A_4326_3ss_V1_0.tif [1/1] : 0...10...20...30...40...50...60...70...80...90...100 - done.
Creating output file that is 12000P x 12000L.
Processing /spatial_data/Original_Datasets/GHSL/uncompressed/builtup/R2023A/GHS_BUILT_S_E2020_GLOBE_R2023A_4326_3ss_V1_0.tif [1/1] : 0...10...20...30...40...50...60...70...80...90...100 - done.
Creating output file that is 12000P x 12000L.
Processing /spatial_data/Original_Datasets/GHSL/uncompressed/builtup/R2023A/GHS_BUILT_S_E2020_GLOBE_R2023A_4326_3ss_V1_0.tif [1/1] : 0...10...20...30...40...50...60...70...80...90...100 - done.
Creating output file that is 12000P x 12000L.
Processing /spatial_data/Original_Datasets/GHSL/uncompressed/builtup/R2023A/GHS_BUILT_S_E2020_GLOBE_R2023A_4326_3ss_V1_0.tif [1/1] : 0...10...20...30...40...50...60...70...80...90...100 - done.
ERROR 1: Output dataset /spatial_data/Derived_Datasets/RASTER/GHSL/R2023A/builtup_new/tiles_2020/builtup_tile_391.tif exists,
but some command line options were provided indicating a new dataset
should be created.  Please delete existing dataset and run again.

Creating output file that is 12000P x 12000L.
Processing /spatial_data/Original_Datasets/GHSL/uncompressed/builtup/R2023A/GHS_BUILT_S_E2020_GLOBE_R2023A_4326_3ss_V1_0.tif [1/1] : 0...10...20...30...40...50...60...70...80...90...100 - done.
ERROR 1: Output dataset /spatial_data/Derived_Datasets/RASTER/GHSL/R2023A/builtup_new/tiles_2020/builtup_tile_392.tif exists,
but some command line options were provided indicating a new dataset
should be created.  Please delete existing dataset and run again.

Creating output file that is 12000P x 12000L.
Processing /spatial_data/Original_Datasets/GHSL/uncompressed/builtup/R2023A/GHS_BUILT_S_E2020_GLOBE_R2023A_4326_3ss_V1_0.tif [1/1] : 0...10...20...30...40...50...60...70...80...90...100 - done.
ERROR 1: Output dataset /spatial_data/Derived_Datasets/RASTER/GHSL/R2023A/builtup_new/tiles_2020/builtup_tile_393.tif exists, but cannot be opened in update mode

Creating output file that is 12000P x 12000L.
Processing /spatial_data/Original_Datasets/GHSL/uncompressed/builtup/R2023A/GHS_BUILT_S_E2020_GLOBE_R2023A_4326_3ss_V1_0.tif [1/1] : 0...10...20...30...40...50...60...70...80...90...100 - done.
ERROR 1: Output dataset /spatial_data/Derived_Datasets/RASTER/GHSL/R2023A/builtup_new/tiles_2020/builtup_tile_394.tif exists,
but some command line options were provided indicating a new dataset
should be created.  Please delete existing dataset and run again.

Creating output file that is 12000P x 12000L.
Processing /spatial_data/Original_Datasets/GHSL/uncompressed/builtup/R2023A/GHS_BUILT_S_E2020_GLOBE_R2023A_4326_3ss_V1_0.tif [1/1] : 0...10...20...30...40...50...60...70...80...90...100 - done.
Creating output file that is 12000P x 12000L.
Processing /spatial_data/Original_Datasets/GHSL/uncompressed/builtup/R2023A/GHS_BUILT_S_E2020_GLOBE_R2023A_4326_3ss_V1_0.tif [1/1] : 0...10...20...30...40...50...60...70...80...90...100 - done.
Creating output file that is 12000P x 12000L.
Processing /spatial_data/Original_Datasets/GHSL/uncompressed/builtup/R2023A/GHS_BUILT_S_E2020_GLOBE_R2023A_4326_3ss_V1_0.tif [1/1] : 0...10...20...30...40...50...60...70...80...90...100 - done.
ERROR 1: Output dataset /spatial_data/Derived_Datasets/RASTER/GHSL/R2023A/builtup_new/tiles_2020/builtup_tile_396.tif exists,
but some command line options were provided indicating a new dataset
should be created.  Please delete existing dataset and run again.

Creating output file that is 12000P x 12000L.
Processing /spatial_data/Original_Datasets/GHSL/uncompressed/builtup/R2023A/GHS_BUILT_S_E2020_GLOBE_R2023A_4326_3ss_V1_0.tif [1/1] : 0...10...20...30...40...50...60...70...80...90...100 - done.
ERROR 1: Output dataset /spatial_data/Derived_Datasets/RASTER/GHSL/R2023A/builtup_new/tiles_2020/builtup_tile_397.tif exists,
but some command line options were provided indicating a new dataset
should be created.  Please delete existing dataset and run again.

Creating output file that is 12000P x 12000L.
Processing /spatial_data/Original_Datasets/GHSL/uncompressed/builtup/R2023A/GHS_BUILT_S_E2020_GLOBE_R2023A_4326_3ss_V1_0.tif [1/1] : 0...10...20...30...40...50...60...70...80...90...100 - done.
ERROR 1: Output dataset /spatial_data/Derived_Datasets/RASTER/GHSL/R2023A/builtup_new/tiles_2020/builtup_tile_398.tif exists,
but some command line options were provided indicating a new dataset
should be created.  Please delete existing dataset and run again.

Creating output file that is 12000P x 12000L.
Processing /spatial_data/Original_Datasets/GHSL/uncompressed/builtup/R2023A/GHS_BUILT_S_E2020_GLOBE_R2023A_4326_3ss_V1_0.tif [1/1] : 0...10...20...30...40...50...60...70...80...90...100 - done.
Creating output file that is 12000P x 12000L.
Processing /spatial_data/Original_Datasets/GHSL/uncompressed/builtup/R2023A/GHS_BUILT_S_E2020_GLOBE_R2023A_4326_3ss_V1_0.tif [1/1] : 0...10...20...30...40...50...60...70...80...90...100 - done.
Creating output file that is 12000P x 12000L.
Processing /spatial_data/Original_Datasets/GHSL/uncompressed/builtup/R2023A/GHS_BUILT_S_E2020_GLOBE_R2023A_4326_3ss_V1_0.tif [1/1] : 0...10...20...30...40...50...60...70...80...90...100 - done.
ERROR 1: Output dataset /spatial_data/Derived_Datasets/RASTER/GHSL/R2023A/builtup_new/tiles_2020/builtup_tile_400.tif exists,
but some command line options were provided indicating a new dataset
should be created.  Please delete existing dataset and run again.

Creating output file that is 12000P x 12000L.
Processing /spatial_data/Original_Datasets/GHSL/uncompressed/builtup/R2023A/GHS_BUILT_S_E2020_GLOBE_R2023A_4326_3ss_V1_0.tif [1/1] : 0...10...20...30...40...50...60...70...80...90...100 - done.
Creating output file that is 12000P x 12000L.
Processing /spatial_data/Original_Datasets/GHSL/uncompressed/builtup/R2023A/GHS_BUILT_S_E2020_GLOBE_R2023A_4326_3ss_V1_0.tif [1/1] : 0...10...20...30...40...50...60...70...80...90...100 - done.
ERROR 1: Output dataset /spatial_data/Derived_Datasets/RASTER/GHSL/R2023A/builtup_new/tiles_2020/builtup_tile_401.tif exists,
but some command line options were provided indicating a new dataset
should be created.  Please delete existing dataset and run again.

Creating output file that is 12000P x 12000L.
Processing /spatial_data/Original_Datasets/GHSL/uncompressed/builtup/R2023A/GHS_BUILT_S_E2020_GLOBE_R2023A_4326_3ss_V1_0.tif [1/1] : 0...10...20...30...40...50...60...70...80...90...100 - done.
Creating output file that is 12000P x 12000L.
Processing /spatial_data/Original_Datasets/GHSL/uncompressed/builtup/R2023A/GHS_BUILT_S_E2020_GLOBE_R2023A_4326_3ss_V1_0.tif [1/1] : 0...10...20...30...40...50...60...70...80...90...100 - done.
ERROR 1: Output dataset /spatial_data/Derived_Datasets/RASTER/GHSL/R2023A/builtup_new/tiles_2020/builtup_tile_403.tif exists,
but some command line options were provided indicating a new dataset
should be created.  Please delete existing dataset and run again.

Creating output file that is 12000P x 12000L.
Processing /spatial_data/Original_Datasets/GHSL/uncompressed/builtup/R2023A/GHS_BUILT_S_E2020_GLOBE_R2023A_4326_3ss_V1_0.tif [1/1] : 0...10...20...30...40...50...60...70...80...90...100 - done.
Creating output file that is 12000P x 12000L.
Processing /spatial_data/Original_Datasets/GHSL/uncompressed/builtup/R2023A/GHS_BUILT_S_E2020_GLOBE_R2023A_4326_3ss_V1_0.tif [1/1] : 0...10...20...30...40...50...60...70...80...90...100 - done.
ERROR 1: Output dataset /spatial_data/Derived_Datasets/RASTER/GHSL/R2023A/builtup_new/tiles_2020/builtup_tile_404.tif exists,
but some command line options were provided indicating a new dataset
should be created.  Please delete existing dataset and run again.

Creating output file that is 12000P x 12000L.
Processing /spatial_data/Original_Datasets/GHSL/uncompressed/builtup/R2023A/GHS_BUILT_S_E2020_GLOBE_R2023A_4326_3ss_V1_0.tif [1/1] : 0...10...20...30...40...50...60...70...80...90...100 - done.
Creating output file that is 12000P x 12000L.
Processing /spatial_data/Original_Datasets/GHSL/uncompressed/builtup/R2023A/GHS_BUILT_S_E2020_GLOBE_R2023A_4326_3ss_V1_0.tif [1/1] : 0...10...20...30...40...50...60...70...80...90...100 - done.
ERROR 1: Output dataset /spatial_data/Derived_Datasets/RASTER/GHSL/R2023A/builtup_new/tiles_2020/builtup_tile_406.tif exists,
but some command line options were provided indicating a new dataset
should be created.  Please delete existing dataset and run again.

Creating output file that is 12000P x 12000L.
Processing /spatial_data/Original_Datasets/GHSL/uncompressed/builtup/R2023A/GHS_BUILT_S_E2020_GLOBE_R2023A_4326_3ss_V1_0.tif [1/1] : 0...10...20...30...40...50...60...70...80...90...100 - done.
Creating output file that is 12000P x 12000L.
Processing /spatial_data/Original_Datasets/GHSL/uncompressed/builtup/R2023A/GHS_BUILT_S_E2020_GLOBE_R2023A_4326_3ss_V1_0.tif [1/1] : 0...10...20...30...40...50...60...70...80...90...100 - done.
ERROR 1: Output dataset /spatial_data/Derived_Datasets/RASTER/GHSL/R2023A/builtup_new/tiles_2020/builtup_tile_407.tif exists,
but some command line options were provided indicating a new dataset
should be created.  Please delete existing dataset and run again.

Creating output file that is 12000P x 12000L.
Processing /spatial_data/Original_Datasets/GHSL/uncompressed/builtup/R2023A/GHS_BUILT_S_E2020_GLOBE_R2023A_4326_3ss_V1_0.tif [1/1] : 0...10...20...30...40...50...60...70...80...90...100 - done.
Creating output file that is 12000P x 12000L.
Processing /spatial_data/Original_Datasets/GHSL/uncompressed/builtup/R2023A/GHS_BUILT_S_E2020_GLOBE_R2023A_4326_3ss_V1_0.tif [1/1] : 0...10...20...30...40...50...60...70...80...90...100 - done.
ERROR 1: Output dataset /spatial_data/Derived_Datasets/RASTER/GHSL/R2023A/builtup_new/tiles_2020/builtup_tile_409.tif exists,
but some command line options were provided indicating a new dataset
should be created.  Please delete existing dataset and run again.

Creating output file that is 12000P x 12000L.
Processing /spatial_data/Original_Datasets/GHSL/uncompressed/builtup/R2023A/GHS_BUILT_S_E2020_GLOBE_R2023A_4326_3ss_V1_0.tif [1/1] : 0...10...20...30...40...50...60...70...80...90...100 - done.
Creating output file that is 12000P x 12000L.
Processing /spatial_data/Original_Datasets/GHSL/uncompressed/builtup/R2023A/GHS_BUILT_S_E2020_GLOBE_R2023A_4326_3ss_V1_0.tif [1/1] : 0...10...20...30...40...50...60...70...80...90...100 - done.
Creating output file that is 12000P x 12000L.
Processing /spatial_data/Original_Datasets/GHSL/uncompressed/builtup/R2023A/GHS_BUILT_S_E2020_GLOBE_R2023A_4326_3ss_V1_0.tif [1/1] : 0...10...20...30...40...50...60...70...80...90...100 - done.
Creating output file that is 12000P x 12000L.
Processing /spatial_data/Original_Datasets/GHSL/uncompressed/builtup/R2023A/GHS_BUILT_S_E2020_GLOBE_R2023A_4326_3ss_V1_0.tif [1/1] : 0...10...20...30...40...50...60...70...80...90...100 - done.
Creating output file that is 12000P x 12000L.
Processing /spatial_data/Original_Datasets/GHSL/uncompressed/builtup/R2023A/GHS_BUILT_S_E2020_GLOBE_R2023A_4326_3ss_V1_0.tif [1/1] : 0...10...20...30...40...50...60...70...80...90...100 - done.
Creating output file that is 12000P x 12000L.
Processing /spatial_data/Original_Datasets/GHSL/uncompressed/builtup/R2023A/GHS_BUILT_S_E2020_GLOBE_R2023A_4326_3ss_V1_0.tif [1/1] : 0...10...20...30...40...50...60...70...80...90...100 - done.
Creating output file that is 12000P x 12000L.
Processing /spatial_data/Original_Datasets/GHSL/uncompressed/builtup/R2023A/GHS_BUILT_S_E2020_GLOBE_R2023A_4326_3ss_V1_0.tif [1/1] : 0...10...20...30...40...50...60...70...80...90...100 - done.
Creating output file that is 12000P x 12000L.
Processing /spatial_data/Original_Datasets/GHSL/uncompressed/builtup/R2023A/GHS_BUILT_S_E2020_GLOBE_R2023A_4326_3ss_V1_0.tif [1/1] : 0...10...20...30...40...50...60...70...80...90...100 - done.
Creating output file that is 12000P x 12000L.
Processing /spatial_data/Original_Datasets/GHSL/uncompressed/builtup/R2023A/GHS_BUILT_S_E2020_GLOBE_R2023A_4326_3ss_V1_0.tif [1/1] : 0...10...20...30...40...50...60...70...80...90...100 - done.
ERROR 1: Output dataset /spatial_data/Derived_Datasets/RASTER/GHSL/R2023A/builtup_new/tiles_2020/builtup_tile_414.tif exists,
but some command line options were provided indicating a new dataset
should be created.  Please delete existing dataset and run again.

Creating output file that is 12000P x 12000L.
Processing /spatial_data/Original_Datasets/GHSL/uncompressed/builtup/R2023A/GHS_BUILT_S_E2020_GLOBE_R2023A_4326_3ss_V1_0.tif [1/1] : 0...10...20...30...40...50...60...70...80...90...100 - done.
Creating output file that is 12000P x 12000L.
Processing /spatial_data/Original_Datasets/GHSL/uncompressed/builtup/R2023A/GHS_BUILT_S_E2020_GLOBE_R2023A_4326_3ss_V1_0.tif [1/1] : 0...10...20...30...40...50...60...70...80...90...100 - done.
Creating output file that is 12000P x 12000L.
Processing /spatial_data/Original_Datasets/GHSL/uncompressed/builtup/R2023A/GHS_BUILT_S_E2020_GLOBE_R2023A_4326_3ss_V1_0.tif [1/1] : 0...10...20...30...40...50...60...70...80...90...100 - done.
ERROR 1: Output dataset /spatial_data/Derived_Datasets/RASTER/GHSL/R2023A/builtup_new/tiles_2020/builtup_tile_416.tif exists,
but some command line options were provided indicating a new dataset
should be created.  Please delete existing dataset and run again.

Creating output file that is 12000P x 12000L.
Processing /spatial_data/Original_Datasets/GHSL/uncompressed/builtup/R2023A/GHS_BUILT_S_E2020_GLOBE_R2023A_4326_3ss_V1_0.tif [1/1] : 0...10...20...30...40...50...60...70...80...90...100 - done.
Creating output file that is 12000P x 12000L.
Processing /spatial_data/Original_Datasets/GHSL/uncompressed/builtup/R2023A/GHS_BUILT_S_E2020_GLOBE_R2023A_4326_3ss_V1_0.tif [1/1] : 0...10...20...30...40...50...60...70...80...90...100 - done.
Creating output file that is 12000P x 12000L.
Processing /spatial_data/Original_Datasets/GHSL/uncompressed/builtup/R2023A/GHS_BUILT_S_E2020_GLOBE_R2023A_4326_3ss_V1_0.tif [1/1] : 0...10...20...30...40...50...60...70...80...90...100 - done.
ERROR 1: Output dataset /spatial_data/Derived_Datasets/RASTER/GHSL/R2023A/builtup_new/tiles_2020/builtup_tile_417.tif exists,
but some command line options were provided indicating a new dataset
should be created.  Please delete existing dataset and run again.

Creating output file that is 12000P x 12000L.
Processing /spatial_data/Original_Datasets/GHSL/uncompressed/builtup/R2023A/GHS_BUILT_S_E2020_GLOBE_R2023A_4326_3ss_V1_0.tif [1/1] : 0...10...20...30...40...50...60...70...80...90...100 - done.
ERROR 1: Output dataset /spatial_data/Derived_Datasets/RASTER/GHSL/R2023A/builtup_new/tiles_2020/builtup_tile_419.tif exists,
but some command line options were provided indicating a new dataset
should be created.  Please delete existing dataset and run again.

Creating output file that is 12000P x 12000L.
Processing /spatial_data/Original_Datasets/GHSL/uncompressed/builtup/R2023A/GHS_BUILT_S_E2020_GLOBE_R2023A_4326_3ss_V1_0.tif [1/1] : 0...10...20...30...40...50...60...70...80...90...100 - done.
Creating output file that is 12000P x 12000L.
Processing /spatial_data/Original_Datasets/GHSL/uncompressed/builtup/R2023A/GHS_BUILT_S_E2020_GLOBE_R2023A_4326_3ss_V1_0.tif [1/1] : 0...10...20...30...40...50...60...70...80...90...100 - done.
Creating output file that is 12000P x 12000L.
Processing /spatial_data/Original_Datasets/GHSL/uncompressed/builtup/R2023A/GHS_BUILT_S_E2020_GLOBE_R2023A_4326_3ss_V1_0.tif [1/1] : 0...10...20...30...40...50...60...70...80...90...100 - done.
ERROR 1: Output dataset /spatial_data/Derived_Datasets/RASTER/GHSL/R2023A/builtup_new/tiles_2020/builtup_tile_420.tif exists,
but some command line options were provided indicating a new dataset
should be created.  Please delete existing dataset and run again.

Creating output file that is 12000P x 12000L.
Processing /spatial_data/Original_Datasets/GHSL/uncompressed/builtup/R2023A/GHS_BUILT_S_E2020_GLOBE_R2023A_4326_3ss_V1_0.tif [1/1] : 0...10...20...30...40...50...60...70...80...90...100 - done.
ERROR 1: Output dataset /spatial_data/Derived_Datasets/RASTER/GHSL/R2023A/builtup_new/tiles_2020/builtup_tile_422.tif exists,
but some command line options were provided indicating a new dataset
should be created.  Please delete existing dataset and run again.

Creating output file that is 12000P x 12000L.
Processing /spatial_data/Original_Datasets/GHSL/uncompressed/builtup/R2023A/GHS_BUILT_S_E2020_GLOBE_R2023A_4326_3ss_V1_0.tif [1/1] : 0...10...20...30...40...50...60...70...80...90...100 - done.
ERROR 1: Output dataset /spatial_data/Derived_Datasets/RASTER/GHSL/R2023A/builtup_new/tiles_2020/builtup_tile_423.tif exists,
but some command line options were provided indicating a new dataset
should be created.  Please delete existing dataset and run again.

Creating output file that is 12000P x 12000L.
Processing /spatial_data/Original_Datasets/GHSL/uncompressed/builtup/R2023A/GHS_BUILT_S_E2020_GLOBE_R2023A_4326_3ss_V1_0.tif [1/1] : 0...10...20...30...40...50...60...70...80...90...100 - done.
ERROR 1: Output dataset /spatial_data/Derived_Datasets/RASTER/GHSL/R2023A/builtup_new/tiles_2020/builtup_tile_424.tif exists,
but some command line options were provided indicating a new dataset
should be created.  Please delete existing dataset and run again.

Creating output file that is 12000P x 12000L.
Processing /spatial_data/Original_Datasets/GHSL/uncompressed/builtup/R2023A/GHS_BUILT_S_E2020_GLOBE_R2023A_4326_3ss_V1_0.tif [1/1] : 0...10...20...30...40...50...60...70...80...90...100 - done.
ERROR 1: Output dataset /spatial_data/Derived_Datasets/RASTER/GHSL/R2023A/builtup_new/tiles_2020/builtup_tile_425.tif exists,
but some command line options were provided indicating a new dataset
should be created.  Please delete existing dataset and run again.

Creating output file that is 12000P x 12000L.
Processing /spatial_data/Original_Datasets/GHSL/uncompressed/builtup/R2023A/GHS_BUILT_S_E2020_GLOBE_R2023A_4326_3ss_V1_0.tif [1/1] : 0...10...20...30...40...50...60...70...80...90...100 - done.
ERROR 1: Output dataset /spatial_data/Derived_Datasets/RASTER/GHSL/R2023A/builtup_new/tiles_2020/builtup_tile_426.tif exists,
but some command line options were provided indicating a new dataset
should be created.  Please delete existing dataset and run again.

Creating output file that is 12000P x 12000L.
Processing /spatial_data/Original_Datasets/GHSL/uncompressed/builtup/R2023A/GHS_BUILT_S_E2020_GLOBE_R2023A_4326_3ss_V1_0.tif [1/1] : 0...10...20...30...40...50...60...70...80...90...100 - done.
Creating output file that is 12000P x 12000L.
Processing /spatial_data/Original_Datasets/GHSL/uncompressed/builtup/R2023A/GHS_BUILT_S_E2020_GLOBE_R2023A_4326_3ss_V1_0.tif [1/1] : 0...10...20...30...40...50...60...70...80...90...100 - done.
ERROR 1: Output dataset /spatial_data/Derived_Datasets/RASTER/GHSL/R2023A/builtup_new/tiles_2020/builtup_tile_427.tif exists,
but some command line options were provided indicating a new dataset
should be created.  Please delete existing dataset and run again.

Creating output file that is 12000P x 12000L.
Processing /spatial_data/Original_Datasets/GHSL/uncompressed/builtup/R2023A/GHS_BUILT_S_E2020_GLOBE_R2023A_4326_3ss_V1_0.tif [1/1] : 0...10...20...30...40...50...60...70...80...90...100 - done.
Creating output file that is 12000P x 12000L.
Processing /spatial_data/Original_Datasets/GHSL/uncompressed/builtup/R2023A/GHS_BUILT_S_E2020_GLOBE_R2023A_4326_3ss_V1_0.tif [1/1] : 0...10...20...30...40...50...60...70...80...90...100 - done.
ERROR 1: Output dataset /spatial_data/Derived_Datasets/RASTER/GHSL/R2023A/builtup_new/tiles_2020/builtup_tile_429.tif exists,
but some command line options were provided indicating a new dataset
should be created.  Please delete existing dataset and run again.

Creating output file that is 12000P x 12000L.
Processing /spatial_data/Original_Datasets/GHSL/uncompressed/builtup/R2023A/GHS_BUILT_S_E2020_GLOBE_R2023A_4326_3ss_V1_0.tif [1/1] : 0...10...20...30...40...50...60...70...80...90...100 - done.
Creating output file that is 12000P x 12000L.
Processing /spatial_data/Original_Datasets/GHSL/uncompressed/builtup/R2023A/GHS_BUILT_S_E2020_GLOBE_R2023A_4326_3ss_V1_0.tif [1/1] : 0...10...20...30...40...50...60...70...80...90...100 - done.
Creating output file that is 12000P x 12000L.
Processing /spatial_data/Original_Datasets/GHSL/uncompressed/builtup/R2023A/GHS_BUILT_S_E2020_GLOBE_R2023A_4326_3ss_V1_0.tif [1/1] : 0...10...20...30...40...50...60...70...80...90...100 - done.
ERROR 1: Output dataset /spatial_data/Derived_Datasets/RASTER/GHSL/R2023A/builtup_new/tiles_2020/builtup_tile_431.tif exists,
but some command line options were provided indicating a new dataset
should be created.  Please delete existing dataset and run again.

Creating output file that is 12000P x 12000L.
Processing /spatial_data/Original_Datasets/GHSL/uncompressed/builtup/R2023A/GHS_BUILT_S_E2020_GLOBE_R2023A_4326_3ss_V1_0.tif [1/1] : 0...10...20...30...40...50...60...70...80...90...100 - done.
Creating output file that is 12000P x 12000L.
Processing /spatial_data/Original_Datasets/GHSL/uncompressed/builtup/R2023A/GHS_BUILT_S_E2020_GLOBE_R2023A_4326_3ss_V1_0.tif [1/1] : 0...10...20...30...40...50...60...70...80...90...100 - done.
ERROR 1: Output dataset /spatial_data/Derived_Datasets/RASTER/GHSL/R2023A/builtup_new/tiles_2020/builtup_tile_432.tif exists,
but some command line options were provided indicating a new dataset
should be created.  Please delete existing dataset and run again.

Creating output file that is 12000P x 12000L.
Processing /spatial_data/Original_Datasets/GHSL/uncompressed/builtup/R2023A/GHS_BUILT_S_E2020_GLOBE_R2023A_4326_3ss_V1_0.tif [1/1] : 0...10...20...30...40...50...60...70...80...90...100 - done.
Creating output file that is 12000P x 12000L.
Processing /spatial_data/Original_Datasets/GHSL/uncompressed/builtup/R2023A/GHS_BUILT_S_E2020_GLOBE_R2023A_4326_3ss_V1_0.tif [1/1] : 0...10...20...30...40...50...60...70...80...90...100 - done.
ERROR 1: Output dataset /spatial_data/Derived_Datasets/RASTER/GHSL/R2023A/builtup_new/tiles_2020/builtup_tile_434.tif exists,
but some command line options were provided indicating a new dataset
should be created.  Please delete existing dataset and run again.

Creating output file that is 12000P x 12000L.
Processing /spatial_data/Original_Datasets/GHSL/uncompressed/builtup/R2023A/GHS_BUILT_S_E2020_GLOBE_R2023A_4326_3ss_V1_0.tif [1/1] : 0...10...20...30...40...50...60...70...80...90...100 - done.
ERROR 1: Output dataset /spatial_data/Derived_Datasets/RASTER/GHSL/R2023A/builtup_new/tiles_2020/builtup_tile_435.tif exists,
but some command line options were provided indicating a new dataset
should be created.  Please delete existing dataset and run again.

Creating output file that is 12000P x 12000L.
Processing /spatial_data/Original_Datasets/GHSL/uncompressed/builtup/R2023A/GHS_BUILT_S_E2020_GLOBE_R2023A_4326_3ss_V1_0.tif [1/1] : 0...10...20...30...40...50...60...70...80...90...100 - done.
Creating output file that is 12000P x 12000L.
Processing /spatial_data/Original_Datasets/GHSL/uncompressed/builtup/R2023A/GHS_BUILT_S_E2020_GLOBE_R2023A_4326_3ss_V1_0.tif [1/1] : 0...10...20...30...40...50...60...70...80...90...100 - done.
Creating output file that is 12000P x 12000L.
Processing /spatial_data/Original_Datasets/GHSL/uncompressed/builtup/R2023A/GHS_BUILT_S_E2020_GLOBE_R2023A_4326_3ss_V1_0.tif [1/1] : 0...10...20...30...40...50...60...70...80...90...100 - done.
ERROR 1: Output dataset /spatial_data/Derived_Datasets/RASTER/GHSL/R2023A/builtup_new/tiles_2020/builtup_tile_437.tif exists,
but some command line options were provided indicating a new dataset
should be created.  Please delete existing dataset and run again.

Creating output file that is 12000P x 12000L.
Processing /spatial_data/Original_Datasets/GHSL/uncompressed/builtup/R2023A/GHS_BUILT_S_E2020_GLOBE_R2023A_4326_3ss_V1_0.tif [1/1] : 0...10...20...30...40...50...60...70...80...90...100 - done.
Creating output file that is 12000P x 12000L.
Processing /spatial_data/Original_Datasets/GHSL/uncompressed/builtup/R2023A/GHS_BUILT_S_E2020_GLOBE_R2023A_4326_3ss_V1_0.tif [1/1] : 0...10...20...30...40...50...60...70...80...90...100 - done.
ERROR 1: Output dataset /spatial_data/Derived_Datasets/RASTER/GHSL/R2023A/builtup_new/tiles_2020/builtup_tile_438.tif exists,
but some command line options were provided indicating a new dataset
should be created.  Please delete existing dataset and run again.

Creating output file that is 12000P x 12000L.
Processing /spatial_data/Original_Datasets/GHSL/uncompressed/builtup/R2023A/GHS_BUILT_S_E2020_GLOBE_R2023A_4326_3ss_V1_0.tif [1/1] : 0...10...20...30...40...50...60...70...80...90...100 - done.
Creating output file that is 12000P x 12000L.
Processing /spatial_data/Original_Datasets/GHSL/uncompressed/builtup/R2023A/GHS_BUILT_S_E2020_GLOBE_R2023A_4326_3ss_V1_0.tif [1/1] : 0...10...20...30...40...50...60...70...80...90...100 - done.
ERROR 1: Output dataset /spatial_data/Derived_Datasets/RASTER/GHSL/R2023A/builtup_new/tiles_2020/builtup_tile_440.tif exists,
but some command line options were provided indicating a new dataset
should be created.  Please delete existing dataset and run again.

Creating output file that is 12000P x 12000L.
Processing /spatial_data/Original_Datasets/GHSL/uncompressed/builtup/R2023A/GHS_BUILT_S_E2020_GLOBE_R2023A_4326_3ss_V1_0.tif [1/1] : 0...10...20...30...40...50...60...70...80...90...100 - done.
ERROR 1: Output dataset /spatial_data/Derived_Datasets/RASTER/GHSL/R2023A/builtup_new/tiles_2020/builtup_tile_441.tif exists,
but some command line options were provided indicating a new dataset
should be created.  Please delete existing dataset and run again.

Creating output file that is 12000P x 12000L.
Processing /spatial_data/Original_Datasets/GHSL/uncompressed/builtup/R2023A/GHS_BUILT_S_E2020_GLOBE_R2023A_4326_3ss_V1_0.tif [1/1] : 0...10...20...30...40...50...60...70...80...90...100 - done.
Creating output file that is 12000P x 12000L.
Processing /spatial_data/Original_Datasets/GHSL/uncompressed/builtup/R2023A/GHS_BUILT_S_E2020_GLOBE_R2023A_4326_3ss_V1_0.tif [1/1] : 0...10...20...30...40...50...60...70...80...90...100 - done.
Creating output file that is 12000P x 12000L.
Processing /spatial_data/Original_Datasets/GHSL/uncompressed/builtup/R2023A/GHS_BUILT_S_E2020_GLOBE_R2023A_4326_3ss_V1_0.tif [1/1] : 0...10...20...30...40...50...60...70...80...90...100 - done.
ERROR 1: Output dataset /spatial_data/Derived_Datasets/RASTER/GHSL/R2023A/builtup_new/tiles_2020/builtup_tile_443.tif exists,
but some command line options were provided indicating a new dataset
should be created.  Please delete existing dataset and run again.

Creating output file that is 12000P x 12000L.
Processing /spatial_data/Original_Datasets/GHSL/uncompressed/builtup/R2023A/GHS_BUILT_S_E2020_GLOBE_R2023A_4326_3ss_V1_0.tif [1/1] : 0...10...20...30...40...50...60...70...80...90...100 - done.
ERROR 1: Output dataset /spatial_data/Derived_Datasets/RASTER/GHSL/R2023A/builtup_new/tiles_2020/builtup_tile_444.tif exists,
but some command line options were provided indicating a new dataset
should be created.  Please delete existing dataset and run again.

Creating output file that is 12000P x 12000L.
Processing /spatial_data/Original_Datasets/GHSL/uncompressed/builtup/R2023A/GHS_BUILT_S_E2020_GLOBE_R2023A_4326_3ss_V1_0.tif [1/1] : 0...10...20...30...40...50...60...70...80...90...100 - done.
ERROR 1: Output dataset /spatial_data/Derived_Datasets/RASTER/GHSL/R2023A/builtup_new/tiles_2020/builtup_tile_445.tif exists,
but some command line options were provided indicating a new dataset
should be created.  Please delete existing dataset and run again.

Creating output file that is 12000P x 12000L.
Processing /spatial_data/Original_Datasets/GHSL/uncompressed/builtup/R2023A/GHS_BUILT_S_E2020_GLOBE_R2023A_4326_3ss_V1_0.tif [1/1] : 0...10...20...30...40...50...60...70...80...90...100 - done.
ERROR 1: Output dataset /spatial_data/Derived_Datasets/RASTER/GHSL/R2023A/builtup_new/tiles_2020/builtup_tile_446.tif exists,
but some command line options were provided indicating a new dataset
should be created.  Please delete existing dataset and run again.

Creating output file that is 12000P x 12000L.
Processing /spatial_data/Original_Datasets/GHSL/uncompressed/builtup/R2023A/GHS_BUILT_S_E2020_GLOBE_R2023A_4326_3ss_V1_0.tif [1/1] : 0...10...20...30...40...50...60...70...80...90...100 - done.
ERROR 1: Output dataset /spatial_data/Derived_Datasets/RASTER/GHSL/R2023A/builtup_new/tiles_2020/builtup_tile_447.tif exists,
but some command line options were provided indicating a new dataset
should be created.  Please delete existing dataset and run again.

Creating output file that is 12000P x 12000L.
Processing /spatial_data/Original_Datasets/GHSL/uncompressed/builtup/R2023A/GHS_BUILT_S_E2020_GLOBE_R2023A_4326_3ss_V1_0.tif [1/1] : 0...10...20...30...40...50...60...70...80...90...100 - done.
ERROR 1: Output dataset /spatial_data/Derived_Datasets/RASTER/GHSL/R2023A/builtup_new/tiles_2020/builtup_tile_448.tif exists,
but some command line options were provided indicating a new dataset
should be created.  Please delete existing dataset and run again.

Creating output file that is 12000P x 12000L.
Processing /spatial_data/Original_Datasets/GHSL/uncompressed/builtup/R2023A/GHS_BUILT_S_E2020_GLOBE_R2023A_4326_3ss_V1_0.tif [1/1] : 0...10...20...30...40...50...60...70...80...90...100 - done.
ERROR 1: Output dataset /spatial_data/Derived_Datasets/RASTER/GHSL/R2023A/builtup_new/tiles_2020/builtup_tile_449.tif exists,
but some command line options were provided indicating a new dataset
should be created.  Please delete existing dataset and run again.

Creating output file that is 12000P x 12000L.
Processing /spatial_data/Original_Datasets/GHSL/uncompressed/builtup/R2023A/GHS_BUILT_S_E2020_GLOBE_R2023A_4326_3ss_V1_0.tif [1/1] : 0...10...20...30...40...50...60...70...80...90...100 - done.
ERROR 1: Output dataset /spatial_data/Derived_Datasets/RASTER/GHSL/R2023A/builtup_new/tiles_2020/builtup_tile_450.tif exists,
but some command line options were provided indicating a new dataset
should be created.  Please delete existing dataset and run again.

Creating output file that is 12000P x 12000L.
Processing /spatial_data/Original_Datasets/GHSL/uncompressed/builtup/R2023A/GHS_BUILT_S_E2020_GLOBE_R2023A_4326_3ss_V1_0.tif [1/1] : 0...10...20...30...40...50...60...70...80...90...100 - done.
ERROR 1: Output dataset /spatial_data/Derived_Datasets/RASTER/GHSL/R2023A/builtup_new/tiles_2020/builtup_tile_451.tif exists,
but some command line options were provided indicating a new dataset
should be created.  Please delete existing dataset and run again.

Creating output file that is 12000P x 12000L.
Processing /spatial_data/Original_Datasets/GHSL/uncompressed/builtup/R2023A/GHS_BUILT_S_E2020_GLOBE_R2023A_4326_3ss_V1_0.tif [1/1] : 0...10...20...30...40...50...60...70...80...90...100 - done.
ERROR 1: Output dataset /spatial_data/Derived_Datasets/RASTER/GHSL/R2023A/builtup_new/tiles_2020/builtup_tile_452.tif exists,
but some command line options were provided indicating a new dataset
should be created.  Please delete existing dataset and run again.

Creating output file that is 12000P x 12000L.
Processing /spatial_data/Original_Datasets/GHSL/uncompressed/builtup/R2023A/GHS_BUILT_S_E2020_GLOBE_R2023A_4326_3ss_V1_0.tif [1/1] : 0...10...20...30...40...50...60...70...80...90...100 - done.
ERROR 1: Output dataset /spatial_data/Derived_Datasets/RASTER/GHSL/R2023A/builtup_new/tiles_2020/builtup_tile_453.tif exists,
but some command line options were provided indicating a new dataset
should be created.  Please delete existing dataset and run again.

Creating output file that is 12000P x 12000L.
Processing /spatial_data/Original_Datasets/GHSL/uncompressed/builtup/R2023A/GHS_BUILT_S_E2020_GLOBE_R2023A_4326_3ss_V1_0.tif [1/1] : 0...10...20...30...40...50...60...70...80...90...100 - done.
ERROR 1: Output dataset /spatial_data/Derived_Datasets/RASTER/GHSL/R2023A/builtup_new/tiles_2020/builtup_tile_454.tif exists,
but some command line options were provided indicating a new dataset
should be created.  Please delete existing dataset and run again.

Creating output file that is 12000P x 12000L.
Processing /spatial_data/Original_Datasets/GHSL/uncompressed/builtup/R2023A/GHS_BUILT_S_E2020_GLOBE_R2023A_4326_3ss_V1_0.tif [1/1] : 0...10...20...30...40...50...60...70...80...90...100 - done.
Creating output file that is 12000P x 12000L.
Processing /spatial_data/Original_Datasets/GHSL/uncompressed/builtup/R2023A/GHS_BUILT_S_E2020_GLOBE_R2023A_4326_3ss_V1_0.tif [1/1] : 0...10...20...30...40...50...60...70...80...90...100 - done.
Creating output file that is 12000P x 12000L.
Processing /spatial_data/Original_Datasets/GHSL/uncompressed/builtup/R2023A/GHS_BUILT_S_E2020_GLOBE_R2023A_4326_3ss_V1_0.tif [1/1] : 0...10...20...30...40...50...60...70...80...90...100 - done.
ERROR 1: Output dataset /spatial_data/Derived_Datasets/RASTER/GHSL/R2023A/builtup_new/tiles_2020/builtup_tile_456.tif exists,
but some command line options were provided indicating a new dataset
should be created.  Please delete existing dataset and run again.

Creating output file that is 12000P x 12000L.
Processing /spatial_data/Original_Datasets/GHSL/uncompressed/builtup/R2023A/GHS_BUILT_S_E2020_GLOBE_R2023A_4326_3ss_V1_0.tif [1/1] : 0...10...20...30...40...50...60...70...80...90...100 - done.
ERROR 1: Output dataset /spatial_data/Derived_Datasets/RASTER/GHSL/R2023A/builtup_new/tiles_2020/builtup_tile_457.tif exists,
but some command line options were provided indicating a new dataset
should be created.  Please delete existing dataset and run again.

Creating output file that is 12000P x 12000L.
Processing /spatial_data/Original_Datasets/GHSL/uncompressed/builtup/R2023A/GHS_BUILT_S_E2020_GLOBE_R2023A_4326_3ss_V1_0.tif [1/1] : 0...10...20...30...40...50...60...70...80...90...100 - done.
Creating output file that is 12000P x 12000L.
Processing /spatial_data/Original_Datasets/GHSL/uncompressed/builtup/R2023A/GHS_BUILT_S_E2020_GLOBE_R2023A_4326_3ss_V1_0.tif [1/1] : 0...10...20...30...40...50...60...70...80...90...100 - done.
Creating output file that is 12000P x 12000L.
Processing /spatial_data/Original_Datasets/GHSL/uncompressed/builtup/R2023A/GHS_BUILT_S_E2020_GLOBE_R2023A_4326_3ss_V1_0.tif [1/1] : 0...10...20...30...40...50...60...70...80...90...100 - done.
ERROR 1: Output dataset /spatial_data/Derived_Datasets/RASTER/GHSL/R2023A/builtup_new/tiles_2020/builtup_tile_459.tif exists,
but some command line options were provided indicating a new dataset
should be created.  Please delete existing dataset and run again.

Creating output file that is 12000P x 12000L.
Processing /spatial_data/Original_Datasets/GHSL/uncompressed/builtup/R2023A/GHS_BUILT_S_E2020_GLOBE_R2023A_4326_3ss_V1_0.tif [1/1] : 0...10...20...30...40...50...60...70...80...90...100 - done.
ERROR 1: Output dataset /spatial_data/Derived_Datasets/RASTER/GHSL/R2023A/builtup_new/tiles_2020/builtup_tile_460.tif exists,
but some command line options were provided indicating a new dataset
should be created.  Please delete existing dataset and run again.

Creating output file that is 12000P x 12000L.
Processing /spatial_data/Original_Datasets/GHSL/uncompressed/builtup/R2023A/GHS_BUILT_S_E2020_GLOBE_R2023A_4326_3ss_V1_0.tif [1/1] : 0...10...20...30...40...50...60...70...80...90...100 - done.
ERROR 1: Output dataset /spatial_data/Derived_Datasets/RASTER/GHSL/R2023A/builtup_new/tiles_2020/builtup_tile_461.tif exists,
but some command line options were provided indicating a new dataset
should be created.  Please delete existing dataset and run again.

Creating output file that is 12000P x 12000L.
Processing /spatial_data/Original_Datasets/GHSL/uncompressed/builtup/R2023A/GHS_BUILT_S_E2020_GLOBE_R2023A_4326_3ss_V1_0.tif [1/1] : 0...10...20...30...40...50...60...70...80...90...100 - done.
Creating output file that is 12000P x 12000L.
Processing /spatial_data/Original_Datasets/GHSL/uncompressed/builtup/R2023A/GHS_BUILT_S_E2020_GLOBE_R2023A_4326_3ss_V1_0.tif [1/1] : 0...10...20...30...40...50...60...70...80...90...100 - done.
Creating output file that is 12000P x 12000L.
Processing /spatial_data/Original_Datasets/GHSL/uncompressed/builtup/R2023A/GHS_BUILT_S_E2020_GLOBE_R2023A_4326_3ss_V1_0.tif [1/1] : 0...10...20...30...40...50...60...70...80...90...100 - done.
ERROR 1: Output dataset /spatial_data/Derived_Datasets/RASTER/GHSL/R2023A/builtup_new/tiles_2020/builtup_tile_463.tif exists,
but some command line options were provided indicating a new dataset
should be created.  Please delete existing dataset and run again.

Creating output file that is 12000P x 12000L.
Processing /spatial_data/Original_Datasets/GHSL/uncompressed/builtup/R2023A/GHS_BUILT_S_E2020_GLOBE_R2023A_4326_3ss_V1_0.tif [1/1] : 0...10...20...30...40...50...60...70...80...90...100 - done.
Creating output file that is 12000P x 12000L.
Processing /spatial_data/Original_Datasets/GHSL/uncompressed/builtup/R2023A/GHS_BUILT_S_E2020_GLOBE_R2023A_4326_3ss_V1_0.tif [1/1] : 0...10...20...30...40...50...60...70...80...90...100 - done.
Creating output file that is 12000P x 12000L.
Processing /spatial_data/Original_Datasets/GHSL/uncompressed/builtup/R2023A/GHS_BUILT_S_E2020_GLOBE_R2023A_4326_3ss_V1_0.tif [1/1] : 0...10...20...30...40...50...60...70...80...90...100 - done.
ERROR 1: Output dataset /spatial_data/Derived_Datasets/RASTER/GHSL/R2023A/builtup_new/tiles_2020/builtup_tile_464.tif exists,
but some command line options were provided indicating a new dataset
should be created.  Please delete existing dataset and run again.

Creating output file that is 12000P x 12000L.
Processing /spatial_data/Original_Datasets/GHSL/uncompressed/builtup/R2023A/GHS_BUILT_S_E2020_GLOBE_R2023A_4326_3ss_V1_0.tif [1/1] : 0...10...20...30...40...50...60...70...80...90...100 - done.
ERROR 1: Output dataset /spatial_data/Derived_Datasets/RASTER/GHSL/R2023A/builtup_new/tiles_2020/builtup_tile_466.tif exists,
but some command line options were provided indicating a new dataset
should be created.  Please delete existing dataset and run again.

Creating output file that is 12000P x 12000L.
Processing /spatial_data/Original_Datasets/GHSL/uncompressed/builtup/R2023A/GHS_BUILT_S_E2020_GLOBE_R2023A_4326_3ss_V1_0.tif [1/1] : 0...10...20...30...40...50...60...70...80...90...100 - done.
Creating output file that is 12000P x 12000L.
Processing /spatial_data/Original_Datasets/GHSL/uncompressed/builtup/R2023A/GHS_BUILT_S_E2020_GLOBE_R2023A_4326_3ss_V1_0.tif [1/1] : 0...10...20...30...40...50...60...70...80...90...100 - done.
ERROR 1: Output dataset /spatial_data/Derived_Datasets/RASTER/GHSL/R2023A/builtup_new/tiles_2020/builtup_tile_467.tif exists,
but some command line options were provided indicating a new dataset
should be created.  Please delete existing dataset and run again.

Creating output file that is 12000P x 12000L.
Processing /spatial_data/Original_Datasets/GHSL/uncompressed/builtup/R2023A/GHS_BUILT_S_E2020_GLOBE_R2023A_4326_3ss_V1_0.tif [1/1] : 0...10...20...30...40...50...60...70...80...90...100 - done.
Creating output file that is 12000P x 12000L.
Processing /spatial_data/Original_Datasets/GHSL/uncompressed/builtup/R2023A/GHS_BUILT_S_E2020_GLOBE_R2023A_4326_3ss_V1_0.tif [1/1] : 0...10...20...30...40...50...60...70...80...90...100 - done.
ERROR 1: Output dataset /spatial_data/Derived_Datasets/RASTER/GHSL/R2023A/builtup_new/tiles_2020/builtup_tile_469.tif exists,
but some command line options were provided indicating a new dataset
should be created.  Please delete existing dataset and run again.

Creating output file that is 12000P x 12000L.
Processing /spatial_data/Original_Datasets/GHSL/uncompressed/builtup/R2023A/GHS_BUILT_S_E2020_GLOBE_R2023A_4326_3ss_V1_0.tif [1/1] : 0...10...20...30...40...50...60...70...80...90...100 - done.
Creating output file that is 12000P x 12000L.
Processing /spatial_data/Original_Datasets/GHSL/uncompressed/builtup/R2023A/GHS_BUILT_S_E2020_GLOBE_R2023A_4326_3ss_V1_0.tif [1/1] : 0...10...20...30...40...50...60...70...80...90...100 - done.
ERROR 1: Output dataset /spatial_data/Derived_Datasets/RASTER/GHSL/R2023A/builtup_new/tiles_2020/builtup_tile_470.tif exists,
but some command line options were provided indicating a new dataset
should be created.  Please delete existing dataset and run again.

Creating output file that is 12000P x 12000L.
Processing /spatial_data/Original_Datasets/GHSL/uncompressed/builtup/R2023A/GHS_BUILT_S_E2020_GLOBE_R2023A_4326_3ss_V1_0.tif [1/1] : 0...10...20...30...40...50...60...70...80...90...100 - done.
Creating output file that is 12000P x 12000L.
Processing /spatial_data/Original_Datasets/GHSL/uncompressed/builtup/R2023A/GHS_BUILT_S_E2020_GLOBE_R2023A_4326_3ss_V1_0.tif [1/1] : 0...10...20...30...40...50...60...70...80...90...100 - done.
ERROR 1: Output dataset /spatial_data/Derived_Datasets/RASTER/GHSL/R2023A/builtup_new/tiles_2020/builtup_tile_472.tif exists,
but some command line options were provided indicating a new dataset
should be created.  Please delete existing dataset and run again.

Creating output file that is 12000P x 12000L.
Processing /spatial_data/Original_Datasets/GHSL/uncompressed/builtup/R2023A/GHS_BUILT_S_E2020_GLOBE_R2023A_4326_3ss_V1_0.tif [1/1] : 0...10...20...30...40...50...60...70...80...90...100 - done.
ERROR 1: Output dataset /spatial_data/Derived_Datasets/RASTER/GHSL/R2023A/builtup_new/tiles_2020/builtup_tile_473.tif exists,
but some command line options were provided indicating a new dataset
should be created.  Please delete existing dataset and run again.

Creating output file that is 12000P x 12000L.
Processing /spatial_data/Original_Datasets/GHSL/uncompressed/builtup/R2023A/GHS_BUILT_S_E2020_GLOBE_R2023A_4326_3ss_V1_0.tif [1/1] : 0...10...20...30...40...50...60...70...80...90...100 - done.
Creating output file that is 12000P x 12000L.
Processing /spatial_data/Original_Datasets/GHSL/uncompressed/builtup/R2023A/GHS_BUILT_S_E2020_GLOBE_R2023A_4326_3ss_V1_0.tif [1/1] : 0...10...20...30...40...50...60...70...80...90...100 - done.
Creating output file that is 12000P x 12000L.
Processing /spatial_data/Original_Datasets/GHSL/uncompressed/builtup/R2023A/GHS_BUILT_S_E2020_GLOBE_R2023A_4326_3ss_V1_0.tif [1/1] : 0...10...20...30...40...50...60...70...80...90...100 - done.
ERROR 1: Output dataset /spatial_data/Derived_Datasets/RASTER/GHSL/R2023A/builtup_new/tiles_2020/builtup_tile_475.tif exists,
but some command line options were provided indicating a new dataset
should be created.  Please delete existing dataset and run again.

Creating output file that is 12000P x 12000L.
Processing /spatial_data/Original_Datasets/GHSL/uncompressed/builtup/R2023A/GHS_BUILT_S_E2020_GLOBE_R2023A_4326_3ss_V1_0.tif [1/1] : 0...10...20...30...40...50...60...70...80...90...100 - done.
Creating output file that is 12000P x 12000L.
Processing /spatial_data/Original_Datasets/GHSL/uncompressed/builtup/R2023A/GHS_BUILT_S_E2020_GLOBE_R2023A_4326_3ss_V1_0.tif [1/1] : 0...10...20...30...40...50...60...70...80...90...100 - done.
ERROR 1: Output dataset /spatial_data/Derived_Datasets/RASTER/GHSL/R2023A/builtup_new/tiles_2020/builtup_tile_476.tif exists,
but some command line options were provided indicating a new dataset
should be created.  Please delete existing dataset and run again.

Creating output file that is 12000P x 12000L.
Processing /spatial_data/Original_Datasets/GHSL/uncompressed/builtup/R2023A/GHS_BUILT_S_E2020_GLOBE_R2023A_4326_3ss_V1_0.tif [1/1] : 0...10...20...30...40...50...60...70...80...90...100 - done.
Creating output file that is 12000P x 12000L.
Processing /spatial_data/Original_Datasets/GHSL/uncompressed/builtup/R2023A/GHS_BUILT_S_E2020_GLOBE_R2023A_4326_3ss_V1_0.tif [1/1] : 0...10...20...30...40...50...60...70...80...90...100 - done.
ERROR 1: Output dataset /spatial_data/Derived_Datasets/RASTER/GHSL/R2023A/builtup_new/tiles_2020/builtup_tile_478.tif exists,
but some command line options were provided indicating a new dataset
should be created.  Please delete existing dataset and run again.

Creating output file that is 12000P x 12000L.
Processing /spatial_data/Original_Datasets/GHSL/uncompressed/builtup/R2023A/GHS_BUILT_S_E2020_GLOBE_R2023A_4326_3ss_V1_0.tif [1/1] : 0...10...20...30...40...50...60...70...80...90...100 - done.
Creating output file that is 12000P x 12000L.
Processing /spatial_data/Original_Datasets/GHSL/uncompressed/builtup/R2023A/GHS_BUILT_S_E2020_GLOBE_R2023A_4326_3ss_V1_0.tif [1/1] : 0...10...20...30...40...50...60...70...80...90...100 - done.
ERROR 1: Output dataset /spatial_data/Derived_Datasets/RASTER/GHSL/R2023A/builtup_new/tiles_2020/builtup_tile_479.tif exists,
but some command line options were provided indicating a new dataset
should be created.  Please delete existing dataset and run again.

Creating output file that is 12000P x 12000L.
Processing /spatial_data/Original_Datasets/GHSL/uncompressed/builtup/R2023A/GHS_BUILT_S_E2020_GLOBE_R2023A_4326_3ss_V1_0.tif [1/1] : 0...10...20...30...40...50...60...70...80...90...100 - done.
Creating output file that is 12000P x 12000L.
Processing /spatial_data/Original_Datasets/GHSL/uncompressed/builtup/R2023A/GHS_BUILT_S_E2020_GLOBE_R2023A_4326_3ss_V1_0.tif [1/1] : 0...10...20...30...40...50...60...70...80...90...100 - done.
ERROR 1: Output dataset /spatial_data/Derived_Datasets/RASTER/GHSL/R2023A/builtup_new/tiles_2020/builtup_tile_481.tif exists,
but some command line options were provided indicating a new dataset
should be created.  Please delete existing dataset and run again.

Creating output file that is 12000P x 12000L.
Processing /spatial_data/Original_Datasets/GHSL/uncompressed/builtup/R2023A/GHS_BUILT_S_E2020_GLOBE_R2023A_4326_3ss_V1_0.tif [1/1] : 0...10...20...30...40...50...60...70...80...90...100 - done.
Creating output file that is 12000P x 12000L.
Processing /spatial_data/Original_Datasets/GHSL/uncompressed/builtup/R2023A/GHS_BUILT_S_E2020_GLOBE_R2023A_4326_3ss_V1_0.tif [1/1] : 0...10...20...30...40...50...60...70...80...90...100 - done.
ERROR 1: Output dataset /spatial_data/Derived_Datasets/RASTER/GHSL/R2023A/builtup_new/tiles_2020/builtup_tile_482.tif exists,
but some command line options were provided indicating a new dataset
should be created.  Please delete existing dataset and run again.

Creating output file that is 12000P x 12000L.
Processing /spatial_data/Original_Datasets/GHSL/uncompressed/builtup/R2023A/GHS_BUILT_S_E2020_GLOBE_R2023A_4326_3ss_V1_0.tif [1/1] : 0...10...20...30...40...50...60...70...80...90...100 - done.
Creating output file that is 12000P x 12000L.
Processing /spatial_data/Original_Datasets/GHSL/uncompressed/builtup/R2023A/GHS_BUILT_S_E2020_GLOBE_R2023A_4326_3ss_V1_0.tif [1/1] : 0...10...20...30...40...50...60...70...80...90...100 - done.
ERROR 1: Output dataset /spatial_data/Derived_Datasets/RASTER/GHSL/R2023A/builtup_new/tiles_2020/builtup_tile_484.tif exists,
but some command line options were provided indicating a new dataset
should be created.  Please delete existing dataset and run again.

Creating output file that is 12000P x 12000L.
Processing /spatial_data/Original_Datasets/GHSL/uncompressed/builtup/R2023A/GHS_BUILT_S_E2020_GLOBE_R2023A_4326_3ss_V1_0.tif [1/1] : 0...10...20...30...40...50...60...70...80...90...100 - done.
Creating output file that is 12000P x 12000L.
Processing /spatial_data/Original_Datasets/GHSL/uncompressed/builtup/R2023A/GHS_BUILT_S_E2020_GLOBE_R2023A_4326_3ss_V1_0.tif [1/1] : 0...10...20...30...40...50...60...70...80...90...100 - done.
ERROR 1: Output dataset /spatial_data/Derived_Datasets/RASTER/GHSL/R2023A/builtup_new/tiles_2020/builtup_tile_485.tif exists,
but some command line options were provided indicating a new dataset
should be created.  Please delete existing dataset and run again.

Creating output file that is 12000P x 12000L.
Processing /spatial_data/Original_Datasets/GHSL/uncompressed/builtup/R2023A/GHS_BUILT_S_E2020_GLOBE_R2023A_4326_3ss_V1_0.tif [1/1] : 0...10...20...30...40...50...60...70...80...90...100 - done.
Creating output file that is 12000P x 12000L.
Processing /spatial_data/Original_Datasets/GHSL/uncompressed/builtup/R2023A/GHS_BUILT_S_E2020_GLOBE_R2023A_4326_3ss_V1_0.tif [1/1] : 0...10...20...30...40...50...60...70...80...90...100 - done.
ERROR 1: Output dataset /spatial_data/Derived_Datasets/RASTER/GHSL/R2023A/builtup_new/tiles_2020/builtup_tile_487.tif exists,
but some command line options were provided indicating a new dataset
should be created.  Please delete existing dataset and run again.

Creating output file that is 12000P x 12000L.
Processing /spatial_data/Original_Datasets/GHSL/uncompressed/builtup/R2023A/GHS_BUILT_S_E2020_GLOBE_R2023A_4326_3ss_V1_0.tif [1/1] : 0...10...20...30...40...50...60...70...80...90...100 - done.
Creating output file that is 12000P x 12000L.
Processing /spatial_data/Original_Datasets/GHSL/uncompressed/builtup/R2023A/GHS_BUILT_S_E2020_GLOBE_R2023A_4326_3ss_V1_0.tif [1/1] : 0...10...20...30...40...50...60...70...80...90...100 - done.
ERROR 1: Output dataset /spatial_data/Derived_Datasets/RASTER/GHSL/R2023A/builtup_new/tiles_2020/builtup_tile_488.tif exists,
but some command line options were provided indicating a new dataset
should be created.  Please delete existing dataset and run again.

Creating output file that is 12000P x 12000L.
Processing /spatial_data/Original_Datasets/GHSL/uncompressed/builtup/R2023A/GHS_BUILT_S_E2020_GLOBE_R2023A_4326_3ss_V1_0.tif [1/1] : 0...10...20...30...40...50...60...70...80...90...100 - done.
Creating output file that is 12000P x 12000L.
Processing /spatial_data/Original_Datasets/GHSL/uncompressed/builtup/R2023A/GHS_BUILT_S_E2020_GLOBE_R2023A_4326_3ss_V1_0.tif [1/1] : 0...10...20...30...40...50...60...70...80...90...100 - done.
ERROR 1: Output dataset /spatial_data/Derived_Datasets/RASTER/GHSL/R2023A/builtup_new/tiles_2020/builtup_tile_490.tif exists,
but some command line options were provided indicating a new dataset
should be created.  Please delete existing dataset and run again.

Creating output file that is 12000P x 12000L.
Processing /spatial_data/Original_Datasets/GHSL/uncompressed/builtup/R2023A/GHS_BUILT_S_E2020_GLOBE_R2023A_4326_3ss_V1_0.tif [1/1] : 0...10...20...30...40...50...60...70...80...90...100 - done.
ERROR 1: Output dataset /spatial_data/Derived_Datasets/RASTER/GHSL/R2023A/builtup_new/tiles_2020/builtup_tile_491.tif exists,
but some command line options were provided indicating a new dataset
should be created.  Please delete existing dataset and run again.

Creating output file that is 12000P x 12000L.
Processing /spatial_data/Original_Datasets/GHSL/uncompressed/builtup/R2023A/GHS_BUILT_S_E2020_GLOBE_R2023A_4326_3ss_V1_0.tif [1/1] : 0...10...20...30...40...50...60...70...80...90...100 - done.
Creating output file that is 12000P x 12000L.
Processing /spatial_data/Original_Datasets/GHSL/uncompressed/builtup/R2023A/GHS_BUILT_S_E2020_GLOBE_R2023A_4326_3ss_V1_0.tif [1/1] : 0...10...20...30...40...50...60...70...80...90...100 - done.
Creating output file that is 12000P x 12000L.
Processing /spatial_data/Original_Datasets/GHSL/uncompressed/builtup/R2023A/GHS_BUILT_S_E2020_GLOBE_R2023A_4326_3ss_V1_0.tif [1/1] : 0...10...20...30...40...50...60...70...80...90...100 - done.
ERROR 1: Output dataset /spatial_data/Derived_Datasets/RASTER/GHSL/R2023A/builtup_new/tiles_2020/builtup_tile_493.tif exists,
but some command line options were provided indicating a new dataset
should be created.  Please delete existing dataset and run again.

Creating output file that is 12000P x 12000L.
Processing /spatial_data/Original_Datasets/GHSL/uncompressed/builtup/R2023A/GHS_BUILT_S_E2020_GLOBE_R2023A_4326_3ss_V1_0.tif [1/1] : 0...10...20...30...40...50...60...70...80...90...100 - done.
ERROR 1: Output dataset /spatial_data/Derived_Datasets/RASTER/GHSL/R2023A/builtup_new/tiles_2020/builtup_tile_494.tif exists,
but some command line options were provided indicating a new dataset
should be created.  Please delete existing dataset and run again.

Creating output file that is 12000P x 12000L.
Processing /spatial_data/Original_Datasets/GHSL/uncompressed/builtup/R2023A/GHS_BUILT_S_E2020_GLOBE_R2023A_4326_3ss_V1_0.tif [1/1] : 0...10...20...30...40...50...60...70...80...90...100 - done.
ERROR 1: Output dataset /spatial_data/Derived_Datasets/RASTER/GHSL/R2023A/builtup_new/tiles_2020/builtup_tile_495.tif exists,
but some command line options were provided indicating a new dataset
should be created.  Please delete existing dataset and run again.

Creating output file that is 12000P x 12000L.
Processing /spatial_data/Original_Datasets/GHSL/uncompressed/builtup/R2023A/GHS_BUILT_S_E2020_GLOBE_R2023A_4326_3ss_V1_0.tif [1/1] : 0...10...20...30...40...50...60...70...80...90...100 - done.
Creating output file that is 12000P x 12000L.
Processing /spatial_data/Original_Datasets/GHSL/uncompressed/builtup/R2023A/GHS_BUILT_S_E2020_GLOBE_R2023A_4326_3ss_V1_0.tif [1/1] : 0...10...20...30...40...50...60...70...80...90...100 - done.
ERROR 1: Output dataset /spatial_data/Derived_Datasets/RASTER/GHSL/R2023A/builtup_new/tiles_2020/builtup_tile_496.tif exists,
but some command line options were provided indicating a new dataset
should be created.  Please delete existing dataset and run again.

Creating output file that is 12000P x 12000L.
Processing /spatial_data/Original_Datasets/GHSL/uncompressed/builtup/R2023A/GHS_BUILT_S_E2020_GLOBE_R2023A_4326_3ss_V1_0.tif [1/1] : 0...10...20...30...40...50...60...70...80...90...100 - done.
Creating output file that is 12000P x 12000L.
Processing /spatial_data/Original_Datasets/GHSL/uncompressed/builtup/R2023A/GHS_BUILT_S_E2020_GLOBE_R2023A_4326_3ss_V1_0.tif [1/1] : 0...10...20...30...40...50...60...70...80...90...100 - done.
ERROR 1: Output dataset /spatial_data/Derived_Datasets/RASTER/GHSL/R2023A/builtup_new/tiles_2020/builtup_tile_498.tif exists, but cannot be opened in update mode

Creating output file that is 12000P x 12000L.
Processing /spatial_data/Original_Datasets/GHSL/uncompressed/builtup/R2023A/GHS_BUILT_S_E2020_GLOBE_R2023A_4326_3ss_V1_0.tif [1/1] : 0...10...20...30...40...50...60...70...80...90...100 - done.
ERROR 1: Output dataset /spatial_data/Derived_Datasets/RASTER/GHSL/R2023A/builtup_new/tiles_2020/builtup_tile_499.tif exists,
but some command line options were provided indicating a new dataset
should be created.  Please delete existing dataset and run again.

Creating output file that is 12000P x 12000L.
Processing /spatial_data/Original_Datasets/GHSL/uncompressed/builtup/R2023A/GHS_BUILT_S_E2020_GLOBE_R2023A_4326_3ss_V1_0.tif [1/1] : 0...10...20...30...40...50...60...70...80...90...100 - done.
Creating output file that is 12000P x 12000L.
Processing /spatial_data/Original_Datasets/GHSL/uncompressed/builtup/R2023A/GHS_BUILT_S_E2020_GLOBE_R2023A_4326_3ss_V1_0.tif [1/1] : 0...10...20...30...40...50...60...70...80...90...100 - done.
Creating output file that is 12000P x 12000L.
Processing /spatial_data/Original_Datasets/GHSL/uncompressed/builtup/R2023A/GHS_BUILT_S_E2020_GLOBE_R2023A_4326_3ss_V1_0.tif [1/1] : 0...10...20...30...40...50...60...70...80...90...100 - done.
ERROR 1: Output dataset /spatial_data/Derived_Datasets/RASTER/GHSL/R2023A/builtup_new/tiles_2020/builtup_tile_501.tif exists,
but some command line options were provided indicating a new dataset
should be created.  Please delete existing dataset and run again.

Creating output file that is 12000P x 12000L.
Processing /spatial_data/Original_Datasets/GHSL/uncompressed/builtup/R2023A/GHS_BUILT_S_E2020_GLOBE_R2023A_4326_3ss_V1_0.tif [1/1] : 0...10...20...30...40...50...60...70...80...90...100 - done.
Creating output file that is 12000P x 12000L.
Processing /spatial_data/Original_Datasets/GHSL/uncompressed/builtup/R2023A/GHS_BUILT_S_E2020_GLOBE_R2023A_4326_3ss_V1_0.tif [1/1] : 0...10...20...30...40...50...60...70...80...90...100 - done.
Creating output file that is 12000P x 12000L.
Processing /spatial_data/Original_Datasets/GHSL/uncompressed/builtup/R2023A/GHS_BUILT_S_E2020_GLOBE_R2023A_4326_3ss_V1_0.tif [1/1] : 0...10...20...30...40...50...60...70...80...90...100 - done.
ERROR 1: Output dataset /spatial_data/Derived_Datasets/RASTER/GHSL/R2023A/builtup_new/tiles_2020/builtup_tile_503.tif exists,
but some command line options were provided indicating a new dataset
should be created.  Please delete existing dataset and run again.

Creating output file that is 12000P x 12000L.
Processing /spatial_data/Original_Datasets/GHSL/uncompressed/builtup/R2023A/GHS_BUILT_S_E2020_GLOBE_R2023A_4326_3ss_V1_0.tif [1/1] : 0...10...20...30...40...50...60...70...80...90...100 - done.
ERROR 1: Output dataset /spatial_data/Derived_Datasets/RASTER/GHSL/R2023A/builtup_new/tiles_2020/builtup_tile_504.tif exists,
but some command line options were provided indicating a new dataset
should be created.  Please delete existing dataset and run again.

Creating output file that is 12000P x 12000L.
Processing /spatial_data/Original_Datasets/GHSL/uncompressed/builtup/R2023A/GHS_BUILT_S_E2020_GLOBE_R2023A_4326_3ss_V1_0.tif [1/1] : 0...10...20...30...40...50...60...70...80...90...100 - done.
Creating output file that is 12000P x 12000L.
Processing /spatial_data/Original_Datasets/GHSL/uncompressed/builtup/R2023A/GHS_BUILT_S_E2020_GLOBE_R2023A_4326_3ss_V1_0.tif [1/1] : 0...10...20...30...40...50...60...70...80...90...100 - done.
Creating output file that is 12000P x 12000L.
Processing /spatial_data/Original_Datasets/GHSL/uncompressed/builtup/R2023A/GHS_BUILT_S_E2020_GLOBE_R2023A_4326_3ss_V1_0.tif [1/1] : 0...10...20...30...40...50...60...70...80...90...100 - done.
ERROR 1: Output dataset /spatial_data/Derived_Datasets/RASTER/GHSL/R2023A/builtup_new/tiles_2020/builtup_tile_506.tif exists,
but some command line options were provided indicating a new dataset
should be created.  Please delete existing dataset and run again.

Creating output file that is 12000P x 12000L.
Processing /spatial_data/Original_Datasets/GHSL/uncompressed/builtup/R2023A/GHS_BUILT_S_E2020_GLOBE_R2023A_4326_3ss_V1_0.tif [1/1] : 0...10...20...30...40...50...60...70...80...90...100 - done.
ERROR 1: Output dataset /spatial_data/Derived_Datasets/RASTER/GHSL/R2023A/builtup_new/tiles_2020/builtup_tile_507.tif exists,
but some command line options were provided indicating a new dataset
should be created.  Please delete existing dataset and run again.

Creating output file that is 12000P x 12000L.
Processing /spatial_data/Original_Datasets/GHSL/uncompressed/builtup/R2023A/GHS_BUILT_S_E2020_GLOBE_R2023A_4326_3ss_V1_0.tif [1/1] : 0...10...20...30...40...50...60...70...80...90...100 - done.
Creating output file that is 12000P x 12000L.
Processing /spatial_data/Original_Datasets/GHSL/uncompressed/builtup/R2023A/GHS_BUILT_S_E2020_GLOBE_R2023A_4326_3ss_V1_0.tif [1/1] : 0...10...20...30...40...50...60...70...80...90...100 - done.
Creating output file that is 12000P x 12000L.
Processing /spatial_data/Original_Datasets/GHSL/uncompressed/builtup/R2023A/GHS_BUILT_S_E2020_GLOBE_R2023A_4326_3ss_V1_0.tif [1/1] : 0...10...20...30...40...50...60...70...80...90...100 - done.
ERROR 1: Output dataset /spatial_data/Derived_Datasets/RASTER/GHSL/R2023A/builtup_new/tiles_2020/builtup_tile_509.tif exists,
but some command line options were provided indicating a new dataset
should be created.  Please delete existing dataset and run again.

Creating output file that is 12000P x 12000L.
Processing /spatial_data/Original_Datasets/GHSL/uncompressed/builtup/R2023A/GHS_BUILT_S_E2020_GLOBE_R2023A_4326_3ss_V1_0.tif [1/1] : 0...10...20...30...40...50...60...70...80...90...100 - done.
ERROR 1: Output dataset /spatial_data/Derived_Datasets/RASTER/GHSL/R2023A/builtup_new/tiles_2020/builtup_tile_510.tif exists,
but some command line options were provided indicating a new dataset
should be created.  Please delete existing dataset and run again.

Creating output file that is 12000P x 12000L.
Processing /spatial_data/Original_Datasets/GHSL/uncompressed/builtup/R2023A/GHS_BUILT_S_E2020_GLOBE_R2023A_4326_3ss_V1_0.tif [1/1] : 0...10...20...30...40...50...60...70...80...90...100 - done.
Creating output file that is 12000P x 12000L.
Processing /spatial_data/Original_Datasets/GHSL/uncompressed/builtup/R2023A/GHS_BUILT_S_E2020_GLOBE_R2023A_4326_3ss_V1_0.tif [1/1] : 0...10...20...30...40...50...60...70...80...90...100 - done.
Creating output file that is 12000P x 12000L.
Processing /spatial_data/Original_Datasets/GHSL/uncompressed/builtup/R2023A/GHS_BUILT_S_E2020_GLOBE_R2023A_4326_3ss_V1_0.tif [1/1] : 0...10...20...30...40...50...60...70...80...90...100 - done.
ERROR 1: Output dataset /spatial_data/Derived_Datasets/RASTER/GHSL/R2023A/builtup_new/tiles_2020/builtup_tile_512.tif exists,
but some command line options were provided indicating a new dataset
should be created.  Please delete existing dataset and run again.

Creating output file that is 12000P x 12000L.
Processing /spatial_data/Original_Datasets/GHSL/uncompressed/builtup/R2023A/GHS_BUILT_S_E2020_GLOBE_R2023A_4326_3ss_V1_0.tif [1/1] : 0...10...20...30...40...50...60...70...80...90...100 - done.
ERROR 1: Output dataset /spatial_data/Derived_Datasets/RASTER/GHSL/R2023A/builtup_new/tiles_2020/builtup_tile_513.tif exists,
but some command line options were provided indicating a new dataset
should be created.  Please delete existing dataset and run again.

Creating output file that is 12000P x 12000L.
Processing /spatial_data/Original_Datasets/GHSL/uncompressed/builtup/R2023A/GHS_BUILT_S_E2020_GLOBE_R2023A_4326_3ss_V1_0.tif [1/1] : 0...10...20...30...40...50...60...70...80...90...100 - done.
Creating output file that is 12000P x 12000L.
Processing /spatial_data/Original_Datasets/GHSL/uncompressed/builtup/R2023A/GHS_BUILT_S_E2020_GLOBE_R2023A_4326_3ss_V1_0.tif [1/1] : 0...10...20...30...40...50...60...70...80...90...100 - done.
Creating output file that is 12000P x 12000L.
Processing /spatial_data/Original_Datasets/GHSL/uncompressed/builtup/R2023A/GHS_BUILT_S_E2020_GLOBE_R2023A_4326_3ss_V1_0.tif [1/1] : 0...10...20...30...40...50...60...70...80...90...100 - done.
ERROR 1: Output dataset /spatial_data/Derived_Datasets/RASTER/GHSL/R2023A/builtup_new/tiles_2020/builtup_tile_515.tif exists,
but some command line options were provided indicating a new dataset
should be created.  Please delete existing dataset and run again.

Creating output file that is 12000P x 12000L.
Processing /spatial_data/Original_Datasets/GHSL/uncompressed/builtup/R2023A/GHS_BUILT_S_E2020_GLOBE_R2023A_4326_3ss_V1_0.tif [1/1] : 0...10...20...30...40...50...60...70...80...90...100 - done.
ERROR 1: Output dataset /spatial_data/Derived_Datasets/RASTER/GHSL/R2023A/builtup_new/tiles_2020/builtup_tile_516.tif exists,
but some command line options were provided indicating a new dataset
should be created.  Please delete existing dataset and run again.

Creating output file that is 12000P x 12000L.
Processing /spatial_data/Original_Datasets/GHSL/uncompressed/builtup/R2023A/GHS_BUILT_S_E2020_GLOBE_R2023A_4326_3ss_V1_0.tif [1/1] : 0...10...20...30...40...50...60...70...80...90...100 - done.
Creating output file that is 12000P x 12000L.
Processing /spatial_data/Original_Datasets/GHSL/uncompressed/builtup/R2023A/GHS_BUILT_S_E2020_GLOBE_R2023A_4326_3ss_V1_0.tif [1/1] : 0...10...20...30...40...50...60...70...80...90...100 - done.
Creating output file that is 12000P x 12000L.
Processing /spatial_data/Original_Datasets/GHSL/uncompressed/builtup/R2023A/GHS_BUILT_S_E2020_GLOBE_R2023A_4326_3ss_V1_0.tif [1/1] : 0...10...20...30...40...50...60...70...80...90...100 - done.
ERROR 1: Output dataset /spatial_data/Derived_Datasets/RASTER/GHSL/R2023A/builtup_new/tiles_2020/builtup_tile_518.tif exists,
but some command line options were provided indicating a new dataset
should be created.  Please delete existing dataset and run again.

Creating output file that is 12000P x 12000L.
Processing /spatial_data/Original_Datasets/GHSL/uncompressed/builtup/R2023A/GHS_BUILT_S_E2020_GLOBE_R2023A_4326_3ss_V1_0.tif [1/1] : 0...10...20...30...40...50...60...70...80...90...100 - done.
Creating output file that is 12000P x 12000L.
Processing /spatial_data/Original_Datasets/GHSL/uncompressed/builtup/R2023A/GHS_BUILT_S_E2020_GLOBE_R2023A_4326_3ss_V1_0.tif [1/1] : 0...10...20...30...40...50...60...70...80...90...100 - done.
ERROR 1: Output dataset /spatial_data/Derived_Datasets/RASTER/GHSL/R2023A/builtup_new/tiles_2020/builtup_tile_519.tif exists,
but some command line options were provided indicating a new dataset
should be created.  Please delete existing dataset and run again.

Creating output file that is 12000P x 12000L.
Processing /spatial_data/Original_Datasets/GHSL/uncompressed/builtup/R2023A/GHS_BUILT_S_E2020_GLOBE_R2023A_4326_3ss_V1_0.tif [1/1] : 0...10...20...30...40...50...60...70...80...90...100 - done.
Creating output file that is 12000P x 12000L.
Processing /spatial_data/Original_Datasets/GHSL/uncompressed/builtup/R2023A/GHS_BUILT_S_E2020_GLOBE_R2023A_4326_3ss_V1_0.tif [1/1] : 0...10...20...30...40...50...60...70...80...90...100 - done.
ERROR 1: Output dataset /spatial_data/Derived_Datasets/RASTER/GHSL/R2023A/builtup_new/tiles_2020/builtup_tile_521.tif exists,
but some command line options were provided indicating a new dataset
should be created.  Please delete existing dataset and run again.

Creating output file that is 12000P x 12000L.
Processing /spatial_data/Original_Datasets/GHSL/uncompressed/builtup/R2023A/GHS_BUILT_S_E2020_GLOBE_R2023A_4326_3ss_V1_0.tif [1/1] : 0...10...20...30...40...50...60...70...80...90...100 - done.
ERROR 1: Output dataset /spatial_data/Derived_Datasets/RASTER/GHSL/R2023A/builtup_new/tiles_2020/builtup_tile_522.tif exists,
but some command line options were provided indicating a new dataset
should be created.  Please delete existing dataset and run again.

Creating output file that is 12000P x 12000L.
Processing /spatial_data/Original_Datasets/GHSL/uncompressed/builtup/R2023A/GHS_BUILT_S_E2020_GLOBE_R2023A_4326_3ss_V1_0.tif [1/1] : 0...10...20...30...40...50...60...70...80...90...100 - done.
ERROR 1: Output dataset /spatial_data/Derived_Datasets/RASTER/GHSL/R2023A/builtup_new/tiles_2020/builtup_tile_523.tif exists,
but some command line options were provided indicating a new dataset
should be created.  Please delete existing dataset and run again.

Creating output file that is 12000P x 12000L.
Processing /spatial_data/Original_Datasets/GHSL/uncompressed/builtup/R2023A/GHS_BUILT_S_E2020_GLOBE_R2023A_4326_3ss_V1_0.tif [1/1] : 0...10...20...30...40...50...60...70...80...90...100 - done.
Creating output file that is 12000P x 12000L.
Processing /spatial_data/Original_Datasets/GHSL/uncompressed/builtup/R2023A/GHS_BUILT_S_E2020_GLOBE_R2023A_4326_3ss_V1_0.tif [1/1] : 0...10...20...30...40...50...60...70...80...90...100 - done.
Creating output file that is 12000P x 12000L.
Processing /spatial_data/Original_Datasets/GHSL/uncompressed/builtup/R2023A/GHS_BUILT_S_E2020_GLOBE_R2023A_4326_3ss_V1_0.tif [1/1] : 0...10...20...30...40...50...60...70...80...90...100 - done.
ERROR 1: Output dataset /spatial_data/Derived_Datasets/RASTER/GHSL/R2023A/builtup_new/tiles_2020/builtup_tile_525.tif exists,
but some command line options were provided indicating a new dataset
should be created.  Please delete existing dataset and run again.

Creating output file that is 12000P x 12000L.
Processing /spatial_data/Original_Datasets/GHSL/uncompressed/builtup/R2023A/GHS_BUILT_S_E2020_GLOBE_R2023A_4326_3ss_V1_0.tif [1/1] : 0...10...20...30...40...50...60...70...80...90...100 - done.
ERROR 1: Output dataset /spatial_data/Derived_Datasets/RASTER/GHSL/R2023A/builtup_new/tiles_2020/builtup_tile_526.tif exists,
but some command line options were provided indicating a new dataset
should be created.  Please delete existing dataset and run again.

Creating output file that is 12000P x 12000L.
Processing /spatial_data/Original_Datasets/GHSL/uncompressed/builtup/R2023A/GHS_BUILT_S_E2020_GLOBE_R2023A_4326_3ss_V1_0.tif [1/1] : 0...10...20...30...40...50...60...70...80...90...100 - done.
Creating output file that is 12000P x 12000L.
Processing /spatial_data/Original_Datasets/GHSL/uncompressed/builtup/R2023A/GHS_BUILT_S_E2020_GLOBE_R2023A_4326_3ss_V1_0.tif [1/1] : 0...10...20...30...40...50...60...70...80...90...100 - done.
Creating output file that is 12000P x 12000L.
Processing /spatial_data/Original_Datasets/GHSL/uncompressed/builtup/R2023A/GHS_BUILT_S_E2020_GLOBE_R2023A_4326_3ss_V1_0.tif [1/1] : 0...10...20...30...40...50...60...70...80...90...100 - done.
ERROR 1: Output dataset /spatial_data/Derived_Datasets/RASTER/GHSL/R2023A/builtup_new/tiles_2020/builtup_tile_528.tif exists,
but some command line options were provided indicating a new dataset
should be created.  Please delete existing dataset and run again.

Creating output file that is 12000P x 12000L.
Processing /spatial_data/Original_Datasets/GHSL/uncompressed/builtup/R2023A/GHS_BUILT_S_E2020_GLOBE_R2023A_4326_3ss_V1_0.tif [1/1] : 0...10...20...30...40...50...60...70...80...90...100 - done.
Creating output file that is 12000P x 12000L.
Processing /spatial_data/Original_Datasets/GHSL/uncompressed/builtup/R2023A/GHS_BUILT_S_E2020_GLOBE_R2023A_4326_3ss_V1_0.tif [1/1] : 0...10...20...30...40...50...60...70...80...90...100 - done.
Creating output file that is 12000P x 12000L.
Processing /spatial_data/Original_Datasets/GHSL/uncompressed/builtup/R2023A/GHS_BUILT_S_E2020_GLOBE_R2023A_4326_3ss_V1_0.tif [1/1] : 0...10...20...30...40...50...60...70...80...90...100 - done.
ERROR 1: Output dataset /spatial_data/Derived_Datasets/RASTER/GHSL/R2023A/builtup_new/tiles_2020/builtup_tile_530.tif exists,
but some command line options were provided indicating a new dataset
should be created.  Please delete existing dataset and run again.

Creating output file that is 12000P x 12000L.
Processing /spatial_data/Original_Datasets/GHSL/uncompressed/builtup/R2023A/GHS_BUILT_S_E2020_GLOBE_R2023A_4326_3ss_V1_0.tif [1/1] : 0...10...20...30...40...50...60...70...80...90...100 - done.
Creating output file that is 12000P x 12000L.
Processing /spatial_data/Original_Datasets/GHSL/uncompressed/builtup/R2023A/GHS_BUILT_S_E2020_GLOBE_R2023A_4326_3ss_V1_0.tif [1/1] : 0...10...20...30...40...50...60...70...80...90...100 - done.
ERROR 1: Output dataset /spatial_data/Derived_Datasets/RASTER/GHSL/R2023A/builtup_new/tiles_2020/builtup_tile_531.tif exists,
but some command line options were provided indicating a new dataset
should be created.  Please delete existing dataset and run again.

Creating output file that is 12000P x 12000L.
Processing /spatial_data/Original_Datasets/GHSL/uncompressed/builtup/R2023A/GHS_BUILT_S_E2020_GLOBE_R2023A_4326_3ss_V1_0.tif [1/1] : 0...10...20...30...40...50...60...70...80...90...100 - done.
Creating output file that is 12000P x 12000L.
Processing /spatial_data/Original_Datasets/GHSL/uncompressed/builtup/R2023A/GHS_BUILT_S_E2020_GLOBE_R2023A_4326_3ss_V1_0.tif [1/1] : 0...10...20...30...40...50...60...70...80...90...100 - done.
ERROR 1: Output dataset /spatial_data/Derived_Datasets/RASTER/GHSL/R2023A/builtup_new/tiles_2020/builtup_tile_533.tif exists,
but some command line options were provided indicating a new dataset
should be created.  Please delete existing dataset and run again.

Creating output file that is 12000P x 12000L.
Processing /spatial_data/Original_Datasets/GHSL/uncompressed/builtup/R2023A/GHS_BUILT_S_E2020_GLOBE_R2023A_4326_3ss_V1_0.tif [1/1] : 0...10...20...30...40...50...60...70...80...90...100 - done.
Creating output file that is 12000P x 12000L.
Processing /spatial_data/Original_Datasets/GHSL/uncompressed/builtup/R2023A/GHS_BUILT_S_E2020_GLOBE_R2023A_4326_3ss_V1_0.tif [1/1] : 0...10...20...30...40...50...60...70...80...90...100 - done.
Creating output file that is 12000P x 12000L.
Processing /spatial_data/Original_Datasets/GHSL/uncompressed/builtup/R2023A/GHS_BUILT_S_E2020_GLOBE_R2023A_4326_3ss_V1_0.tif [1/1] : 0...10...20...30...40...50...60...70...80...90...100 - done.
Creating output file that is 12000P x 12000L.
Processing /spatial_data/Original_Datasets/GHSL/uncompressed/builtup/R2023A/GHS_BUILT_S_E2020_GLOBE_R2023A_4326_3ss_V1_0.tif [1/1] : 0...10...20...30...40...50...60...70...80...90...100 - done.
Creating output file that is 12000P x 12000L.
Processing /spatial_data/Original_Datasets/GHSL/uncompressed/builtup/R2023A/GHS_BUILT_S_E2020_GLOBE_R2023A_4326_3ss_V1_0.tif [1/1] : 0...10...20...30...40...50...60...70...80...90...100 - done.
ERROR 1: Output dataset /spatial_data/Derived_Datasets/RASTER/GHSL/R2023A/builtup_new/tiles_2020/builtup_tile_536.tif exists,
but some command line options were provided indicating a new dataset
should be created.  Please delete existing dataset and run again.

Creating output file that is 12000P x 12000L.
Processing /spatial_data/Original_Datasets/GHSL/uncompressed/builtup/R2023A/GHS_BUILT_S_E2020_GLOBE_R2023A_4326_3ss_V1_0.tif [1/1] : 0...10...20...30...40...50...60...70...80...90...100 - done.
Creating output file that is 12000P x 12000L.
Processing /spatial_data/Original_Datasets/GHSL/uncompressed/builtup/R2023A/GHS_BUILT_S_E2020_GLOBE_R2023A_4326_3ss_V1_0.tif [1/1] : 0...10...20...30...40...50...60...70...80...90...100 - done.
Creating output file that is 12000P x 12000L.
Processing /spatial_data/Original_Datasets/GHSL/uncompressed/builtup/R2023A/GHS_BUILT_S_E2020_GLOBE_R2023A_4326_3ss_V1_0.tif [1/1] : 0...10...20...30...40...50...60...70...80...90...100 - done.
ERROR 1: Output dataset /spatial_data/Derived_Datasets/RASTER/GHSL/R2023A/builtup_new/tiles_2020/builtup_tile_538.tif exists,
but some command line options were provided indicating a new dataset
should be created.  Please delete existing dataset and run again.

Creating output file that is 12000P x 12000L.
Processing /spatial_data/Original_Datasets/GHSL/uncompressed/builtup/R2023A/GHS_BUILT_S_E2020_GLOBE_R2023A_4326_3ss_V1_0.tif [1/1] : 0...10...20...30...40...50...60...70...80...90...100 - done.
ERROR 1: Output dataset /spatial_data/Derived_Datasets/RASTER/GHSL/R2023A/builtup_new/tiles_2020/builtup_tile_539.tif exists,
but some command line options were provided indicating a new dataset
should be created.  Please delete existing dataset and run again.

Creating output file that is 12000P x 12000L.
Processing /spatial_data/Original_Datasets/GHSL/uncompressed/builtup/R2023A/GHS_BUILT_S_E2020_GLOBE_R2023A_4326_3ss_V1_0.tif [1/1] : 0...10...20...30...40...50...60...70...80...90...100 - done.
ERROR 1: Output dataset /spatial_data/Derived_Datasets/RASTER/GHSL/R2023A/builtup_new/tiles_2020/builtup_tile_540.tif exists,
but some command line options were provided indicating a new dataset
should be created.  Please delete existing dataset and run again.

Creating output file that is 12000P x 12000L.
Processing /spatial_data/Original_Datasets/GHSL/uncompressed/builtup/R2023A/GHS_BUILT_S_E2020_GLOBE_R2023A_4326_3ss_V1_0.tif [1/1] : 0...10...20...30...40...50...60...70...80...90...100 - done.
Creating output file that is 12000P x 12000L.
Processing /spatial_data/Original_Datasets/GHSL/uncompressed/builtup/R2023A/GHS_BUILT_S_E2020_GLOBE_R2023A_4326_3ss_V1_0.tif [1/1] : 0...10...20...30...40...50...60...70...80...90...100 - done.
Creating output file that is 12000P x 12000L.
Processing /spatial_data/Original_Datasets/GHSL/uncompressed/builtup/R2023A/GHS_BUILT_S_E2020_GLOBE_R2023A_4326_3ss_V1_0.tif [1/1] : 0...10...20...30...40...50...60...70...80...90...100 - done.
ERROR 1: Output dataset /spatial_data/Derived_Datasets/RASTER/GHSL/R2023A/builtup_new/tiles_2020/builtup_tile_542.tif exists,
but some command line options were provided indicating a new dataset
should be created.  Please delete existing dataset and run again.

Creating output file that is 12000P x 12000L.
Processing /spatial_data/Original_Datasets/GHSL/uncompressed/builtup/R2023A/GHS_BUILT_S_E2020_GLOBE_R2023A_4326_3ss_V1_0.tif [1/1] : 0...10...20...30...40...50...60...70...80...90...100 - done.
Creating output file that is 12000P x 12000L.
Processing /spatial_data/Original_Datasets/GHSL/uncompressed/builtup/R2023A/GHS_BUILT_S_E2020_GLOBE_R2023A_4326_3ss_V1_0.tif [1/1] : 0...10...20...30...40...50...60...70...80...90...100 - done.
ERROR 1: Output dataset /spatial_data/Derived_Datasets/RASTER/GHSL/R2023A/builtup_new/tiles_2020/builtup_tile_543.tif exists,
but some command line options were provided indicating a new dataset
should be created.  Please delete existing dataset and run again.

Creating output file that is 12000P x 12000L.
Processing /spatial_data/Original_Datasets/GHSL/uncompressed/builtup/R2023A/GHS_BUILT_S_E2020_GLOBE_R2023A_4326_3ss_V1_0.tif [1/1] : 0...10...20...30...40...50...60...70...80...90...100 - done.
Creating output file that is 12000P x 12000L.
Processing /spatial_data/Original_Datasets/GHSL/uncompressed/builtup/R2023A/GHS_BUILT_S_E2020_GLOBE_R2023A_4326_3ss_V1_0.tif [1/1] : 0...10...20...30...40...50...60...70...80...90...100 - done.
ERROR 1: Output dataset /spatial_data/Derived_Datasets/RASTER/GHSL/R2023A/builtup_new/tiles_2020/builtup_tile_545.tif exists,
but some command line options were provided indicating a new dataset
should be created.  Please delete existing dataset and run again.

Creating output file that is 12000P x 12000L.
Processing /spatial_data/Original_Datasets/GHSL/uncompressed/builtup/R2023A/GHS_BUILT_S_E2020_GLOBE_R2023A_4326_3ss_V1_0.tif [1/1] : 0...10...20...30...40...50...60...70...80...90...100 - done.
Creating output file that is 12000P x 12000L.
Processing /spatial_data/Original_Datasets/GHSL/uncompressed/builtup/R2023A/GHS_BUILT_S_E2020_GLOBE_R2023A_4326_3ss_V1_0.tif [1/1] : 0...10...20...30...40...50...60...70...80...90...100 - done.
Creating output file that is 12000P x 12000L.
Processing /spatial_data/Original_Datasets/GHSL/uncompressed/builtup/R2023A/GHS_BUILT_S_E2020_GLOBE_R2023A_4326_3ss_V1_0.tif [1/1] : 0...10...20...30...40...50...60...70...80...90...100 - done.
ERROR 1: Output dataset /spatial_data/Derived_Datasets/RASTER/GHSL/R2023A/builtup_new/tiles_2020/builtup_tile_547.tif exists,
but some command line options were provided indicating a new dataset
should be created.  Please delete existing dataset and run again.

Creating output file that is 12000P x 12000L.
Processing /spatial_data/Original_Datasets/GHSL/uncompressed/builtup/R2023A/GHS_BUILT_S_E2020_GLOBE_R2023A_4326_3ss_V1_0.tif [1/1] : 0...10...20...30...40...50...60...70...80...90...100 - done.
ERROR 1: Output dataset /spatial_data/Derived_Datasets/RASTER/GHSL/R2023A/builtup_new/tiles_2020/builtup_tile_548.tif exists,
but some command line options were provided indicating a new dataset
should be created.  Please delete existing dataset and run again.

Creating output file that is 12000P x 12000L.
Processing /spatial_data/Original_Datasets/GHSL/uncompressed/builtup/R2023A/GHS_BUILT_S_E2020_GLOBE_R2023A_4326_3ss_V1_0.tif [1/1] : 0...10...20...30...40...50...60...70...80...90...100 - done.
Creating output file that is 12000P x 12000L.
Processing /spatial_data/Original_Datasets/GHSL/uncompressed/builtup/R2023A/GHS_BUILT_S_E2020_GLOBE_R2023A_4326_3ss_V1_0.tif [1/1] : 0...10...20...30...40...50...60...70...80...90...100 - done.
Creating output file that is 12000P x 12000L.
Processing /spatial_data/Original_Datasets/GHSL/uncompressed/builtup/R2023A/GHS_BUILT_S_E2020_GLOBE_R2023A_4326_3ss_V1_0.tif [1/1] : 0...10...20...30...40...50...60...70...80...90...100 - done.
ERROR 1: Output dataset /spatial_data/Derived_Datasets/RASTER/GHSL/R2023A/builtup_new/tiles_2020/builtup_tile_550.tif exists,
but some command line options were provided indicating a new dataset
should be created.  Please delete existing dataset and run again.

Creating output file that is 12000P x 12000L.
Processing /spatial_data/Original_Datasets/GHSL/uncompressed/builtup/R2023A/GHS_BUILT_S_E2020_GLOBE_R2023A_4326_3ss_V1_0.tif [1/1] : 0...10...20...30...40...50...60...70...80...90...100 - done.
Creating output file that is 12000P x 12000L.
Processing /spatial_data/Original_Datasets/GHSL/uncompressed/builtup/R2023A/GHS_BUILT_S_E2020_GLOBE_R2023A_4326_3ss_V1_0.tif [1/1] : 0...10...20...30...40...50...60...70...80...90...100 - done.
ERROR 1: Output dataset /spatial_data/Derived_Datasets/RASTER/GHSL/R2023A/builtup_new/tiles_2020/builtup_tile_551.tif exists,
but some command line options were provided indicating a new dataset
should be created.  Please delete existing dataset and run again.

Creating output file that is 12000P x 12000L.
Processing /spatial_data/Original_Datasets/GHSL/uncompressed/builtup/R2023A/GHS_BUILT_S_E2020_GLOBE_R2023A_4326_3ss_V1_0.tif [1/1] : 0...10...20...30...40...50...60...70...80...90...100 - done.
Creating output file that is 12000P x 12000L.
Processing /spatial_data/Original_Datasets/GHSL/uncompressed/builtup/R2023A/GHS_BUILT_S_E2020_GLOBE_R2023A_4326_3ss_V1_0.tif [1/1] : 0...10...20...30...40...50...60...70...80...90...100 - done.
ERROR 1: Output dataset /spatial_data/Derived_Datasets/RASTER/GHSL/R2023A/builtup_new/tiles_2020/builtup_tile_553.tif exists,
but some command line options were provided indicating a new dataset
should be created.  Please delete existing dataset and run again.

Creating output file that is 12000P x 12000L.
Processing /spatial_data/Original_Datasets/GHSL/uncompressed/builtup/R2023A/GHS_BUILT_S_E2020_GLOBE_R2023A_4326_3ss_V1_0.tif [1/1] : 0...10...20...30...40...50...60...70...80...90...100 - done.
ERROR 1: Output dataset /spatial_data/Derived_Datasets/RASTER/GHSL/R2023A/builtup_new/tiles_2020/builtup_tile_554.tif exists,
but some command line options were provided indicating a new dataset
should be created.  Please delete existing dataset and run again.

Creating output file that is 12000P x 12000L.
Processing /spatial_data/Original_Datasets/GHSL/uncompressed/builtup/R2023A/GHS_BUILT_S_E2020_GLOBE_R2023A_4326_3ss_V1_0.tif [1/1] : 0...10...20...30...40...50...60...70...80...90...100 - done.
Creating output file that is 12000P x 12000L.
Processing /spatial_data/Original_Datasets/GHSL/uncompressed/builtup/R2023A/GHS_BUILT_S_E2020_GLOBE_R2023A_4326_3ss_V1_0.tif [1/1] : 0...10...20...30...40...50...60...70...80...90...100 - done.
Creating output file that is 12000P x 12000L.
Processing /spatial_data/Original_Datasets/GHSL/uncompressed/builtup/R2023A/GHS_BUILT_S_E2020_GLOBE_R2023A_4326_3ss_V1_0.tif [1/1] : 0...10...20...30...40...50...60...70...80...90...100 - done.
ERROR 1: Output dataset /spatial_data/Derived_Datasets/RASTER/GHSL/R2023A/builtup_new/tiles_2020/builtup_tile_556.tif exists,
but some command line options were provided indicating a new dataset
should be created.  Please delete existing dataset and run again.

Creating output file that is 12000P x 12000L.
Processing /spatial_data/Original_Datasets/GHSL/uncompressed/builtup/R2023A/GHS_BUILT_S_E2020_GLOBE_R2023A_4326_3ss_V1_0.tif [1/1] : 0...10...20...30...40...50...60...70...80...90...100 - done.
Creating output file that is 12000P x 12000L.
Processing /spatial_data/Original_Datasets/GHSL/uncompressed/builtup/R2023A/GHS_BUILT_S_E2020_GLOBE_R2023A_4326_3ss_V1_0.tif [1/1] : 0...10...20...30...40...50...60...70...80...90...100 - done.
ERROR 1: Output dataset /spatial_data/Derived_Datasets/RASTER/GHSL/R2023A/builtup_new/tiles_2020/builtup_tile_557.tif exists,
but some command line options were provided indicating a new dataset
should be created.  Please delete existing dataset and run again.

Creating output file that is 12000P x 12000L.
Processing /spatial_data/Original_Datasets/GHSL/uncompressed/builtup/R2023A/GHS_BUILT_S_E2020_GLOBE_R2023A_4326_3ss_V1_0.tif [1/1] : 0...10...20...30...40...50...60...70...80...90...100 - done.
Creating output file that is 12000P x 12000L.
Processing /spatial_data/Original_Datasets/GHSL/uncompressed/builtup/R2023A/GHS_BUILT_S_E2020_GLOBE_R2023A_4326_3ss_V1_0.tif [1/1] : 0...10...20...30...40...50...60...70...80...90...100 - done.
ERROR 1: Output dataset /spatial_data/Derived_Datasets/RASTER/GHSL/R2023A/builtup_new/tiles_2020/builtup_tile_559.tif exists,
but some command line options were provided indicating a new dataset
should be created.  Please delete existing dataset and run again.

Creating output file that is 12000P x 12000L.
Processing /spatial_data/Original_Datasets/GHSL/uncompressed/builtup/R2023A/GHS_BUILT_S_E2020_GLOBE_R2023A_4326_3ss_V1_0.tif [1/1] : 0...10...20...30...40...50...60...70...80...90...100 - done.
Creating output file that is 12000P x 12000L.
Processing /spatial_data/Original_Datasets/GHSL/uncompressed/builtup/R2023A/GHS_BUILT_S_E2020_GLOBE_R2023A_4326_3ss_V1_0.tif [1/1] : 0...10...20...30...40...50...60...70...80...90...100 - done.
ERROR 1: Output dataset /spatial_data/Derived_Datasets/RASTER/GHSL/R2023A/builtup_new/tiles_2020/builtup_tile_560.tif exists,
but some command line options were provided indicating a new dataset
should be created.  Please delete existing dataset and run again.

Creating output file that is 12000P x 12000L.
Processing /spatial_data/Original_Datasets/GHSL/uncompressed/builtup/R2023A/GHS_BUILT_S_E2020_GLOBE_R2023A_4326_3ss_V1_0.tif [1/1] : 0...10...20...30...40...50...60...70...80...90...100 - done.
Creating output file that is 12000P x 12000L.
Processing /spatial_data/Original_Datasets/GHSL/uncompressed/builtup/R2023A/GHS_BUILT_S_E2020_GLOBE_R2023A_4326_3ss_V1_0.tif [1/1] : 0...10...20...30...40...50...60...70...80...90...100 - done.
ERROR 1: Output dataset /spatial_data/Derived_Datasets/RASTER/GHSL/R2023A/builtup_new/tiles_2020/builtup_tile_562.tif exists,
but some command line options were provided indicating a new dataset
should be created.  Please delete existing dataset and run again.

Creating output file that is 12000P x 12000L.
Processing /spatial_data/Original_Datasets/GHSL/uncompressed/builtup/R2023A/GHS_BUILT_S_E2020_GLOBE_R2023A_4326_3ss_V1_0.tif [1/1] : 0...10...20...30...40...50...60...70...80...90...100 - done.
Creating output file that is 12000P x 12000L.
Processing /spatial_data/Original_Datasets/GHSL/uncompressed/builtup/R2023A/GHS_BUILT_S_E2020_GLOBE_R2023A_4326_3ss_V1_0.tif [1/1] : 0...10...20...30...40...50...60...70...80...90...100 - done.
Creating output file that is 12000P x 12000L.
Processing /spatial_data/Original_Datasets/GHSL/uncompressed/builtup/R2023A/GHS_BUILT_S_E2020_GLOBE_R2023A_4326_3ss_V1_0.tif [1/1] : 0...10...20...30...40...50...60...70...80...90...100 - done.
Creating output file that is 12000P x 12000L.
Processing /spatial_data/Original_Datasets/GHSL/uncompressed/builtup/R2023A/GHS_BUILT_S_E2020_GLOBE_R2023A_4326_3ss_V1_0.tif [1/1] : 0...10...20...30...40...50...60...70...80...90...100 - done.
Creating output file that is 12000P x 12000L.
Processing /spatial_data/Original_Datasets/GHSL/uncompressed/builtup/R2023A/GHS_BUILT_S_E2020_GLOBE_R2023A_4326_3ss_V1_0.tif [1/1] : 0...10...20...30...40...50...60...70...80...90...100 - done.
ERROR 1: Output dataset /spatial_data/Derived_Datasets/RASTER/GHSL/R2023A/builtup_new/tiles_2020/builtup_tile_565.tif exists,
but some command line options were provided indicating a new dataset
should be created.  Please delete existing dataset and run again.

Creating output file that is 12000P x 12000L.
Processing /spatial_data/Original_Datasets/GHSL/uncompressed/builtup/R2023A/GHS_BUILT_S_E2020_GLOBE_R2023A_4326_3ss_V1_0.tif [1/1] : 0...10...20...30...40...50...60...70...80...90...100 - done.
Creating output file that is 12000P x 12000L.
Processing /spatial_data/Original_Datasets/GHSL/uncompressed/builtup/R2023A/GHS_BUILT_S_E2020_GLOBE_R2023A_4326_3ss_V1_0.tif [1/1] : 0...10...20...30...40...50...60...70...80...90...100 - done.
Creating output file that is 12000P x 12000L.
Processing /spatial_data/Original_Datasets/GHSL/uncompressed/builtup/R2023A/GHS_BUILT_S_E2020_GLOBE_R2023A_4326_3ss_V1_0.tif [1/1] : 0...10...20...30...40...50...60...70...80...90...100 - done.
ERROR 1: Output dataset /spatial_data/Derived_Datasets/RASTER/GHSL/R2023A/builtup_new/tiles_2020/builtup_tile_567.tif exists,
but some command line options were provided indicating a new dataset
should be created.  Please delete existing dataset and run again.

Creating output file that is 12000P x 12000L.
Processing /spatial_data/Original_Datasets/GHSL/uncompressed/builtup/R2023A/GHS_BUILT_S_E2020_GLOBE_R2023A_4326_3ss_V1_0.tif [1/1] : 0...10...20...30...40...50...60...70...80...90...100 - done.
ERROR 1: Output dataset /spatial_data/Derived_Datasets/RASTER/GHSL/R2023A/builtup_new/tiles_2020/builtup_tile_568.tif exists,
but some command line options were provided indicating a new dataset
should be created.  Please delete existing dataset and run again.

Creating output file that is 12000P x 12000L.
Processing /spatial_data/Original_Datasets/GHSL/uncompressed/builtup/R2023A/GHS_BUILT_S_E2020_GLOBE_R2023A_4326_3ss_V1_0.tif [1/1] : 0...10...20...30...40...50...60...70...80...90...100 - done.
Creating output file that is 12000P x 12000L.
Processing /spatial_data/Original_Datasets/GHSL/uncompressed/builtup/R2023A/GHS_BUILT_S_E2020_GLOBE_R2023A_4326_3ss_V1_0.tif [1/1] : 0...10...20...30...40...50...60...70...80...90...100 - done.
Creating output file that is 12000P x 12000L.
Processing /spatial_data/Original_Datasets/GHSL/uncompressed/builtup/R2023A/GHS_BUILT_S_E2020_GLOBE_R2023A_4326_3ss_V1_0.tif [1/1] : 0...10...20...30...40...50...60...70...80...90...100 - done.
ERROR 1: Output dataset /spatial_data/Derived_Datasets/RASTER/GHSL/R2023A/builtup_new/tiles_2020/builtup_tile_570.tif exists,
but some command line options were provided indicating a new dataset
should be created.  Please delete existing dataset and run again.

Creating output file that is 12000P x 12000L.
Processing /spatial_data/Original_Datasets/GHSL/uncompressed/builtup/R2023A/GHS_BUILT_S_E2020_GLOBE_R2023A_4326_3ss_V1_0.tif [1/1] : 0...10...20...30...40...50...60...70...80...90...100 - done.
ERROR 1: Output dataset /spatial_data/Derived_Datasets/RASTER/GHSL/R2023A/builtup_new/tiles_2020/builtup_tile_571.tif exists,
but some command line options were provided indicating a new dataset
should be created.  Please delete existing dataset and run again.

Creating output file that is 12000P x 12000L.
Processing /spatial_data/Original_Datasets/GHSL/uncompressed/builtup/R2023A/GHS_BUILT_S_E2020_GLOBE_R2023A_4326_3ss_V1_0.tif [1/1] : 0...10...20...30...40...50...60...70...80...90...100 - done.
Creating output file that is 12000P x 12000L.
Processing /spatial_data/Original_Datasets/GHSL/uncompressed/builtup/R2023A/GHS_BUILT_S_E2020_GLOBE_R2023A_4326_3ss_V1_0.tif [1/1] : 0...10...20...30...40...50...60...70...80...90...100 - done.
Creating output file that is 12000P x 12000L.
Processing /spatial_data/Original_Datasets/GHSL/uncompressed/builtup/R2023A/GHS_BUILT_S_E2020_GLOBE_R2023A_4326_3ss_V1_0.tif [1/1] : 0...10...20...30...40...50...60...70...80...90...100 - done.
ERROR 1: Output dataset /spatial_data/Derived_Datasets/RASTER/GHSL/R2023A/builtup_new/tiles_2020/builtup_tile_573.tif exists,
but some command line options were provided indicating a new dataset
should be created.  Please delete existing dataset and run again.

Creating output file that is 12000P x 12000L.
Processing /spatial_data/Original_Datasets/GHSL/uncompressed/builtup/R2023A/GHS_BUILT_S_E2020_GLOBE_R2023A_4326_3ss_V1_0.tif [1/1] : 0...10...20...30...40...50...60...70...80...90...100 - done.
ERROR 1: Output dataset /spatial_data/Derived_Datasets/RASTER/GHSL/R2023A/builtup_new/tiles_2020/builtup_tile_574.tif exists,
but some command line options were provided indicating a new dataset
should be created.  Please delete existing dataset and run again.

Creating output file that is 12000P x 12000L.
Processing /spatial_data/Original_Datasets/GHSL/uncompressed/builtup/R2023A/GHS_BUILT_S_E2020_GLOBE_R2023A_4326_3ss_V1_0.tif [1/1] : 0...10...20...30...40...50...60...70...80...90...100 - done.
Creating output file that is 12000P x 12000L.
Processing /spatial_data/Original_Datasets/GHSL/uncompressed/builtup/R2023A/GHS_BUILT_S_E2020_GLOBE_R2023A_4326_3ss_V1_0.tif [1/1] : 0...10...20...30...40...50...60...70...80...90...100 - done.
Creating output file that is 12000P x 12000L.
Processing /spatial_data/Original_Datasets/GHSL/uncompressed/builtup/R2023A/GHS_BUILT_S_E2020_GLOBE_R2023A_4326_3ss_V1_0.tif [1/1] : 0...10...20...30...40...50...60...70...80...90...100 - done.
ERROR 1: Output dataset /spatial_data/Derived_Datasets/RASTER/GHSL/R2023A/builtup_new/tiles_2020/builtup_tile_576.tif exists,
but some command line options were provided indicating a new dataset
should be created.  Please delete existing dataset and run again.

Creating output file that is 12000P x 12000L.
Processing /spatial_data/Original_Datasets/GHSL/uncompressed/builtup/R2023A/GHS_BUILT_S_E2020_GLOBE_R2023A_4326_3ss_V1_0.tif [1/1] : 0...10...20...30...40...50...60...70...80...90...100 - done.
Creating output file that is 12000P x 12000L.
Processing /spatial_data/Original_Datasets/GHSL/uncompressed/builtup/R2023A/GHS_BUILT_S_E2020_GLOBE_R2023A_4326_3ss_V1_0.tif [1/1] : 0...10...20...30...40...50...60...70...80...90...100 - done.
ERROR 1: Output dataset /spatial_data/Derived_Datasets/RASTER/GHSL/R2023A/builtup_new/tiles_2020/builtup_tile_577.tif exists,
but some command line options were provided indicating a new dataset
should be created.  Please delete existing dataset and run again.

Creating output file that is 12000P x 12000L.
Processing /spatial_data/Original_Datasets/GHSL/uncompressed/builtup/R2023A/GHS_BUILT_S_E2020_GLOBE_R2023A_4326_3ss_V1_0.tif [1/1] : 0...10...20...30...40...50...60...70...80...90...100 - done.
Creating output file that is 12000P x 12000L.
Processing /spatial_data/Original_Datasets/GHSL/uncompressed/builtup/R2023A/GHS_BUILT_S_E2020_GLOBE_R2023A_4326_3ss_V1_0.tif [1/1] : 0...10...20...30...40...50...60...70...80...90...100 - done.
ERROR 1: Output dataset /spatial_data/Derived_Datasets/RASTER/GHSL/R2023A/builtup_new/tiles_2020/builtup_tile_579.tif exists,
but some command line options were provided indicating a new dataset
should be created.  Please delete existing dataset and run again.

Creating output file that is 12000P x 12000L.
Processing /spatial_data/Original_Datasets/GHSL/uncompressed/builtup/R2023A/GHS_BUILT_S_E2020_GLOBE_R2023A_4326_3ss_V1_0.tif [1/1] : 0...10...20...30...40...50...60...70...80...90...100 - done.
Creating output file that is 12000P x 12000L.
Processing /spatial_data/Original_Datasets/GHSL/uncompressed/builtup/R2023A/GHS_BUILT_S_E2020_GLOBE_R2023A_4326_3ss_V1_0.tif [1/1] : 0...10...20...30...40...50...60...70...80...90...100 - done.
Creating output file that is 12000P x 12000L.
Processing /spatial_data/Original_Datasets/GHSL/uncompressed/builtup/R2023A/GHS_BUILT_S_E2020_GLOBE_R2023A_4326_3ss_V1_0.tif [1/1] : 0...10...20...30...40...50...60...70...80...90...100 - done.
ERROR 1: Output dataset /spatial_data/Derived_Datasets/RASTER/GHSL/R2023A/builtup_new/tiles_2020/builtup_tile_580.tif exists,
but some command line options were provided indicating a new dataset
should be created.  Please delete existing dataset and run again.

Creating output file that is 12000P x 12000L.
Processing /spatial_data/Original_Datasets/GHSL/uncompressed/builtup/R2023A/GHS_BUILT_S_E2020_GLOBE_R2023A_4326_3ss_V1_0.tif [1/1] : 0...10...20...30...40...50...60...70...80...90...100 - done.
ERROR 1: Output dataset /spatial_data/Derived_Datasets/RASTER/GHSL/R2023A/builtup_new/tiles_2020/builtup_tile_582.tif exists,
but some command line options were provided indicating a new dataset
should be created.  Please delete existing dataset and run again.

Creating output file that is 12000P x 12000L.
Processing /spatial_data/Original_Datasets/GHSL/uncompressed/builtup/R2023A/GHS_BUILT_S_E2020_GLOBE_R2023A_4326_3ss_V1_0.tif [1/1] : 0...10...20...30...40...50...60...70...80...90...100 - done.
Creating output file that is 12000P x 12000L.
Processing /spatial_data/Original_Datasets/GHSL/uncompressed/builtup/R2023A/GHS_BUILT_S_E2020_GLOBE_R2023A_4326_3ss_V1_0.tif [1/1] : 0...10...20...30...40...50...60...70...80...90...100 - done.
ERROR 1: Output dataset /spatial_data/Derived_Datasets/RASTER/GHSL/R2023A/builtup_new/tiles_2020/builtup_tile_583.tif exists,
but some command line options were provided indicating a new dataset
should be created.  Please delete existing dataset and run again.

Creating output file that is 12000P x 12000L.
Processing /spatial_data/Original_Datasets/GHSL/uncompressed/builtup/R2023A/GHS_BUILT_S_E2020_GLOBE_R2023A_4326_3ss_V1_0.tif [1/1] : 0...10...20...30...40...50...60...70...80...90...100 - done.
Creating output file that is 12000P x 12000L.
Processing /spatial_data/Original_Datasets/GHSL/uncompressed/builtup/R2023A/GHS_BUILT_S_E2020_GLOBE_R2023A_4326_3ss_V1_0.tif [1/1] : 0...10...20...30...40...50...60...70...80...90...100 - done.
ERROR 1: Output dataset /spatial_data/Derived_Datasets/RASTER/GHSL/R2023A/builtup_new/tiles_2020/builtup_tile_585.tif exists,
but some command line options were provided indicating a new dataset
should be created.  Please delete existing dataset and run again.

Creating output file that is 12000P x 12000L.
Processing /spatial_data/Original_Datasets/GHSL/uncompressed/builtup/R2023A/GHS_BUILT_S_E2020_GLOBE_R2023A_4326_3ss_V1_0.tif [1/1] : 0...10...20...30...40...50...60...70...80...90...100 - done.
Creating output file that is 12000P x 12000L.
Processing /spatial_data/Original_Datasets/GHSL/uncompressed/builtup/R2023A/GHS_BUILT_S_E2020_GLOBE_R2023A_4326_3ss_V1_0.tif [1/1] : 0...10...20...30...40...50...60...70...80...90...100 - done.
ERROR 1: Output dataset /spatial_data/Derived_Datasets/RASTER/GHSL/R2023A/builtup_new/tiles_2020/builtup_tile_586.tif exists,
but some command line options were provided indicating a new dataset
should be created.  Please delete existing dataset and run again.

Creating output file that is 12000P x 12000L.
Processing /spatial_data/Original_Datasets/GHSL/uncompressed/builtup/R2023A/GHS_BUILT_S_E2020_GLOBE_R2023A_4326_3ss_V1_0.tif [1/1] : 0...10...20...30...40...50...60...70...80...90...100 - done.
Creating output file that is 12000P x 12000L.
Processing /spatial_data/Original_Datasets/GHSL/uncompressed/builtup/R2023A/GHS_BUILT_S_E2020_GLOBE_R2023A_4326_3ss_V1_0.tif [1/1] : 0...10...20...30...40...50...60...70...80...90...100 - done.
ERROR 1: Output dataset /spatial_data/Derived_Datasets/RASTER/GHSL/R2023A/builtup_new/tiles_2020/builtup_tile_588.tif exists,
but some command line options were provided indicating a new dataset
should be created.  Please delete existing dataset and run again.

Creating output file that is 12000P x 12000L.
Processing /spatial_data/Original_Datasets/GHSL/uncompressed/builtup/R2023A/GHS_BUILT_S_E2020_GLOBE_R2023A_4326_3ss_V1_0.tif [1/1] : 0...10...20...30...40...50...60...70...80...90...100 - done.
Creating output file that is 12000P x 12000L.
Processing /spatial_data/Original_Datasets/GHSL/uncompressed/builtup/R2023A/GHS_BUILT_S_E2020_GLOBE_R2023A_4326_3ss_V1_0.tif [1/1] : 0...10...20...30...40...50...60...70...80...90...100 - done.
ERROR 1: Output dataset /spatial_data/Derived_Datasets/RASTER/GHSL/R2023A/builtup_new/tiles_2020/builtup_tile_589.tif exists,
but some command line options were provided indicating a new dataset
should be created.  Please delete existing dataset and run again.

Creating output file that is 12000P x 12000L.
Processing /spatial_data/Original_Datasets/GHSL/uncompressed/builtup/R2023A/GHS_BUILT_S_E2020_GLOBE_R2023A_4326_3ss_V1_0.tif [1/1] : 0...10...20...30...40...50...60...70...80...90...100 - done.
Creating output file that is 12000P x 12000L.
Processing /spatial_data/Original_Datasets/GHSL/uncompressed/builtup/R2023A/GHS_BUILT_S_E2020_GLOBE_R2023A_4326_3ss_V1_0.tif [1/1] : 0...10...20...30...40...50...60...70...80...90...100 - done.
ERROR 1: Output dataset /spatial_data/Derived_Datasets/RASTER/GHSL/R2023A/builtup_new/tiles_2020/builtup_tile_591.tif exists,
but some command line options were provided indicating a new dataset
should be created.  Please delete existing dataset and run again.

Creating output file that is 12000P x 12000L.
Processing /spatial_data/Original_Datasets/GHSL/uncompressed/builtup/R2023A/GHS_BUILT_S_E2020_GLOBE_R2023A_4326_3ss_V1_0.tif [1/1] : 0...10...20...30...40...50...60...70...80...90...100 - done.
Creating output file that is 12000P x 12000L.
Processing /spatial_data/Original_Datasets/GHSL/uncompressed/builtup/R2023A/GHS_BUILT_S_E2020_GLOBE_R2023A_4326_3ss_V1_0.tif [1/1] : 0...10...20...30...40...50...60...70...80...90...100 - done.
ERROR 1: Output dataset /spatial_data/Derived_Datasets/RASTER/GHSL/R2023A/builtup_new/tiles_2020/builtup_tile_592.tif exists,
but some command line options were provided indicating a new dataset
should be created.  Please delete existing dataset and run again.

Creating output file that is 12000P x 12000L.
Processing /spatial_data/Original_Datasets/GHSL/uncompressed/builtup/R2023A/GHS_BUILT_S_E2020_GLOBE_R2023A_4326_3ss_V1_0.tif [1/1] : 0...10...20...30...40...50...60...70...80...90...100 - done.
Creating output file that is 12000P x 12000L.
Processing /spatial_data/Original_Datasets/GHSL/uncompressed/builtup/R2023A/GHS_BUILT_S_E2020_GLOBE_R2023A_4326_3ss_V1_0.tif [1/1] : 0...10...20...30...40...50...60...70...80...90...100 - done.
ERROR 1: Output dataset /spatial_data/Derived_Datasets/RASTER/GHSL/R2023A/builtup_new/tiles_2020/builtup_tile_594.tif exists,
but some command line options were provided indicating a new dataset
should be created.  Please delete existing dataset and run again.

Creating output file that is 12000P x 12000L.
Processing /spatial_data/Original_Datasets/GHSL/uncompressed/builtup/R2023A/GHS_BUILT_S_E2020_GLOBE_R2023A_4326_3ss_V1_0.tif [1/1] : 0...10...20...30...40...50...60...70...80...90...100 - done.
ERROR 1: Output dataset /spatial_data/Derived_Datasets/RASTER/GHSL/R2023A/builtup_new/tiles_2020/builtup_tile_595.tif exists,
but some command line options were provided indicating a new dataset
should be created.  Please delete existing dataset and run again.

Creating output file that is 12000P x 12000L.
Processing /spatial_data/Original_Datasets/GHSL/uncompressed/builtup/R2023A/GHS_BUILT_S_E2020_GLOBE_R2023A_4326_3ss_V1_0.tif [1/1] : 0...10...20...30...40...50...60...70...80...90...100 - done.
ERROR 1: Output dataset /spatial_data/Derived_Datasets/RASTER/GHSL/R2023A/builtup_new/tiles_2020/builtup_tile_596.tif exists,
but some command line options were provided indicating a new dataset
should be created.  Please delete existing dataset and run again.

Creating output file that is 12000P x 12000L.
Processing /spatial_data/Original_Datasets/GHSL/uncompressed/builtup/R2023A/GHS_BUILT_S_E2020_GLOBE_R2023A_4326_3ss_V1_0.tif [1/1] : 0...10...20...30...40...50...60...70...80...90...100 - done.
Creating output file that is 12000P x 12000L.
Processing /spatial_data/Original_Datasets/GHSL/uncompressed/builtup/R2023A/GHS_BUILT_S_E2020_GLOBE_R2023A_4326_3ss_V1_0.tif [1/1] : 0...10...20...30...40...50...60...70...80...90...100 - done.
Creating output file that is 12000P x 12000L.
Processing /spatial_data/Original_Datasets/GHSL/uncompressed/builtup/R2023A/GHS_BUILT_S_E2020_GLOBE_R2023A_4326_3ss_V1_0.tif [1/1] : 0...10...20...30...40...50...60...70...80...90...100 - done.
ERROR 1: Output dataset /spatial_data/Derived_Datasets/RASTER/GHSL/R2023A/builtup_new/tiles_2020/builtup_tile_598.tif exists,
but some command line options were provided indicating a new dataset
should be created.  Please delete existing dataset and run again.

Creating output file that is 12000P x 12000L.
Processing /spatial_data/Original_Datasets/GHSL/uncompressed/builtup/R2023A/GHS_BUILT_S_E2020_GLOBE_R2023A_4326_3ss_V1_0.tif [1/1] : 0...10...20...30...40...50...60...70...80...90...100 - done.
ERROR 1: Output dataset /spatial_data/Derived_Datasets/RASTER/GHSL/R2023A/builtup_new/tiles_2020/builtup_tile_599.tif exists,
but some command line options were provided indicating a new dataset
should be created.  Please delete existing dataset and run again.

Creating output file that is 12000P x 12000L.
Processing /spatial_data/Original_Datasets/GHSL/uncompressed/builtup/R2023A/GHS_BUILT_S_E2020_GLOBE_R2023A_4326_3ss_V1_0.tif [1/1] : 0...10...20...30...40...50...60...70...80...90...100 - done.
Creating output file that is 12000P x 12000L.
Processing /spatial_data/Original_Datasets/GHSL/uncompressed/builtup/R2023A/GHS_BUILT_S_E2020_GLOBE_R2023A_4326_3ss_V1_0.tif [1/1] : 0...10...20...30...40...50...60...70...80...90...100 - done.
Creating output file that is 12000P x 12000L.
Processing /spatial_data/Original_Datasets/GHSL/uncompressed/builtup/R2023A/GHS_BUILT_S_E2020_GLOBE_R2023A_4326_3ss_V1_0.tif [1/1] : 0...10...20...30...40...50...60...70...80...90...100 - done.
ERROR 1: Output dataset /spatial_data/Derived_Datasets/RASTER/GHSL/R2023A/builtup_new/tiles_2020/builtup_tile_601.tif exists,
but some command line options were provided indicating a new dataset
should be created.  Please delete existing dataset and run again.

Creating output file that is 12000P x 12000L.
Processing /spatial_data/Original_Datasets/GHSL/uncompressed/builtup/R2023A/GHS_BUILT_S_E2020_GLOBE_R2023A_4326_3ss_V1_0.tif [1/1] : 0...10...20...30...40...50...60...70...80...90...100 - done.
Creating output file that is 12000P x 12000L.
Processing /spatial_data/Original_Datasets/GHSL/uncompressed/builtup/R2023A/GHS_BUILT_S_E2020_GLOBE_R2023A_4326_3ss_V1_0.tif [1/1] : 0...10...20...30...40...50...60...70...80...90...100 - done.
Creating output file that is 12000P x 12000L.
Processing /spatial_data/Original_Datasets/GHSL/uncompressed/builtup/R2023A/GHS_BUILT_S_E2020_GLOBE_R2023A_4326_3ss_V1_0.tif [1/1] : 0...10...20...30...40...50...60...70...80...90...100 - done.
ERROR 1: Output dataset /spatial_data/Derived_Datasets/RASTER/GHSL/R2023A/builtup_new/tiles_2020/builtup_tile_603.tif exists,
but some command line options were provided indicating a new dataset
should be created.  Please delete existing dataset and run again.

Creating output file that is 12000P x 12000L.
Processing /spatial_data/Original_Datasets/GHSL/uncompressed/builtup/R2023A/GHS_BUILT_S_E2020_GLOBE_R2023A_4326_3ss_V1_0.tif [1/1] : 0...10...20...30...40...50...60...70...80...90...100 - done.
ERROR 1: Output dataset /spatial_data/Derived_Datasets/RASTER/GHSL/R2023A/builtup_new/tiles_2020/builtup_tile_604.tif exists,
but some command line options were provided indicating a new dataset
should be created.  Please delete existing dataset and run again.

Creating output file that is 12000P x 12000L.
Processing /spatial_data/Original_Datasets/GHSL/uncompressed/builtup/R2023A/GHS_BUILT_S_E2020_GLOBE_R2023A_4326_3ss_V1_0.tif [1/1] : 0...10...20...30...40...50...60...70...80...90...100 - done.
Creating output file that is 12000P x 12000L.
Processing /spatial_data/Original_Datasets/GHSL/uncompressed/builtup/R2023A/GHS_BUILT_S_E2020_GLOBE_R2023A_4326_3ss_V1_0.tif [1/1] : 0...10...20...30...40...50...60...70...80...90...100 - done.
ERROR 1: Output dataset /spatial_data/Derived_Datasets/RASTER/GHSL/R2023A/builtup_new/tiles_2020/builtup_tile_605.tif exists,
but some command line options were provided indicating a new dataset
should be created.  Please delete existing dataset and run again.

Creating output file that is 12000P x 12000L.
Processing /spatial_data/Original_Datasets/GHSL/uncompressed/builtup/R2023A/GHS_BUILT_S_E2020_GLOBE_R2023A_4326_3ss_V1_0.tif [1/1] : 0...10...20...30...40...50...60...70...80...90...100 - done.
Creating output file that is 12000P x 12000L.
Processing /spatial_data/Original_Datasets/GHSL/uncompressed/builtup/R2023A/GHS_BUILT_S_E2020_GLOBE_R2023A_4326_3ss_V1_0.tif [1/1] : 0...10...20...30...40...50...60...70...80...90...100 - done.
ERROR 1: Output dataset /spatial_data/Derived_Datasets/RASTER/GHSL/R2023A/builtup_new/tiles_2020/builtup_tile_607.tif exists,
but some command line options were provided indicating a new dataset
should be created.  Please delete existing dataset and run again.

Creating output file that is 12000P x 12000L.
Processing /spatial_data/Original_Datasets/GHSL/uncompressed/builtup/R2023A/GHS_BUILT_S_E2020_GLOBE_R2023A_4326_3ss_V1_0.tif [1/1] : 0...10...20...30...40...50...60...70...80...90...100 - done.
Creating output file that is 12000P x 12000L.
Processing /spatial_data/Original_Datasets/GHSL/uncompressed/builtup/R2023A/GHS_BUILT_S_E2020_GLOBE_R2023A_4326_3ss_V1_0.tif [1/1] : 0...10...20...30...40...50...60...70...80...90...100 - done.
ERROR 1: Output dataset /spatial_data/Derived_Datasets/RASTER/GHSL/R2023A/builtup_new/tiles_2020/builtup_tile_608.tif exists,
but some command line options were provided indicating a new dataset
should be created.  Please delete existing dataset and run again.

Creating output file that is 12000P x 12000L.
Processing /spatial_data/Original_Datasets/GHSL/uncompressed/builtup/R2023A/GHS_BUILT_S_E2020_GLOBE_R2023A_4326_3ss_V1_0.tif [1/1] : 0...10...20...30...40...50...60...70...80...90...100 - done.
Creating output file that is 12000P x 12000L.
Processing /spatial_data/Original_Datasets/GHSL/uncompressed/builtup/R2023A/GHS_BUILT_S_E2020_GLOBE_R2023A_4326_3ss_V1_0.tif [1/1] : 0...10...20...30...40...50...60...70...80...90...100 - done.
ERROR 1: Output dataset /spatial_data/Derived_Datasets/RASTER/GHSL/R2023A/builtup_new/tiles_2020/builtup_tile_610.tif exists,
but some command line options were provided indicating a new dataset
should be created.  Please delete existing dataset and run again.

Creating output file that is 12000P x 12000L.
Processing /spatial_data/Original_Datasets/GHSL/uncompressed/builtup/R2023A/GHS_BUILT_S_E2020_GLOBE_R2023A_4326_3ss_V1_0.tif [1/1] : 0...10...20...30...40...50...60...70...80...90...100 - done.
ERROR 1: Output dataset /spatial_data/Derived_Datasets/RASTER/GHSL/R2023A/builtup_new/tiles_2020/builtup_tile_611.tif exists,
but some command line options were provided indicating a new dataset
should be created.  Please delete existing dataset and run again.

Creating output file that is 12000P x 12000L.
Processing /spatial_data/Original_Datasets/GHSL/uncompressed/builtup/R2023A/GHS_BUILT_S_E2020_GLOBE_R2023A_4326_3ss_V1_0.tif [1/1] : 0...10...20...30...40...50...60...70...80...90...100 - done.
Creating output file that is 12000P x 12000L.
Processing /spatial_data/Original_Datasets/GHSL/uncompressed/builtup/R2023A/GHS_BUILT_S_E2020_GLOBE_R2023A_4326_3ss_V1_0.tif [1/1] : 0...10...20...30...40...50...60...70...80...90...100 - done.
Creating output file that is 12000P x 12000L.
Processing /spatial_data/Original_Datasets/GHSL/uncompressed/builtup/R2023A/GHS_BUILT_S_E2020_GLOBE_R2023A_4326_3ss_V1_0.tif [1/1] : 0...10...20...30...40...50...60...70...80...90...100 - done.
ERROR 1: Output dataset /spatial_data/Derived_Datasets/RASTER/GHSL/R2023A/builtup_new/tiles_2020/builtup_tile_613.tif exists,
but some command line options were provided indicating a new dataset
should be created.  Please delete existing dataset and run again.

Creating output file that is 12000P x 12000L.
Processing /spatial_data/Original_Datasets/GHSL/uncompressed/builtup/R2023A/GHS_BUILT_S_E2020_GLOBE_R2023A_4326_3ss_V1_0.tif [1/1] : 0...10...20...30...40...50...60...70...80...90...100 - done.
Creating output file that is 12000P x 12000L.
Processing /spatial_data/Original_Datasets/GHSL/uncompressed/builtup/R2023A/GHS_BUILT_S_E2020_GLOBE_R2023A_4326_3ss_V1_0.tif [1/1] : 0...10...20...30...40...50...60...70...80...90...100 - done.
ERROR 1: Output dataset /spatial_data/Derived_Datasets/RASTER/GHSL/R2023A/builtup_new/tiles_2020/builtup_tile_614.tif exists,
but some command line options were provided indicating a new dataset
should be created.  Please delete existing dataset and run again.

Creating output file that is 12000P x 12000L.
Processing /spatial_data/Original_Datasets/GHSL/uncompressed/builtup/R2023A/GHS_BUILT_S_E2020_GLOBE_R2023A_4326_3ss_V1_0.tif [1/1] : 0...10...20...30...40...50...60...70...80...90...100 - done.
Creating output file that is 12000P x 12000L.
Processing /spatial_data/Original_Datasets/GHSL/uncompressed/builtup/R2023A/GHS_BUILT_S_E2020_GLOBE_R2023A_4326_3ss_V1_0.tif [1/1] : 0...10...20...30...40...50...60...70...80...90...100 - done.
ERROR 1: Output dataset /spatial_data/Derived_Datasets/RASTER/GHSL/R2023A/builtup_new/tiles_2020/builtup_tile_616.tif exists,
but some command line options were provided indicating a new dataset
should be created.  Please delete existing dataset and run again.

Creating output file that is 12000P x 12000L.
Processing /spatial_data/Original_Datasets/GHSL/uncompressed/builtup/R2023A/GHS_BUILT_S_E2020_GLOBE_R2023A_4326_3ss_V1_0.tif [1/1] : 0...10...20...30...40...50...60...70...80...90...100 - done.
Creating output file that is 12000P x 12000L.
Processing /spatial_data/Original_Datasets/GHSL/uncompressed/builtup/R2023A/GHS_BUILT_S_E2020_GLOBE_R2023A_4326_3ss_V1_0.tif [1/1] : 0...10...20...30...40...50...60...70...80...90...100 - done.
ERROR 1: Output dataset /spatial_data/Derived_Datasets/RASTER/GHSL/R2023A/builtup_new/tiles_2020/builtup_tile_617.tif exists,
but some command line options were provided indicating a new dataset
should be created.  Please delete existing dataset and run again.

Creating output file that is 12000P x 12000L.
Processing /spatial_data/Original_Datasets/GHSL/uncompressed/builtup/R2023A/GHS_BUILT_S_E2020_GLOBE_R2023A_4326_3ss_V1_0.tif [1/1] : 0...10...20...30...40...50...60...70...80...90...100 - done.
Creating output file that is 12000P x 12000L.
Processing /spatial_data/Original_Datasets/GHSL/uncompressed/builtup/R2023A/GHS_BUILT_S_E2020_GLOBE_R2023A_4326_3ss_V1_0.tif [1/1] : 0...10...20...30...40...50...60...70...80...90...100 - done.
ERROR 1: Output dataset /spatial_data/Derived_Datasets/RASTER/GHSL/R2023A/builtup_new/tiles_2020/builtup_tile_619.tif exists,
but some command line options were provided indicating a new dataset
should be created.  Please delete existing dataset and run again.

Creating output file that is 12000P x 12000L.
Processing /spatial_data/Original_Datasets/GHSL/uncompressed/builtup/R2023A/GHS_BUILT_S_E2020_GLOBE_R2023A_4326_3ss_V1_0.tif [1/1] : 0...10...20...30...40...50...60...70...80...90...100 - done.
Creating output file that is 12000P x 12000L.
Processing /spatial_data/Original_Datasets/GHSL/uncompressed/builtup/R2023A/GHS_BUILT_S_E2020_GLOBE_R2023A_4326_3ss_V1_0.tif [1/1] : 0...10...20...30...40...50...60...70...80...90...100 - done.
Creating output file that is 12000P x 12000L.
Processing /spatial_data/Original_Datasets/GHSL/uncompressed/builtup/R2023A/GHS_BUILT_S_E2020_GLOBE_R2023A_4326_3ss_V1_0.tif [1/1] : 0...10...20...30...40...50...60...70...80...90...100 - done.
ERROR 1: Output dataset /spatial_data/Derived_Datasets/RASTER/GHSL/R2023A/builtup_new/tiles_2020/builtup_tile_621.tif exists,
but some command line options were provided indicating a new dataset
should be created.  Please delete existing dataset and run again.

Creating output file that is 12000P x 12000L.
Processing /spatial_data/Original_Datasets/GHSL/uncompressed/builtup/R2023A/GHS_BUILT_S_E2020_GLOBE_R2023A_4326_3ss_V1_0.tif [1/1] : 0...10...20...30...40...50...60...70...80...90...100 - done.
ERROR 1: Output dataset /spatial_data/Derived_Datasets/RASTER/GHSL/R2023A/builtup_new/tiles_2020/builtup_tile_622.tif exists,
but some command line options were provided indicating a new dataset
should be created.  Please delete existing dataset and run again.

Creating output file that is 12000P x 12000L.
Processing /spatial_data/Original_Datasets/GHSL/uncompressed/builtup/R2023A/GHS_BUILT_S_E2020_GLOBE_R2023A_4326_3ss_V1_0.tif [1/1] : 0...10...20...30...40...50...60...70...80...90...100 - done.
Creating output file that is 12000P x 12000L.
Processing /spatial_data/Original_Datasets/GHSL/uncompressed/builtup/R2023A/GHS_BUILT_S_E2020_GLOBE_R2023A_4326_3ss_V1_0.tif [1/1] : 0...10...20...30...40...50...60...70...80...90...100 - done.
Creating output file that is 12000P x 12000L.
Processing /spatial_data/Original_Datasets/GHSL/uncompressed/builtup/R2023A/GHS_BUILT_S_E2020_GLOBE_R2023A_4326_3ss_V1_0.tif [1/1] : 0...10...20...30...40...50...60...70...80...90...100 - done.
ERROR 1: Output dataset /spatial_data/Derived_Datasets/RASTER/GHSL/R2023A/builtup_new/tiles_2020/builtup_tile_624.tif exists,
but some command line options were provided indicating a new dataset
should be created.  Please delete existing dataset and run again.

Creating output file that is 12000P x 12000L.
Processing /spatial_data/Original_Datasets/GHSL/uncompressed/builtup/R2023A/GHS_BUILT_S_E2020_GLOBE_R2023A_4326_3ss_V1_0.tif [1/1] : 0...10...20...30...40...50...60...70...80...90...100 - done.
ERROR 1: Output dataset /spatial_data/Derived_Datasets/RASTER/GHSL/R2023A/builtup_new/tiles_2020/builtup_tile_625.tif exists,
but some command line options were provided indicating a new dataset
should be created.  Please delete existing dataset and run again.

Creating output file that is 12000P x 12000L.
Processing /spatial_data/Original_Datasets/GHSL/uncompressed/builtup/R2023A/GHS_BUILT_S_E2020_GLOBE_R2023A_4326_3ss_V1_0.tif [1/1] : 0...10...20...30...40...50...60...70...80...90...100 - done.
Creating output file that is 12000P x 12000L.
Processing /spatial_data/Original_Datasets/GHSL/uncompressed/builtup/R2023A/GHS_BUILT_S_E2020_GLOBE_R2023A_4326_3ss_V1_0.tif [1/1] : 0...10...20...30...40...50...60...70...80...90...100 - done.
Creating output file that is 12000P x 12000L.
Processing /spatial_data/Original_Datasets/GHSL/uncompressed/builtup/R2023A/GHS_BUILT_S_E2020_GLOBE_R2023A_4326_3ss_V1_0.tif [1/1] : 0...10...20...30...40...50...60...70...80...90...100 - done.
ERROR 1: Output dataset /spatial_data/Derived_Datasets/RASTER/GHSL/R2023A/builtup_new/tiles_2020/builtup_tile_627.tif exists,
but some command line options were provided indicating a new dataset
should be created.  Please delete existing dataset and run again.

Creating output file that is 12000P x 12000L.
Processing /spatial_data/Original_Datasets/GHSL/uncompressed/builtup/R2023A/GHS_BUILT_S_E2020_GLOBE_R2023A_4326_3ss_V1_0.tif [1/1] : 0...10...20...30...40...50...60...70...80...90...100 - done.
Creating output file that is 12000P x 12000L.
Processing /spatial_data/Original_Datasets/GHSL/uncompressed/builtup/R2023A/GHS_BUILT_S_E2020_GLOBE_R2023A_4326_3ss_V1_0.tif [1/1] : 0...10...20...30...40...50...60...70...80...90...100 - done.
ERROR 1: Output dataset /spatial_data/Derived_Datasets/RASTER/GHSL/R2023A/builtup_new/tiles_2020/builtup_tile_628.tif exists,
but some command line options were provided indicating a new dataset
should be created.  Please delete existing dataset and run again.

Creating output file that is 12000P x 12000L.
Processing /spatial_data/Original_Datasets/GHSL/uncompressed/builtup/R2023A/GHS_BUILT_S_E2020_GLOBE_R2023A_4326_3ss_V1_0.tif [1/1] : 0...10...20...30...40...50...60...70...80...90...100 - done.
Creating output file that is 12000P x 12000L.
Processing /spatial_data/Original_Datasets/GHSL/uncompressed/builtup/R2023A/GHS_BUILT_S_E2020_GLOBE_R2023A_4326_3ss_V1_0.tif [1/1] : 0...10...20...30...40...50...60...70...80...90...100 - done.
ERROR 1: Output dataset /spatial_data/Derived_Datasets/RASTER/GHSL/R2023A/builtup_new/tiles_2020/builtup_tile_630.tif exists,
but some command line options were provided indicating a new dataset
should be created.  Please delete existing dataset and run again.

Creating output file that is 12000P x 12000L.
Processing /spatial_data/Original_Datasets/GHSL/uncompressed/builtup/R2023A/GHS_BUILT_S_E2020_GLOBE_R2023A_4326_3ss_V1_0.tif [1/1] : 0...10...20...30...40...50...60...70...80...90...100 - done.
Creating output file that is 12000P x 12000L.
Processing /spatial_data/Original_Datasets/GHSL/uncompressed/builtup/R2023A/GHS_BUILT_S_E2020_GLOBE_R2023A_4326_3ss_V1_0.tif [1/1] : 0...10...20...30...40...50...60...70...80...90...100 - done.
ERROR 1: Output dataset /spatial_data/Derived_Datasets/RASTER/GHSL/R2023A/builtup_new/tiles_2020/builtup_tile_631.tif exists,
but some command line options were provided indicating a new dataset
should be created.  Please delete existing dataset and run again.

Creating output file that is 12000P x 12000L.
Processing /spatial_data/Original_Datasets/GHSL/uncompressed/builtup/R2023A/GHS_BUILT_S_E2020_GLOBE_R2023A_4326_3ss_V1_0.tif [1/1] : 0...10...20...30...40...50...60...70...80...90...100 - done.
Creating output file that is 12000P x 12000L.
Processing /spatial_data/Original_Datasets/GHSL/uncompressed/builtup/R2023A/GHS_BUILT_S_E2020_GLOBE_R2023A_4326_3ss_V1_0.tif [1/1] : 0...10...20...30...40...50...60...70...80...90...100 - done.
ERROR 1: Output dataset /spatial_data/Derived_Datasets/RASTER/GHSL/R2023A/builtup_new/tiles_2020/builtup_tile_633.tif exists,
but some command line options were provided indicating a new dataset
should be created.  Please delete existing dataset and run again.

Creating output file that is 12000P x 12000L.
Processing /spatial_data/Original_Datasets/GHSL/uncompressed/builtup/R2023A/GHS_BUILT_S_E2020_GLOBE_R2023A_4326_3ss_V1_0.tif [1/1] : 0...10...20...30...40...50...60...70...80...90...100 - done.
ERROR 1: Output dataset /spatial_data/Derived_Datasets/RASTER/GHSL/R2023A/builtup_new/tiles_2020/builtup_tile_634.tif exists,
but some command line options were provided indicating a new dataset
should be created.  Please delete existing dataset and run again.

Creating output file that is 12000P x 12000L.
Processing /spatial_data/Original_Datasets/GHSL/uncompressed/builtup/R2023A/GHS_BUILT_S_E2020_GLOBE_R2023A_4326_3ss_V1_0.tif [1/1] : 0...10...20...30...40...50...60...70...80...90...100 - done.
Creating output file that is 12000P x 12000L.
Processing /spatial_data/Original_Datasets/GHSL/uncompressed/builtup/R2023A/GHS_BUILT_S_E2020_GLOBE_R2023A_4326_3ss_V1_0.tif [1/1] : 0...10...20...30...40...50...60...70...80...90...100 - done.
Creating output file that is 12000P x 12000L.
Processing /spatial_data/Original_Datasets/GHSL/uncompressed/builtup/R2023A/GHS_BUILT_S_E2020_GLOBE_R2023A_4326_3ss_V1_0.tif [1/1] : 0...10...20...30...40...50...60...70...80...90...100 - done.
ERROR 1: Output dataset /spatial_data/Derived_Datasets/RASTER/GHSL/R2023A/builtup_new/tiles_2020/builtup_tile_636.tif exists,
but some command line options were provided indicating a new dataset
should be created.  Please delete existing dataset and run again.

Creating output file that is 12000P x 12000L.
Processing /spatial_data/Original_Datasets/GHSL/uncompressed/builtup/R2023A/GHS_BUILT_S_E2020_GLOBE_R2023A_4326_3ss_V1_0.tif [1/1] : 0...10...20...30...40...50...60...70...80...90...100 - done.
ERROR 1: Output dataset /spatial_data/Derived_Datasets/RASTER/GHSL/R2023A/builtup_new/tiles_2020/builtup_tile_637.tif exists,
but some command line options were provided indicating a new dataset
should be created.  Please delete existing dataset and run again.

Creating output file that is 12000P x 12000L.
Processing /spatial_data/Original_Datasets/GHSL/uncompressed/builtup/R2023A/GHS_BUILT_S_E2020_GLOBE_R2023A_4326_3ss_V1_0.tif [1/1] : 0...10...20...30...40...50...60...70...80...90...100 - done.
Creating output file that is 12000P x 12000L.
Processing /spatial_data/Original_Datasets/GHSL/uncompressed/builtup/R2023A/GHS_BUILT_S_E2020_GLOBE_R2023A_4326_3ss_V1_0.tif [1/1] : 0...10...20...30...40...50...60...70...80...90...100 - done.
Creating output file that is 12000P x 12000L.
Processing /spatial_data/Original_Datasets/GHSL/uncompressed/builtup/R2023A/GHS_BUILT_S_E2020_GLOBE_R2023A_4326_3ss_V1_0.tif [1/1] : 0...10...20...30...40...50...60...70...80...90...100 - done.
ERROR 1: Output dataset /spatial_data/Derived_Datasets/RASTER/GHSL/R2023A/builtup_new/tiles_2020/builtup_tile_639.tif exists,
but some command line options were provided indicating a new dataset
should be created.  Please delete existing dataset and run again.

Creating output file that is 12000P x 12000L.
Processing /spatial_data/Original_Datasets/GHSL/uncompressed/builtup/R2023A/GHS_BUILT_S_E2020_GLOBE_R2023A_4326_3ss_V1_0.tif [1/1] : 0...10...20...30...40...50...60...70...80...90...100 - done.
ERROR 1: Output dataset /spatial_data/Derived_Datasets/RASTER/GHSL/R2023A/builtup_new/tiles_2020/builtup_tile_640.tif exists,
but some command line options were provided indicating a new dataset
should be created.  Please delete existing dataset and run again.

Creating output file that is 12000P x 12000L.
Processing /spatial_data/Original_Datasets/GHSL/uncompressed/builtup/R2023A/GHS_BUILT_S_E2020_GLOBE_R2023A_4326_3ss_V1_0.tif [1/1] : 0...10...20...30...40...50...60...70...80...90...100 - done.
Creating output file that is 12000P x 12000L.
Processing /spatial_data/Original_Datasets/GHSL/uncompressed/builtup/R2023A/GHS_BUILT_S_E2020_GLOBE_R2023A_4326_3ss_V1_0.tif [1/1] : 0...10...20...30...40...50...60...70...80...90...100 - done.
ERROR 1: Output dataset /spatial_data/Derived_Datasets/RASTER/GHSL/R2023A/builtup_new/tiles_2020/builtup_tile_641.tif exists,
but some command line options were provided indicating a new dataset
should be created.  Please delete existing dataset and run again.

Creating output file that is 12000P x 12000L.
Processing /spatial_data/Original_Datasets/GHSL/uncompressed/builtup/R2023A/GHS_BUILT_S_E2020_GLOBE_R2023A_4326_3ss_V1_0.tif [1/1] : 0...10...20...30...40...50...60...70...80...90...100 - done.
Creating output file that is 12000P x 12000L.
Processing /spatial_data/Original_Datasets/GHSL/uncompressed/builtup/R2023A/GHS_BUILT_S_E2020_GLOBE_R2023A_4326_3ss_V1_0.tif [1/1] : 0...10...20...30...40...50...60...70...80...90...100 - done.
ERROR 1: Output dataset /spatial_data/Derived_Datasets/RASTER/GHSL/R2023A/builtup_new/tiles_2020/builtup_tile_643.tif exists,
but some command line options were provided indicating a new dataset
should be created.  Please delete existing dataset and run again.

Creating output file that is 12000P x 12000L.
Processing /spatial_data/Original_Datasets/GHSL/uncompressed/builtup/R2023A/GHS_BUILT_S_E2020_GLOBE_R2023A_4326_3ss_V1_0.tif [1/1] : 0...10...20...30...40...50...60...70...80...90...100 - done.
ERROR 1: Output dataset /spatial_data/Derived_Datasets/RASTER/GHSL/R2023A/builtup_new/tiles_2020/builtup_tile_644.tif exists,
but some command line options were provided indicating a new dataset
should be created.  Please delete existing dataset and run again.

Creating output file that is 12000P x 12000L.
Processing /spatial_data/Original_Datasets/GHSL/uncompressed/builtup/R2023A/GHS_BUILT_S_E2020_GLOBE_R2023A_4326_3ss_V1_0.tif [1/1] : 0...10...20...30...40...50...60...70...80...90...100 - done.
Creating output file that is 12000P x 12000L.
Processing /spatial_data/Original_Datasets/GHSL/uncompressed/builtup/R2023A/GHS_BUILT_S_E2020_GLOBE_R2023A_4326_3ss_V1_0.tif [1/1] : 0...10...20...30...40...50...60...70...80...90...100 - done.
Creating output file that is 12000P x 12000L.
Processing /spatial_data/Original_Datasets/GHSL/uncompressed/builtup/R2023A/GHS_BUILT_S_E2020_GLOBE_R2023A_4326_3ss_V1_0.tif [1/1] : 0...10...20...30...40...50...60...70...80...90...100 - done.
ERROR 1: Output dataset /spatial_data/Derived_Datasets/RASTER/GHSL/R2023A/builtup_new/tiles_2020/builtup_tile_646.tif exists,
but some command line options were provided indicating a new dataset
should be created.  Please delete existing dataset and run again.

Creating output file that is 12000P x 12000L.
Processing /spatial_data/Original_Datasets/GHSL/uncompressed/builtup/R2023A/GHS_BUILT_S_E2020_GLOBE_R2023A_4326_3ss_V1_0.tif [1/1] : 0...10...20...30...40...50...60...70...80...90...100 - done.
Creating output file that is 12000P x 12000L.
Processing /spatial_data/Original_Datasets/GHSL/uncompressed/builtup/R2023A/GHS_BUILT_S_E2020_GLOBE_R2023A_4326_3ss_V1_0.tif [1/1] : 0...10...20...30...40...50...60...70...80...90...100 - done.
ERROR 1: Output dataset /spatial_data/Derived_Datasets/RASTER/GHSL/R2023A/builtup_new/tiles_2020/builtup_tile_647.tif exists,
but some command line options were provided indicating a new dataset
should be created.  Please delete existing dataset and run again.

Creating output file that is 12000P x 12000L.
Processing /spatial_data/Original_Datasets/GHSL/uncompressed/builtup/R2023A/GHS_BUILT_S_E2020_GLOBE_R2023A_4326_3ss_V1_0.tif [1/1] : 0...10...20...30...40...50...60...70...80...90...100 - done.
Creating output file that is 12000P x 12000L.
Processing /spatial_data/Original_Datasets/GHSL/uncompressed/builtup/R2023A/GHS_BUILT_S_E2020_GLOBE_R2023A_4326_3ss_V1_0.tif [1/1] : 0...10...20...30...40...50...60...70...80...90...100 - done.
Creating output file that is 12000P x 12000L.
Processing /spatial_data/Original_Datasets/GHSL/uncompressed/builtup/R2023A/GHS_BUILT_S_E2020_GLOBE_R2023A_4326_3ss_V1_0.tif [1/1] : 0...10...20...30...40...50...60...70...80...90...100 - done.
Creating output file that is 12000P x 12000L.
Processing /spatial_data/Original_Datasets/GHSL/uncompressed/builtup/R2023A/GHS_BUILT_S_E2020_GLOBE_R2023A_4326_3ss_V1_0.tif [1/1] : 0...10...20...30...40...50...60...70...80...90...100 - done.
---------------------------------------------------------------------------------------
Script make_eidgrid_tiles_ll_r2023a.sh ended at Fri Oct 31 12:54:36 PM CET 2025
---------------------------------------------------------------------------------------
Tiling done in 16 minutes
---------------------------------------------------------------------------------------
